{"textures":{"0":"modelengine:entity/deadbeard3"},"elements":[{"from":[4.532737,0.54362106,4.590904],"to":[11.389879,10.829336,11.448048],"rotation":{"angle":0.0,"axis":"y","origin":[7.3898797,0.54362106,16.590904]},"faces":{"east":{"uv":[14.5,6.75,16.0,9.0],"rotation":0,"texture":"#0","tintindex":0},"south":{"uv":[14.5,2.25,16.0,4.5],"rotation":0,"texture":"#0","tintindex":0},"north":{"uv":[14.5,0.0,16.0,2.25],"rotation":0,"texture":"#0","tintindex":0},"west":{"uv":[14.5,4.5,16.0,6.75],"rotation":0,"texture":"#0","tintindex":0},"up":{"uv":[14.5,9.0,16.0,10.5],"rotation":0,"texture":"#0","tintindex":0},"down":{"uv":[14.5,10.5,16.0,12.0],"rotation":0,"texture":"#0","tintindex":0}}}],"display":{"head":{"translation":[0.0,-6.4,0.0],"scale":[4.0,4.0,4.0]}}}