{"textures":{"0":"modelengine:entity/snow"},"elements":[{"from":[5.714286,6.285714,6.857143],"to":[6.857143,8.0,8.0],"rotation":{"angle":0.0,"axis":"y","origin":[7.428571,6.285714,6.285714]},"faces":{"east":{"uv":[14.0,3.0,16.0,6.0],"rotation":0,"texture":"#0","tintindex":0},"south":{"uv":[12.0,4.0,14.0,6.5],"rotation":0,"texture":"#0","tintindex":0},"north":{"uv":[14.0,6.0,16.0,9.0],"rotation":0,"texture":"#0","tintindex":0},"west":{"uv":[10.0,3.0,12.0,6.0],"rotation":0,"texture":"#0","tintindex":0},"up":{"uv":[12.0,9.0,10.0,7.0],"rotation":0,"texture":"#0","tintindex":0},"down":{"uv":[14.0,7.0,12.0,9.0],"rotation":0,"texture":"#0","tintindex":0}}},{"from":[7.428571,6.285714,6.857143],"to":[8.571428,8.0,8.0],"rotation":{"angle":0.0,"axis":"y","origin":[6.857143,6.285714,6.285714]},"faces":{"east":{"uv":[2.0,0.0,4.0,3.0],"rotation":0,"texture":"#0","tintindex":0},"south":{"uv":[2.0,3.0,4.0,6.0],"rotation":0,"texture":"#0","tintindex":0},"north":{"uv":[0.0,3.0,2.0,6.0],"rotation":0,"texture":"#0","tintindex":0},"west":{"uv":[4.0,3.0,6.0,6.0],"rotation":0,"texture":"#0","tintindex":0},"up":{"uv":[2.0,3.0,0.0,0.0],"rotation":0,"texture":"#0","tintindex":0},"down":{"uv":[6.0,0.0,4.0,2.0],"rotation":0,"texture":"#0","tintindex":0}}}],"display":{"head":{"translation":[0.0,-6.4,0.0],"scale":[4.0,4.0,4.0]}}}