{"textures":{"0":"modelengine:entity/dragon"},"elements":[{"from":[-16.0,8.012835,0.0],"to":[16.000002,8.012835,32.0],"rotation":{"angle":0.0,"axis":"y","origin":[45.69196,3.5470595,26.913952]},"faces":{"east":{"uv":[-3.5,12.5,0.0,12.5],"rotation":0,"texture":"#0","tintindex":0},"south":{"uv":[7.0,12.5,10.5,12.5],"rotation":0,"texture":"#0","tintindex":0},"north":{"uv":[7.25,8.75,10.75,9.0],"rotation":0,"texture":"#0","tintindex":0},"west":{"uv":[3.5,12.5,7.0,12.5],"rotation":0,"texture":"#0","tintindex":0},"up":{"uv":[7.0,12.5,3.5,9.0],"rotation":0,"texture":"#0","tintindex":0},"down":{"uv":[7.0,9.0,3.5,12.5],"rotation":0,"texture":"#0","tintindex":0}}}],"display":{"head":{"translation":[-32.86473,-6.4,31.689072],"scale":[4.0,4.0,4.0]}}}