{"textures":{"0":"modelengine:entity/dragon"},"elements":[{"name":"bone5","from":[-11.822747,18.865814,7.9405103],"to":[5.5772533,18.865814,24.14051],"rotation":{"angle":0.0,"axis":"x","origin":[23.733334,6.70889,-0.66666436]},"faces":{"down":{"uv":[3.5,5.5,5.3125,7.1875],"rotation":0,"texture":"#0","tintindex":0},"east":{"uv":[5.1875,7.1875,3.5,7.1875],"rotation":0,"texture":"#0","tintindex":0},"north":{"uv":[3.5,7.1875,1.6875,7.1875],"rotation":0,"texture":"#0","tintindex":0},"south":{"uv":[7.0,7.1875,5.1875,7.1875],"rotation":0,"texture":"#0","tintindex":0},"up":{"uv":[1.6875,7.1875,3.5,5.5],"rotation":0,"texture":"#0","tintindex":0},"west":{"uv":[1.6875,7.1875,0.0,7.1875],"rotation":0,"texture":"#0","tintindex":0}}}],"display":{"head":{"translation":[0.0,-6.4,0.0],"rotation":[0.0,0.0,0.0],"scale":[3.8095,3.8095,3.8095]}}}