{"textures":{"0":"modelengine:entity/dragon"},"elements":[{"name":"front_foot","from":[5.6,5.6,0.7999997],"to":[10.4,8.0,10.4],"rotation":{"angle":0.0,"axis":"x","origin":[15.2,32.0,6.8]},"faces":{"down":{"uv":[10.5,6.5,11.0,7.5],"rotation":0,"texture":"#0","tintindex":0},"east":{"uv":[11.5,7.5,10.5,7.75],"rotation":0,"texture":"#0","tintindex":0},"north":{"uv":[10.5,7.5,10.0,7.75],"rotation":0,"texture":"#0","tintindex":0},"south":{"uv":[12.0,7.5,11.5,7.75],"rotation":0,"texture":"#0","tintindex":0},"up":{"uv":[10.0,7.5,10.5,6.5],"rotation":0,"texture":"#0","tintindex":0},"west":{"uv":[10.0,7.5,9.0,7.75],"rotation":0,"texture":"#0","tintindex":0}}}],"display":{"head":{"translation":[0.0,-6.4,0.0],"rotation":[0.0,0.0,0.0],"scale":[3.8095,3.8095,3.8095]}}}