{"textures":{"0":"modelengine:entity/dragon"},"elements":[{"name":"front_leg_tip","from":[6.2,-5.8,6.2],"to":[9.8,8.6,9.8],"rotation":{"angle":0.0,"axis":"x","origin":[15.2,18.2,6.8]},"faces":{"down":{"uv":[14.875,8.625,15.25,9.0],"rotation":0,"texture":"#0","tintindex":0},"east":{"uv":[15.25,9.0,14.875,10.5],"rotation":0,"texture":"#0","tintindex":0},"north":{"uv":[14.875,9.0,14.5,10.5],"rotation":0,"texture":"#0","tintindex":0},"south":{"uv":[15.625,9.0,15.25,10.5],"rotation":0,"texture":"#0","tintindex":0},"up":{"uv":[14.5,9.0,14.875,8.625],"rotation":0,"texture":"#0","tintindex":0},"west":{"uv":[14.5,9.0,14.125,10.5],"rotation":0,"texture":"#0","tintindex":0}}}],"display":{"head":{"translation":[0.0,-6.4,0.0],"rotation":[0.0,0.0,0.0],"scale":[3.8095,3.8095,3.8095]}}}