{"textures":{"0":"modelengine:entity/dragon"},"elements":[{"name":"front_leg","from":[5.6,-4.0000005,5.6],"to":[10.4,10.4,10.4],"rotation":{"angle":0.0,"axis":"x","origin":[15.2,5.6,6.8]},"faces":{"down":{"uv":[8.0,6.5,8.5,7.0],"rotation":0,"texture":"#0","tintindex":0},"east":{"uv":[8.5,7.0,8.0,8.5],"rotation":0,"texture":"#0","tintindex":0},"north":{"uv":[8.0,7.0,7.5,8.5],"rotation":0,"texture":"#0","tintindex":0},"south":{"uv":[9.0,7.0,8.5,8.5],"rotation":0,"texture":"#0","tintindex":0},"up":{"uv":[7.5,7.0,8.0,6.5],"rotation":0,"texture":"#0","tintindex":0},"west":{"uv":[7.5,7.0,7.0,8.5],"rotation":0,"texture":"#0","tintindex":0}}}],"display":{"head":{"translation":[0.0,-6.4,0.0],"rotation":[0.0,0.0,0.0],"scale":[3.8095,3.8095,3.8095]}}}