{"textures":{"0":"modelengine:entity/dragon"},"elements":[{"name":"wing_sub_2","from":[-16.0,8.013472,-1.6000018],"to":[17.600002,8.013472,32.0],"rotation":{"angle":0.0,"axis":"x","origin":[48.776558,3.324411,26.659649]},"faces":{"down":{"uv":[7.0,9.0,3.5,12.5],"rotation":0,"texture":"#0","tintindex":0},"east":{"uv":[-3.5,12.5,0.0,12.5],"rotation":0,"texture":"#0","tintindex":0},"north":{"uv":[7.25,8.75,10.75,9.0],"rotation":0,"texture":"#0","tintindex":0},"south":{"uv":[7.0,12.5,10.5,12.5],"rotation":0,"texture":"#0","tintindex":0},"up":{"uv":[7.0,12.5,3.5,9.0],"rotation":0,"texture":"#0","tintindex":0},"west":{"uv":[3.5,12.5,7.0,12.5],"rotation":0,"texture":"#0","tintindex":0}}}],"display":{"head":{"translation":[-36.68744,-6.4,35.535297],"rotation":[0.0,0.0,0.0],"scale":[3.8095,3.8095,3.8095]}}}