{"textures":{"0":"modelengine:entity/dragon"},"elements":[{"name":"wing_sub_6","from":[-1.6000018,8.369232,-1.5999985],"to":[32.0,8.369232,32.0],"rotation":{"angle":0.0,"axis":"x","origin":[-1.5111132,8.369232,-1.5111084]},"faces":{"down":{"uv":[7.0,5.5,3.5,9.0],"rotation":0,"texture":"#0","tintindex":0},"east":{"uv":[-3.5,9.0,0.0,9.0],"rotation":0,"texture":"#0","tintindex":0},"north":{"uv":[7.25,8.75,10.75,9.0],"rotation":0,"texture":"#0","tintindex":0},"south":{"uv":[7.0,9.0,10.5,9.0],"rotation":0,"texture":"#0","tintindex":0},"up":{"uv":[7.0,9.0,3.5,5.5],"rotation":0,"texture":"#0","tintindex":0},"west":{"uv":[3.5,9.0,7.0,9.0],"rotation":0,"texture":"#0","tintindex":0}}}],"display":{"head":{"translation":[35.381645,-6.4,36.391697],"rotation":[0.0,0.0,0.0],"scale":[3.8095,3.8095,3.8095]}}}