{"textures":{"0":"modelengine:entity/dragon"},"elements":[{"from":[-8.179663,8.7471075,6.89814],"to":[8.391766,8.7471075,22.326712],"rotation":{"angle":0.0,"axis":"y","origin":[-5.4122763,1.1021624,16.881283]},"faces":{"east":{"uv":[5.1875,7.1875,3.5,7.1875],"rotation":0,"texture":"#0","tintindex":0},"south":{"uv":[7.0,7.1875,5.1875,7.1875],"rotation":0,"texture":"#0","tintindex":0},"north":{"uv":[7.25,8.75,10.75,9.0],"rotation":0,"texture":"#0","tintindex":0},"west":{"uv":[1.6875,7.1875,0.0,7.1875],"rotation":0,"texture":"#0","tintindex":0},"up":{"uv":[0.0,7.125,1.8125,5.4375],"rotation":0,"texture":"#0","tintindex":0},"down":{"uv":[0.0,5.4375,1.8125,7.125],"rotation":0,"texture":"#0","tintindex":0}}}],"display":{"head":{"translation":[0.0,-6.4,0.0],"scale":[4.0,4.0,4.0]}}}