{"textures":{"0":"modelengine:entity/dragon"},"elements":[{"from":[-9.536743E-7,7.773391,-1.9073486E-6],"to":[32.0,7.773391,32.0],"rotation":{"angle":0.0,"axis":"y","origin":[-29.691956,3.3076162,26.91395]},"faces":{"east":{"uv":[7.0,12.5,3.5,12.5],"rotation":0,"texture":"#0","tintindex":0},"south":{"uv":[10.5,12.5,7.0,12.5],"rotation":0,"texture":"#0","tintindex":0},"north":{"uv":[10.75,8.75,7.25,9.0],"rotation":0,"texture":"#0","tintindex":0},"west":{"uv":[0.0,12.5,-3.5,12.5],"rotation":0,"texture":"#0","tintindex":0},"up":{"uv":[3.5,12.5,7.0,9.0],"rotation":0,"texture":"#0","tintindex":0},"down":{"uv":[3.5,9.0,7.0,12.5],"rotation":0,"texture":"#0","tintindex":0}}}],"display":{"head":{"translation":[29.776146,-6.4,32.431595],"scale":[4.0,4.0,4.0]}}}