{"textures":{"0":"modelengine:entity/dragon"},"elements":[{"from":[-16.0,8.120014,-9.536743E-7],"to":[16.000004,8.120014,32.0],"rotation":{"angle":0.0,"axis":"y","origin":[9.448917,2.5492568,32.752594]},"faces":{"east":{"uv":[7.0,9.0,3.5,9.0],"rotation":0,"texture":"#0","tintindex":0},"south":{"uv":[10.5,9.0,7.0,9.0],"rotation":0,"texture":"#0","tintindex":0},"north":{"uv":[10.75,8.75,7.25,9.0],"rotation":0,"texture":"#0","tintindex":0},"west":{"uv":[0.0,9.0,-3.5,9.0],"rotation":0,"texture":"#0","tintindex":0},"up":{"uv":[3.5,9.0,7.0,5.5],"rotation":0,"texture":"#0","tintindex":0},"down":{"uv":[3.5,5.5,7.0,9.0],"rotation":0,"texture":"#0","tintindex":0}}}],"display":{"head":{"translation":[-33.95018,-6.4,30.99176],"scale":[4.0,4.0,4.0]}}}