{"textures":{"0":"modelengine:entity/dragon"},"elements":[{"name":"wing_sub_6","from":[-1.6000023,0.37999916,-1.6000032],"to":[32.0,0.37999916,32.0],"rotation":{"angle":0.0,"axis":"x","origin":[5.5999975,4.22,-4.000003]},"faces":{"down":{"uv":[7.0,5.5,3.5,9.0],"rotation":0,"texture":"#0","tintindex":0},"east":{"uv":[-3.5,9.0,0.0,9.0],"rotation":0,"texture":"#0","tintindex":0},"north":{"uv":[0.0,9.0,3.5,9.0],"rotation":0,"texture":"#0","tintindex":0},"south":{"uv":[7.0,9.0,10.5,9.0],"rotation":0,"texture":"#0","tintindex":0},"up":{"uv":[3.5,9.0,0.0,5.5],"rotation":0,"texture":"#0","tintindex":0},"west":{"uv":[3.5,9.0,7.0,9.0],"rotation":0,"texture":"#0","tintindex":0}}},{"name":"wing_sub_6","from":[-1.6000023,-2.020001,-5.200003],"to":[32.0,2.7799993,-0.40000343],"rotation":{"angle":0.0,"axis":"x","origin":[5.5999975,4.22,-4.000003]},"faces":{"down":{"uv":[14.5,5.5,11.0,6.0],"rotation":0,"texture":"#0","tintindex":0},"east":{"uv":[7.0,6.0,7.5,6.5],"rotation":0,"texture":"#0","tintindex":0},"north":{"uv":[7.5,6.0,11.0,6.5],"rotation":0,"texture":"#0","tintindex":0},"south":{"uv":[11.5,6.0,15.0,6.5],"rotation":0,"texture":"#0","tintindex":0},"up":{"uv":[11.0,6.0,7.5,5.5],"rotation":0,"texture":"#0","tintindex":0},"west":{"uv":[11.0,6.0,11.5,6.5],"rotation":0,"texture":"#0","tintindex":0}}}],"display":{"head":{"translation":[35.840008,-6.4,40.32001],"rotation":[0.0,0.0,0.0],"scale":[3.8095,3.8095,3.8095]}}}