{"textures":{"0":"modelengine:entity/dragon"},"elements":[{"name":"wing_tip_sub_2","from":[-1.5999985,0.37999988,-1.6000032],"to":[32.0,0.37999988,32.0],"rotation":{"angle":0.0,"axis":"x","origin":[47.022224,-3.6022243,-6.1333394]},"faces":{"down":{"uv":[7.0,9.0,3.5,12.5],"rotation":0,"texture":"#0","tintindex":0},"east":{"uv":[-3.5,12.5,0.0,12.5],"rotation":0,"texture":"#0","tintindex":0},"north":{"uv":[0.0,12.5,3.5,12.5],"rotation":0,"texture":"#0","tintindex":0},"south":{"uv":[7.0,12.5,10.5,12.5],"rotation":0,"texture":"#0","tintindex":0},"up":{"uv":[3.5,12.5,0.0,9.0],"rotation":0,"texture":"#0","tintindex":0},"west":{"uv":[3.5,12.5,7.0,12.5],"rotation":0,"texture":"#0","tintindex":0}}},{"name":"wing_tip_sub_2","from":[-1.5999985,-0.8200002,-4.000003],"to":[32.0,1.5799998,-1.6000032],"rotation":{"angle":0.0,"axis":"x","origin":[47.022224,-3.6022243,-6.1333394]},"faces":{"down":{"uv":[14.25,8.5,10.75,8.75],"rotation":0,"texture":"#0","tintindex":0},"east":{"uv":[7.0,8.75,7.25,9.0],"rotation":0,"texture":"#0","tintindex":0},"north":{"uv":[7.25,8.75,10.75,9.0],"rotation":0,"texture":"#0","tintindex":0},"south":{"uv":[11.0,8.75,14.5,9.0],"rotation":0,"texture":"#0","tintindex":0},"up":{"uv":[10.75,8.75,7.25,8.5],"rotation":0,"texture":"#0","tintindex":0},"west":{"uv":[10.75,8.75,11.0,9.0],"rotation":0,"texture":"#0","tintindex":0}}}],"display":{"head":{"translation":[35.839996,-6.4,40.32001],"rotation":[0.0,0.0,0.0],"scale":[3.8095,3.8095,3.8095]}}}