{"textures":{"0":"modelengine:entity/dragon"},"elements":[{"from":[-9.536743E-7,8.351647,-1.9073486E-6],"to":[32.0,8.351647,32.0],"rotation":{"angle":0.0,"axis":"y","origin":[0.08465481,8.351647,0.084653854]},"faces":{"east":{"uv":[-3.5,9.0,0.0,9.0],"rotation":0,"texture":"#0","tintindex":0},"south":{"uv":[7.0,9.0,10.5,9.0],"rotation":0,"texture":"#0","tintindex":0},"north":{"uv":[7.25,8.75,10.75,9.0],"rotation":0,"texture":"#0","tintindex":0},"west":{"uv":[3.5,9.0,7.0,9.0],"rotation":0,"texture":"#0","tintindex":0},"up":{"uv":[7.0,9.0,3.5,5.5],"rotation":0,"texture":"#0","tintindex":0},"down":{"uv":[7.0,5.5,3.5,9.0],"rotation":0,"texture":"#0","tintindex":0}}}],"display":{"head":{"translation":[31.532288,-6.4,32.562973],"scale":[4.0,4.0,4.0]}}}