{"textures":{"0":"modelengine:entity/dragon"},"elements":[{"name":"wing_sub_3","from":[3.95237,17.34578,7.590146],"to":[28.552372,19.74578,9.990147],"rotation":{"angle":0.0,"axis":"x","origin":[-7.7333326,6.70889,-0.66666436]},"faces":{"down":{"uv":[9.8125,8.5,12.375,8.75],"rotation":0,"texture":"#0","tintindex":0},"east":{"uv":[10.0625,8.75,9.8125,9.0],"rotation":0,"texture":"#0","tintindex":0},"north":{"uv":[9.8125,8.75,7.25,9.0],"rotation":0,"texture":"#0","tintindex":0},"south":{"uv":[12.625,8.75,10.0625,9.0],"rotation":0,"texture":"#0","tintindex":0},"up":{"uv":[7.25,8.75,9.8125,8.5],"rotation":0,"texture":"#0","tintindex":0},"west":{"uv":[7.25,8.75,7.0,9.0],"rotation":0,"texture":"#0","tintindex":0}}}],"display":{"head":{"translation":[0.0,-6.4,0.0],"rotation":[0.0,0.0,0.0],"scale":[3.8095,3.8095,3.8095]}}}