{"textures":{"0":"modelengine:entity/jellycreep"},"elements":[{"from":[9.142858,6.285714,8.0],"to":[10.285714,8.0,9.142858],"rotation":{"angle":0.0,"axis":"y","origin":[8.571428,6.285714,9.714286]},"faces":{"east":{"uv":[10.0,7.0,9.0,8.5],"rotation":0,"texture":"#0","tintindex":0},"south":{"uv":[11.0,7.0,10.0,8.5],"rotation":0,"texture":"#0","tintindex":0},"north":{"uv":[13.0,7.0,12.0,8.5],"rotation":0,"texture":"#0","tintindex":0},"west":{"uv":[12.0,7.0,11.0,8.5],"rotation":0,"texture":"#0","tintindex":0},"up":{"uv":[11.0,6.0,10.0,7.0],"rotation":0,"texture":"#0","tintindex":0},"down":{"uv":[12.0,7.0,11.0,6.0],"rotation":0,"texture":"#0","tintindex":0}}},{"from":[7.428571,6.285714,8.0],"to":[8.571428,8.0,9.142858],"rotation":{"angle":0.0,"axis":"y","origin":[9.142858,6.285714,9.714286]},"faces":{"east":{"uv":[11.0,7.0,12.0,8.5],"rotation":0,"texture":"#0","tintindex":0},"south":{"uv":[10.0,7.0,11.0,8.5],"rotation":0,"texture":"#0","tintindex":0},"north":{"uv":[12.0,7.0,13.0,8.5],"rotation":0,"texture":"#0","tintindex":0},"west":{"uv":[9.0,7.0,10.0,8.5],"rotation":0,"texture":"#0","tintindex":0},"up":{"uv":[10.0,6.0,11.0,7.0],"rotation":0,"texture":"#0","tintindex":0},"down":{"uv":[11.0,7.0,12.0,6.0],"rotation":0,"texture":"#0","tintindex":0}}}],"display":{"head":{"translation":[0.0,-6.4,0.0],"scale":[4.0,4.0,4.0]}}}