{"textures":{"0":"modelengine:entity/jellycreep"},"elements":[{"from":[5.714286,6.285714,6.857143],"to":[6.857143,8.0,8.0],"rotation":{"angle":0.0,"axis":"y","origin":[7.428571,6.285714,6.285714]},"faces":{"east":{"uv":[12.0,7.0,11.0,8.5],"rotation":0,"texture":"#0","tintindex":0},"south":{"uv":[13.0,7.0,12.0,8.5],"rotation":0,"texture":"#0","tintindex":0},"north":{"uv":[11.0,7.0,10.0,8.5],"rotation":0,"texture":"#0","tintindex":0},"west":{"uv":[10.0,7.0,9.0,8.5],"rotation":0,"texture":"#0","tintindex":0},"up":{"uv":[10.0,7.0,11.0,6.0],"rotation":0,"texture":"#0","tintindex":0},"down":{"uv":[11.0,6.0,12.0,7.0],"rotation":0,"texture":"#0","tintindex":0}}},{"from":[7.428571,6.285714,6.857143],"to":[8.571428,8.0,8.0],"rotation":{"angle":0.0,"axis":"y","origin":[6.857143,6.285714,6.285714]},"faces":{"east":{"uv":[9.0,7.0,10.0,8.5],"rotation":0,"texture":"#0","tintindex":0},"south":{"uv":[12.0,7.0,13.0,8.5],"rotation":0,"texture":"#0","tintindex":0},"north":{"uv":[10.0,7.0,11.0,8.5],"rotation":0,"texture":"#0","tintindex":0},"west":{"uv":[11.0,7.0,12.0,8.5],"rotation":0,"texture":"#0","tintindex":0},"up":{"uv":[11.0,7.0,10.0,6.0],"rotation":0,"texture":"#0","tintindex":0},"down":{"uv":[12.0,6.0,11.0,7.0],"rotation":0,"texture":"#0","tintindex":0}}}],"display":{"head":{"translation":[0.0,-6.4,0.0],"scale":[4.0,4.0,4.0]}}}