{"textures":{"0":"modelengine:entity/jellycreep"},"elements":[{"from":[6.857143,8.571428,6.857143],"to":[9.142858,10.857143,9.142858],"rotation":{"angle":0.0,"axis":"y","origin":[8.0,8.0,7.428571]},"faces":{"east":{"uv":[7.0,10.5,9.0,12.5],"rotation":0,"texture":"#0","tintindex":0},"south":{"uv":[13.0,10.5,15.0,12.5],"rotation":0,"texture":"#0","tintindex":0},"north":{"uv":[9.0,10.5,11.0,12.5],"rotation":0,"texture":"#0","tintindex":0},"west":{"uv":[11.0,10.5,13.0,12.5],"rotation":0,"texture":"#0","tintindex":0},"up":{"uv":[11.0,10.5,9.0,8.5],"rotation":0,"texture":"#0","tintindex":0},"down":{"uv":[13.0,8.5,11.0,10.5],"rotation":0,"texture":"#0","tintindex":0}}},{"from":[6.285714,8.0,6.285714],"to":[9.714286,11.428572,9.714286],"rotation":{"angle":0.0,"axis":"y","origin":[8.0,8.0,7.428571]},"faces":{"east":{"uv":[0.0,3.0,3.0,6.0],"rotation":0,"texture":"#0","tintindex":0},"south":{"uv":[9.0,3.0,12.0,6.0],"rotation":0,"texture":"#0","tintindex":0},"north":{"uv":[3.0,3.0,6.0,6.0],"rotation":0,"texture":"#0","tintindex":0},"west":{"uv":[6.0,3.0,9.0,6.0],"rotation":0,"texture":"#0","tintindex":0},"up":{"uv":[6.0,3.0,3.0,0.0],"rotation":0,"texture":"#0","tintindex":0},"down":{"uv":[9.0,0.0,6.0,3.0],"rotation":0,"texture":"#0","tintindex":0}}}],"display":{"head":{"translation":[0.0,-6.4,0.0],"scale":[4.0,4.0,4.0]}}}