{"textures":{"0":"modelengine:entity/jellycreep"},"elements":[{"from":[6.857143,6.693877,7.265306],"to":[9.142858,8.408163,8.408163],"rotation":{"angle":0.0,"axis":"y","origin":[8.0,4.979592,7.265306]},"faces":{"east":{"uv":[9.0,1.0,10.0,2.5],"rotation":0,"texture":"#0","tintindex":0},"south":{"uv":[13.0,1.0,15.0,2.5],"rotation":0,"texture":"#0","tintindex":0},"north":{"uv":[10.0,1.0,12.0,2.5],"rotation":0,"texture":"#0","tintindex":0},"west":{"uv":[12.0,1.0,13.0,2.5],"rotation":0,"texture":"#0","tintindex":0},"up":{"uv":[12.0,1.0,10.0,0.0],"rotation":0,"texture":"#0","tintindex":0},"down":{"uv":[14.0,0.0,12.0,1.0],"rotation":0,"texture":"#0","tintindex":0}}},{"from":[6.5714283,6.122449,6.693877],"to":[9.428572,8.979592,8.979592],"rotation":{"angle":0.0,"axis":"y","origin":[8.285714,4.979592,7.265306]},"faces":{"east":{"uv":[0.0,8.0,2.0,10.5],"rotation":0,"texture":"#0","tintindex":0},"south":{"uv":[6.5,8.0,9.0,10.5],"rotation":0,"texture":"#0","tintindex":0},"north":{"uv":[2.0,8.0,4.5,10.5],"rotation":0,"texture":"#0","tintindex":0},"west":{"uv":[4.5,8.0,6.5,10.5],"rotation":0,"texture":"#0","tintindex":0},"up":{"uv":[4.5,8.0,2.0,6.0],"rotation":0,"texture":"#0","tintindex":0},"down":{"uv":[7.0,6.0,4.5,8.0],"rotation":0,"texture":"#0","tintindex":0}}}],"display":{"head":{"translation":[0.0,-6.4,0.0],"scale":[4.0,4.0,4.0]}}}