{"textures":{"0":"modelengine:entity/skog_birch"},"elements":[{"from":[4.5714283,4.0,8.0],"to":[11.428572,8.0,8.0],"rotation":{"angle":0.0,"axis":"y","origin":[8.285714,10.285714,8.0]},"faces":{"east":{"uv":[0.002,0.002,0.002,0.4355],"rotation":0,"texture":"#0","tintindex":0},"south":{"uv":[11.4355,7.877,10.6895,8.3105],"rotation":0,"texture":"#0","tintindex":0},"north":{"uv":[10.6895,7.877,11.4355,8.3105],"rotation":0,"texture":"#0","tintindex":0},"west":{"uv":[0.002,0.002,0.002,0.4355],"rotation":0,"texture":"#0","tintindex":0},"up":{"uv":[0.748,0.002,0.002,0.002],"rotation":0,"texture":"#0","tintindex":0},"down":{"uv":[0.748,0.002,0.002,0.002],"rotation":0,"texture":"#0","tintindex":0}}}],"display":{"head":{"translation":[0.0,-6.4,0.0],"scale":[4.0,4.0,4.0]}}}