{"textures":{"0":"modelengine:entity/skog_birch"},"elements":[{"from":[4.5714283,2.8571424,8.0],"to":[11.428572,8.0,8.0],"rotation":{"angle":0.0,"axis":"y","origin":[8.285714,14.285715,8.0]},"faces":{"east":{"uv":[0.002,0.002,0.002,0.5605],"rotation":0,"texture":"#0","tintindex":0},"south":{"uv":[10.8105,3.0645,10.0645,3.623],"rotation":0,"texture":"#0","tintindex":0},"north":{"uv":[10.0645,3.0645,10.8105,3.623],"rotation":0,"texture":"#0","tintindex":0},"west":{"uv":[0.002,0.002,0.002,0.5605],"rotation":0,"texture":"#0","tintindex":0},"up":{"uv":[0.748,0.002,0.002,0.002],"rotation":0,"texture":"#0","tintindex":0},"down":{"uv":[0.748,0.002,0.002,0.002],"rotation":0,"texture":"#0","tintindex":0}}}],"display":{"head":{"translation":[0.0,-6.4,0.0],"scale":[4.0,4.0,4.0]}}}