{"textures":{"0":"modelengine:entity/skog_birch"},"elements":[{"from":[4.8571424,6.0,6.285714],"to":[8.857143,10.0,9.714286],"rotation":{"angle":0.0,"axis":"y","origin":[8.0,8.0,8.0]},"faces":{"east":{"uv":[7.0645,11.8145,7.4355,12.248],"rotation":0,"texture":"#0","tintindex":0},"south":{"uv":[11.752,4.002,12.1855,4.4355],"rotation":0,"texture":"#0","tintindex":0},"north":{"uv":[11.6895,1.252,12.123,1.6855],"rotation":0,"texture":"#0","tintindex":0},"west":{"uv":[11.8145,7.252,12.1855,7.6855],"rotation":0,"texture":"#0","tintindex":0},"up":{"uv":[9.373,12.1855,8.9395,11.8145],"rotation":0,"texture":"#0","tintindex":0},"down":{"uv":[12.248,11.377,11.8145,11.748],"rotation":0,"texture":"#0","tintindex":0}}},{"from":[3.7142854,-0.8571434,8.0],"to":[13.428572,6.0,8.0],"rotation":{"angle":0.0,"axis":"y","origin":[8.0,8.0,8.0]},"faces":{"east":{"uv":[0.002,0.002,0.002,0.748],"rotation":0,"texture":"#0","tintindex":0},"south":{"uv":[5.0645,8.9395,6.123,9.6855],"rotation":0,"texture":"#0","tintindex":0},"north":{"uv":[6.123,8.9395,5.0645,9.6855],"rotation":0,"texture":"#0","tintindex":0},"west":{"uv":[0.002,0.002,0.002,0.748],"rotation":0,"texture":"#0","tintindex":0},"up":{"uv":[1.0605,0.002,0.002,0.002],"rotation":0,"texture":"#0","tintindex":0},"down":{"uv":[1.0605,0.002,0.002,0.002],"rotation":0,"texture":"#0","tintindex":0}}}],"display":{"head":{"translation":[0.0,-6.4,0.0],"scale":[4.0,4.0,4.0]}}}