{"textures":{"0":"modelengine:entity/skog_birch"},"elements":[{"from":[8.025854,-3.1867762,6.113659],"to":[10.8829975,8.813225,10.113659],"rotation":{"angle":22.5,"axis":"z","origin":[8.465138,4.259432,11.800209]},"faces":{"east":{"uv":[8.3105,9.627,7.877,10.9355],"rotation":0,"texture":"#0","tintindex":0},"south":{"uv":[3.498,10.1895,3.1895,11.498],"rotation":0,"texture":"#0","tintindex":0},"north":{"uv":[4.9355,9.8145,4.627,11.123],"rotation":0,"texture":"#0","tintindex":0},"west":{"uv":[2.4355,9.627,2.002,10.9355],"rotation":0,"texture":"#0","tintindex":0},"up":{"uv":[10.3145,1.4355,10.623,1.002],"rotation":0,"texture":"#0","tintindex":0},"down":{"uv":[6.002,12.002,6.3105,12.4355],"rotation":0,"texture":"#0","tintindex":0}}}],"display":{"head":{"translation":[0.0,-6.4,0.0],"scale":[4.0,4.0,4.0]}}}