{"textures":{"0":"modelengine:entity/tektite"},"elements":[{"from":[5.142857,5.714286,1.1428566],"to":[10.857143,9.142858,8.0],"rotation":{"angle":0.0,"axis":"y","origin":[8.0,2.8571424,2.8571424]},"faces":{"east":{"uv":[0.0,1.5,1.5,2.25],"rotation":0,"texture":"#0","tintindex":0},"south":{"uv":[4.25,1.5,5.5,2.25],"rotation":0,"texture":"#0","tintindex":0},"north":{"uv":[1.5,1.5,2.75,2.25],"rotation":0,"texture":"#0","tintindex":0},"west":{"uv":[2.75,1.5,4.25,2.25],"rotation":0,"texture":"#0","tintindex":0},"up":{"uv":[2.75,1.5,1.5,0.0],"rotation":0,"texture":"#0","tintindex":0},"down":{"uv":[4.0,0.0,2.75,1.5],"rotation":0,"texture":"#0","tintindex":0}}}],"display":{"head":{"translation":[0.0,-6.4,0.0],"scale":[4.0,4.0,4.0]}}}