{"textures":{"0":"modelengine:entity/tektite"},"elements":[{"from":[6.285714,5.142857,7.428571],"to":[9.714286,9.714286,12.0],"rotation":{"angle":0.0,"axis":"y","origin":[8.0,2.8571424,8.0]},"faces":{"east":{"uv":[4.0,4.25,5.0,5.25],"rotation":0,"texture":"#0","tintindex":0},"south":{"uv":[6.75,4.25,7.5,5.25],"rotation":0,"texture":"#0","tintindex":0},"north":{"uv":[5.0,4.25,5.75,5.25],"rotation":0,"texture":"#0","tintindex":0},"west":{"uv":[5.75,4.25,6.75,5.25],"rotation":0,"texture":"#0","tintindex":0},"up":{"uv":[5.75,4.25,5.0,3.25],"rotation":0,"texture":"#0","tintindex":0},"down":{"uv":[6.5,3.25,5.75,4.25],"rotation":0,"texture":"#0","tintindex":0}}},{"from":[6.857143,9.142858,8.0],"to":[9.142858,10.285714,11.428572],"rotation":{"angle":0.0,"axis":"y","origin":[8.0,2.8571424,8.0]},"faces":{"east":{"uv":[2.0,6.0,2.75,6.25],"rotation":0,"texture":"#0","tintindex":0},"south":{"uv":[4.0,6.0,4.5,6.25],"rotation":0,"texture":"#0","tintindex":0},"north":{"uv":[2.75,6.0,3.25,6.25],"rotation":0,"texture":"#0","tintindex":0},"west":{"uv":[3.25,6.0,4.0,6.25],"rotation":0,"texture":"#0","tintindex":0},"up":{"uv":[3.25,6.0,2.75,5.25],"rotation":0,"texture":"#0","tintindex":0},"down":{"uv":[3.75,5.25,3.25,6.0],"rotation":0,"texture":"#0","tintindex":0}}}],"display":{"head":{"translation":[0.0,-6.4,0.0],"scale":[4.0,4.0,4.0]}}}