{"textures":{"0":"modelengine:entity/tektite"},"elements":[{"from":[6.285714,6.142857,6.142857],"to":[9.714286,9.571428,9.0],"rotation":{"angle":0.0,"axis":"y","origin":[8.0,7.857143,7.285714]},"faces":{"east":{"uv":[0.0,4.875,0.625,5.625],"rotation":0,"texture":"#0","tintindex":0},"south":{"uv":[2.0,4.875,2.75,5.625],"rotation":0,"texture":"#0","tintindex":0},"north":{"uv":[0.625,4.875,1.375,5.625],"rotation":0,"texture":"#0","tintindex":0},"west":{"uv":[1.375,4.875,2.0,5.625],"rotation":0,"texture":"#0","tintindex":0},"up":{"uv":[1.375,4.875,0.625,4.25],"rotation":0,"texture":"#0","tintindex":0},"down":{"uv":[2.125,4.25,1.375,4.875],"rotation":0,"texture":"#0","tintindex":0}}},{"from":[7.142857,6.804796,5.573057],"to":[8.857143,9.09051,7.287343],"rotation":{"angle":0.0,"axis":"y","origin":[8.0,8.09051,6.0587716]},"faces":{"east":{"uv":[0.0,0.375,0.375,0.875],"rotation":0,"texture":"#0","tintindex":0},"south":{"uv":[1.125,0.375,1.5,0.875],"rotation":0,"texture":"#0","tintindex":0},"north":{"uv":[0.375,0.375,0.75,0.875],"rotation":0,"texture":"#0","tintindex":0},"west":{"uv":[0.75,0.375,1.125,0.875],"rotation":0,"texture":"#0","tintindex":0},"up":{"uv":[0.75,0.375,0.375,0.0],"rotation":0,"texture":"#0","tintindex":0},"down":{"uv":[1.125,0.0,0.75,0.375],"rotation":0,"texture":"#0","tintindex":0}}}],"display":{"head":{"translation":[0.0,-6.4,0.0],"scale":[4.0,4.0,4.0]}}}