{"textures":{"0":"modelengine:entity/tektite"},"elements":[{"from":[0.0,7.428571,7.428571],"to":[9.142858,8.571428,8.571428],"rotation":{"angle":0.0,"axis":"y","origin":[8.0,8.0,8.0]},"faces":{"east":{"uv":[4.0,0.25,4.25,0.5],"rotation":0,"texture":"#0","tintindex":0},"south":{"uv":[6.5,0.25,8.5,0.5],"rotation":0,"texture":"#0","tintindex":0},"north":{"uv":[4.25,0.25,6.25,0.5],"rotation":0,"texture":"#0","tintindex":0},"west":{"uv":[6.25,0.25,6.5,0.5],"rotation":0,"texture":"#0","tintindex":0},"up":{"uv":[6.25,0.25,4.25,0.0],"rotation":0,"texture":"#0","tintindex":0},"down":{"uv":[8.25,0.0,6.25,0.25],"rotation":0,"texture":"#0","tintindex":0}}}],"display":{"head":{"translation":[0.0,-6.4,0.0],"scale":[4.0,4.0,4.0]}}}