{"textures":{"0":"modelengine:entity/tektite"},"elements":[{"from":[8.0,7.428571,7.428571],"to":[18.285715,8.571428,8.571428],"rotation":{"angle":0.0,"axis":"y","origin":[14.0,3.2857141,8.0]},"faces":{"east":{"uv":[2.75,2.5,2.5,2.75],"rotation":0,"texture":"#0","tintindex":0},"south":{"uv":[5.0,2.5,2.75,2.75],"rotation":0,"texture":"#0","tintindex":0},"north":{"uv":[2.5,2.5,0.25,2.75],"rotation":0,"texture":"#0","tintindex":0},"west":{"uv":[0.25,2.5,0.0,2.75],"rotation":0,"texture":"#0","tintindex":0},"up":{"uv":[0.25,2.5,2.5,2.25],"rotation":0,"texture":"#0","tintindex":0},"down":{"uv":[2.5,2.25,4.75,2.5],"rotation":0,"texture":"#0","tintindex":0}}}],"display":{"head":{"translation":[0.0,-6.4,0.0],"scale":[4.0,4.0,4.0]}}}