{"textures":{"0":"modelengine:entity/tektite"},"elements":[{"from":[-2.285715,7.428571,7.428571],"to":[8.0,8.571428,8.571428],"rotation":{"angle":0.0,"axis":"y","origin":[1.9999995,3.2857141,8.0]},"faces":{"east":{"uv":[0.0,4.0,0.25,4.25],"rotation":0,"texture":"#0","tintindex":0},"south":{"uv":[2.75,4.0,5.0,4.25],"rotation":0,"texture":"#0","tintindex":0},"north":{"uv":[0.25,4.0,2.5,4.25],"rotation":0,"texture":"#0","tintindex":0},"west":{"uv":[2.5,4.0,2.75,4.25],"rotation":0,"texture":"#0","tintindex":0},"up":{"uv":[2.5,4.0,0.25,3.75],"rotation":0,"texture":"#0","tintindex":0},"down":{"uv":[4.75,3.75,2.5,4.0],"rotation":0,"texture":"#0","tintindex":0}}}],"display":{"head":{"translation":[0.0,-6.4,0.0],"scale":[4.0,4.0,4.0]}}}