{"textures":{"0":"modelengine:entity/tektite"},"elements":[{"from":[6.285714,4.8571424,7.9428573],"to":[8.0,8.285714,7.9428573],"rotation":{"angle":0.0,"axis":"y","origin":[8.0,8.0,9.142858]},"faces":{"east":{"uv":[4.75,5.25,4.75,6.0],"rotation":0,"texture":"#0","tintindex":0},"south":{"uv":[5.125,5.25,5.5,6.0],"rotation":0,"texture":"#0","tintindex":0},"north":{"uv":[4.75,5.25,5.125,6.0],"rotation":0,"texture":"#0","tintindex":0},"west":{"uv":[5.125,5.25,5.125,6.0],"rotation":0,"texture":"#0","tintindex":0},"up":{"uv":[5.125,5.25,4.75,5.25],"rotation":0,"texture":"#0","tintindex":0},"down":{"uv":[5.5,5.25,5.125,5.25],"rotation":0,"texture":"#0","tintindex":0}}}],"display":{"head":{"translation":[0.0,-6.4,0.0],"scale":[4.0,4.0,4.0]}}}