{"textures":{"0":"modelengine:entity/tektite"},"elements":[{"from":[6.857143,7.428571,7.428571],"to":[16.0,8.571428,8.571428],"rotation":{"angle":0.0,"axis":"y","origin":[8.0,8.0,8.0]},"faces":{"east":{"uv":[6.5,1.25,6.25,1.5],"rotation":0,"texture":"#0","tintindex":0},"south":{"uv":[8.5,1.25,6.5,1.5],"rotation":0,"texture":"#0","tintindex":0},"north":{"uv":[6.25,1.25,4.25,1.5],"rotation":0,"texture":"#0","tintindex":0},"west":{"uv":[4.25,1.25,4.0,1.5],"rotation":0,"texture":"#0","tintindex":0},"up":{"uv":[4.25,1.25,6.25,1.0],"rotation":0,"texture":"#0","tintindex":0},"down":{"uv":[6.25,1.0,8.25,1.25],"rotation":0,"texture":"#0","tintindex":0}}}],"display":{"head":{"translation":[0.0,-6.4,0.0],"scale":[4.0,4.0,4.0]}}}