{"textures":{"0":"modelengine:entity/tektite"},"elements":[{"from":[8.0,4.714286,7.8],"to":[9.714286,8.142858,7.8],"rotation":{"angle":0.0,"axis":"y","origin":[8.0,7.857143,9.0]},"faces":{"east":{"uv":[2.75,4.25,2.75,5.0],"rotation":0,"texture":"#0","tintindex":0},"south":{"uv":[3.125,4.25,3.5,5.0],"rotation":0,"texture":"#0","tintindex":0},"north":{"uv":[2.75,4.25,3.125,5.0],"rotation":0,"texture":"#0","tintindex":0},"west":{"uv":[3.125,4.25,3.125,5.0],"rotation":0,"texture":"#0","tintindex":0},"up":{"uv":[3.125,4.25,2.75,4.25],"rotation":0,"texture":"#0","tintindex":0},"down":{"uv":[3.5,4.25,3.125,4.25],"rotation":0,"texture":"#0","tintindex":0}}}],"display":{"head":{"translation":[0.0,-6.4,0.0],"scale":[4.0,4.0,4.0]}}}