{"textures":{"0":"modelengine:entity/vamp"},"elements":[{"from":[6.857143,1.1333332,8.0],"to":[9.142858,7.990476,10.742857],"rotation":{"angle":0.0,"axis":"y","origin":[9.142858,7.0761905,8.0]},"faces":{"east":{"uv":[3.75,3.75,4.375,5.25],"rotation":0,"texture":"#0","tintindex":0},"south":{"uv":[3.125,5.125,3.625,6.625],"rotation":0,"texture":"#0","tintindex":0},"north":{"uv":[1.625,4.75,2.125,6.25],"rotation":0,"texture":"#0","tintindex":0},"west":{"uv":[2.5,3.875,3.125,5.375],"rotation":0,"texture":"#0","tintindex":0},"up":{"uv":[6.875,0.625,6.375,0.0],"rotation":0,"texture":"#0","tintindex":0},"down":{"uv":[6.875,0.625,6.375,1.25],"rotation":0,"texture":"#0","tintindex":0}}},{"from":[7.3142858,0.21904707,8.457143],"to":[8.685715,2.5047617,10.285714],"rotation":{"angle":0.0,"axis":"y","origin":[9.142858,1.590476,8.0]},"faces":{"east":{"uv":[2.75,7.0,3.125,7.5],"rotation":0,"texture":"#0","tintindex":0},"south":{"uv":[2.25,7.125,2.5,7.625],"rotation":0,"texture":"#0","tintindex":0},"north":{"uv":[2.0,7.125,2.25,7.625],"rotation":0,"texture":"#0","tintindex":0},"west":{"uv":[3.125,7.0,3.5,7.5],"rotation":0,"texture":"#0","tintindex":0},"up":{"uv":[4.375,7.625,4.125,7.25],"rotation":0,"texture":"#0","tintindex":0},"down":{"uv":[7.5,7.25,7.25,7.625],"rotation":0,"texture":"#0","tintindex":0}}}],"display":{"head":{"translation":[0.0,-6.4,0.0],"scale":[4.0,4.0,4.0]}}}