{"textures":{"0":"modelengine:entity/vamp"},"elements":[{"from":[7.943677,2.6278358,8.337976],"to":[13.0865345,8.342121,8.909405],"rotation":{"angle":0.0,"axis":"y","origin":[7.9428573,8.0,8.0]},"faces":{"east":{"uv":[10.0,0.0,9.875,1.5],"rotation":0,"texture":"#0","tintindex":0},"south":{"uv":[9.875,0.5,8.75,1.5],"rotation":0,"texture":"#0","tintindex":0},"north":{"uv":[8.625,0.5,7.5,1.5],"rotation":0,"texture":"#0","tintindex":0},"west":{"uv":[0.125,7.625,0.0,9.125],"rotation":0,"texture":"#0","tintindex":0},"up":{"uv":[1.125,7.75,0.0,7.875],"rotation":0,"texture":"#0","tintindex":0},"down":{"uv":[1.125,7.75,0.0,7.875],"rotation":0,"texture":"#0","tintindex":0}}},{"from":[6.2,3.3142858,6.857143],"to":[8.028571,9.028571,9.142858],"rotation":{"angle":0.0,"axis":"y","origin":[5.285714,8.571428,6.857143]},"faces":{"east":{"uv":[0.0,5.25,0.5,6.5],"rotation":0,"texture":"#0","tintindex":0},"south":{"uv":[4.0,6.0,4.375,7.25],"rotation":0,"texture":"#0","tintindex":0},"north":{"uv":[3.625,6.0,4.0,7.25],"rotation":0,"texture":"#0","tintindex":0},"west":{"uv":[0.5,5.25,1.0,6.5],"rotation":0,"texture":"#0","tintindex":0},"up":{"uv":[5.375,4.375,5.0,3.875],"rotation":0,"texture":"#0","tintindex":0},"down":{"uv":[7.25,6.875,6.875,7.375],"rotation":0,"texture":"#0","tintindex":0}}}],"display":{"head":{"translation":[0.0,-6.4,0.0],"scale":[4.0,4.0,4.0]}}}