{"textures":{"0":"modelengine:entity/vamp"},"elements":[{"from":[5.714286,3.1999998,6.742857],"to":[8.0,9.142858,9.485714],"rotation":{"angle":0.0,"axis":"y","origin":[8.0,8.228572,6.742857]},"faces":{"east":{"uv":[3.125,3.875,3.75,5.125],"rotation":0,"texture":"#0","tintindex":0},"south":{"uv":[4.875,5.125,5.375,6.375],"rotation":0,"texture":"#0","tintindex":0},"north":{"uv":[4.375,5.125,4.875,6.375],"rotation":0,"texture":"#0","tintindex":0},"west":{"uv":[1.0,4.375,1.625,5.625],"rotation":0,"texture":"#0","tintindex":0},"up":{"uv":[2.0,6.875,1.5,6.25],"rotation":0,"texture":"#0","tintindex":0},"down":{"uv":[6.75,1.5,6.25,2.125],"rotation":0,"texture":"#0","tintindex":0}}}],"display":{"head":{"translation":[0.0,-6.4,0.0],"scale":[4.0,4.0,4.0]}}}