{"textures":{"0":"modelengine:entity/vamp"},"elements":[{"from":[7.0571427,5.0571427,5.714286],"to":[8.885715,8.028571,8.0],"rotation":{"angle":0.0,"axis":"y","origin":[6.142857,7.5714283,5.714286]},"faces":{"east":{"uv":[4.375,6.375,4.875,7.0],"rotation":0,"texture":"#0","tintindex":0},"south":{"uv":[6.75,5.0,7.125,5.625],"rotation":0,"texture":"#0","tintindex":0},"north":{"uv":[2.125,4.75,2.5,5.375],"rotation":0,"texture":"#0","tintindex":0},"west":{"uv":[4.875,6.375,5.375,7.0],"rotation":0,"texture":"#0","tintindex":0},"up":{"uv":[7.25,0.5,6.875,0.0],"rotation":0,"texture":"#0","tintindex":0},"down":{"uv":[7.25,0.5,6.875,1.0],"rotation":0,"texture":"#0","tintindex":0}}},{"from":[7.0571427,2.3142858,5.714286],"to":[8.885715,5.0571427,8.914286],"rotation":{"angle":0.0,"axis":"y","origin":[6.142857,8.714286,5.714286]},"faces":{"east":{"uv":[2.125,6.125,2.875,6.75],"rotation":0,"texture":"#0","tintindex":0},"south":{"uv":[1.375,6.875,1.75,7.5],"rotation":0,"texture":"#0","tintindex":0},"north":{"uv":[6.75,6.0,7.125,6.625],"rotation":0,"texture":"#0","tintindex":0},"west":{"uv":[5.375,6.125,6.125,6.75],"rotation":0,"texture":"#0","tintindex":0},"up":{"uv":[1.375,7.5,1.0,6.75],"rotation":0,"texture":"#0","tintindex":0},"down":{"uv":[7.125,1.25,6.75,2.0],"rotation":0,"texture":"#0","tintindex":0}}}],"display":{"head":{"translation":[0.0,-6.4,0.0],"scale":[4.0,4.0,4.0]}}}