{"textures":{"0":"modelengine:entity/vamp"},"elements":[{"from":[7.1142855,5.0571427,5.714286],"to":[8.942857,8.028571,8.0],"rotation":{"angle":0.0,"axis":"y","origin":[9.857143,7.5714283,5.714286]},"faces":{"east":{"uv":[5.375,6.375,4.875,7.0],"rotation":0,"texture":"#0","tintindex":0},"south":{"uv":[7.125,5.0,6.75,5.625],"rotation":0,"texture":"#0","tintindex":0},"north":{"uv":[2.5,4.75,2.125,5.375],"rotation":0,"texture":"#0","tintindex":0},"west":{"uv":[4.875,6.375,4.375,7.0],"rotation":0,"texture":"#0","tintindex":0},"up":{"uv":[6.875,0.5,7.25,0.0],"rotation":0,"texture":"#0","tintindex":0},"down":{"uv":[6.875,0.5,7.25,1.0],"rotation":0,"texture":"#0","tintindex":0}}},{"from":[7.1142855,2.3142858,5.714286],"to":[8.942857,5.0571427,8.914286],"rotation":{"angle":0.0,"axis":"y","origin":[9.857143,8.714286,5.714286]},"faces":{"east":{"uv":[6.125,6.125,5.375,6.75],"rotation":0,"texture":"#0","tintindex":0},"south":{"uv":[1.75,6.875,1.375,7.5],"rotation":0,"texture":"#0","tintindex":0},"north":{"uv":[7.125,6.0,6.75,6.625],"rotation":0,"texture":"#0","tintindex":0},"west":{"uv":[2.875,6.125,2.125,6.75],"rotation":0,"texture":"#0","tintindex":0},"up":{"uv":[1.0,7.5,1.375,6.75],"rotation":0,"texture":"#0","tintindex":0},"down":{"uv":[6.75,1.25,7.125,2.0],"rotation":0,"texture":"#0","tintindex":0}}}],"display":{"head":{"translation":[0.0,-6.4,0.0],"scale":[4.0,4.0,4.0]}}}