{"textures":{"0":"modelengine:entity/vamp"},"elements":[{"from":[6.857143,1.1333332,8.0],"to":[9.142858,7.990476,10.742857],"rotation":{"angle":0.0,"axis":"y","origin":[6.857143,7.0761905,8.0]},"faces":{"east":{"uv":[3.125,3.875,2.5,5.375],"rotation":0,"texture":"#0","tintindex":0},"south":{"uv":[3.625,5.125,3.125,6.625],"rotation":0,"texture":"#0","tintindex":0},"north":{"uv":[2.125,4.75,1.625,6.25],"rotation":0,"texture":"#0","tintindex":0},"west":{"uv":[4.375,3.75,3.75,5.25],"rotation":0,"texture":"#0","tintindex":0},"up":{"uv":[6.375,0.625,6.875,0.0],"rotation":0,"texture":"#0","tintindex":0},"down":{"uv":[6.375,0.625,6.875,1.25],"rotation":0,"texture":"#0","tintindex":0}}},{"from":[7.3142858,0.21904707,8.457143],"to":[8.685715,2.5047617,10.285714],"rotation":{"angle":0.0,"axis":"y","origin":[6.857143,1.590476,8.0]},"faces":{"east":{"uv":[3.5,7.0,3.125,7.5],"rotation":0,"texture":"#0","tintindex":0},"south":{"uv":[2.5,7.125,2.25,7.625],"rotation":0,"texture":"#0","tintindex":0},"north":{"uv":[2.25,7.125,2.0,7.625],"rotation":0,"texture":"#0","tintindex":0},"west":{"uv":[3.125,7.0,2.75,7.5],"rotation":0,"texture":"#0","tintindex":0},"up":{"uv":[4.125,7.625,4.375,7.25],"rotation":0,"texture":"#0","tintindex":0},"down":{"uv":[7.25,7.25,7.5,7.625],"rotation":0,"texture":"#0","tintindex":0}}}],"display":{"head":{"translation":[0.0,-6.4,0.0],"scale":[4.0,4.0,4.0]}}}