{"textures":{"0":"modelengine:entity/vamp"},"elements":[{"from":[7.5714283,5.771428,6.857143],"to":[8.485714,8.057143,9.142858],"rotation":{"angle":0.0,"axis":"y","origin":[8.028571,5.771428,6.857143]},"faces":{"east":{"uv":[7.25,3.5,6.75,4.0],"rotation":0,"texture":"#0","tintindex":0},"south":{"uv":[0.5,7.125,0.25,7.625],"rotation":0,"texture":"#0","tintindex":0},"north":{"uv":[0.25,7.125,0.0,7.625],"rotation":0,"texture":"#0","tintindex":0},"west":{"uv":[7.25,3.0,6.75,3.5],"rotation":0,"texture":"#0","tintindex":0},"up":{"uv":[0.5,7.625,0.75,7.125],"rotation":0,"texture":"#0","tintindex":0},"down":{"uv":[0.75,7.125,1.0,7.625],"rotation":0,"texture":"#0","tintindex":0}}},{"from":[6.6571426,5.771428,7.7714286],"to":[7.5714283,6.6857142,9.142858],"rotation":{"angle":0.0,"axis":"y","origin":[7.1142855,5.771428,6.857143]},"faces":{"east":{"uv":[7.5,1.5,7.25,1.75],"rotation":0,"texture":"#0","tintindex":0},"south":{"uv":[7.5,1.25,7.25,1.5],"rotation":0,"texture":"#0","tintindex":0},"north":{"uv":[7.5,0.5,7.25,0.75],"rotation":0,"texture":"#0","tintindex":0},"west":{"uv":[7.5,0.75,7.25,1.0],"rotation":0,"texture":"#0","tintindex":0},"up":{"uv":[7.25,2.0,7.5,1.75],"rotation":0,"texture":"#0","tintindex":0},"down":{"uv":[7.25,3.0,7.5,3.25],"rotation":0,"texture":"#0","tintindex":0}}},{"from":[6.6571426,6.6857142,6.4],"to":[7.5714283,8.057143,7.3142858],"rotation":{"angle":0.0,"axis":"y","origin":[7.1142855,6.6857142,5.485714]},"faces":{"east":{"uv":[7.5,4.0,7.25,4.25],"rotation":0,"texture":"#0","tintindex":0},"south":{"uv":[7.5,3.75,7.25,4.0],"rotation":0,"texture":"#0","tintindex":0},"north":{"uv":[7.5,3.25,7.25,3.5],"rotation":0,"texture":"#0","tintindex":0},"west":{"uv":[7.5,3.5,7.25,3.75],"rotation":0,"texture":"#0","tintindex":0},"up":{"uv":[7.25,4.5,7.5,4.25],"rotation":0,"texture":"#0","tintindex":0},"down":{"uv":[7.25,4.5,7.5,4.75],"rotation":0,"texture":"#0","tintindex":0}}},{"from":[6.6571426,7.142857,7.3142858],"to":[7.5714283,8.057143,8.685715],"rotation":{"angle":0.0,"axis":"y","origin":[7.1142855,6.6857142,6.4]},"faces":{"east":{"uv":[7.5,6.375,7.25,6.625],"rotation":0,"texture":"#0","tintindex":0},"south":{"uv":[7.5,6.125,7.25,6.375],"rotation":0,"texture":"#0","tintindex":0},"north":{"uv":[7.5,4.75,7.25,5.0],"rotation":0,"texture":"#0","tintindex":0},"west":{"uv":[7.5,5.875,7.25,6.125],"rotation":0,"texture":"#0","tintindex":0},"up":{"uv":[7.25,7.0,7.5,6.75],"rotation":0,"texture":"#0","tintindex":0},"down":{"uv":[7.25,7.0,7.5,7.25],"rotation":0,"texture":"#0","tintindex":0}}},{"from":[6.6571426,4.8571424,6.857143],"to":[8.485714,5.771428,7.7714286],"rotation":{"angle":0.0,"axis":"y","origin":[7.5714283,4.8571424,6.857143]},"faces":{"east":{"uv":[7.5,0.25,7.25,0.5],"rotation":0,"texture":"#0","tintindex":0},"south":{"uv":[6.75,1.25,6.375,1.5],"rotation":0,"texture":"#0","tintindex":0},"north":{"uv":[6.125,2.625,5.75,2.875],"rotation":0,"texture":"#0","tintindex":0},"west":{"uv":[7.5,0.0,7.25,0.25],"rotation":0,"texture":"#0","tintindex":0},"up":{"uv":[7.125,5.25,7.5,5.0],"rotation":0,"texture":"#0","tintindex":0},"down":{"uv":[7.125,5.25,7.5,5.5],"rotation":0,"texture":"#0","tintindex":0}}}],"display":{"head":{"translation":[0.0,-6.4,0.0],"scale":[4.0,4.0,4.0]}}}