{"textures":{"0":"modelengine:entity/vamp"},"elements":[{"from":[6.857143,7.257143,6.6285715],"to":[9.142858,8.171429,9.3714285],"rotation":{"angle":0.0,"axis":"y","origin":[8.0,8.171429,8.342857]},"faces":{"east":{"uv":[7.5,1.0,6.875,1.25],"rotation":0,"texture":"#0","tintindex":0},"south":{"uv":[6.875,7.125,6.375,7.375],"rotation":0,"texture":"#0","tintindex":0},"north":{"uv":[6.375,7.125,5.875,7.375],"rotation":0,"texture":"#0","tintindex":0},"west":{"uv":[2.375,2.75,1.75,3.0],"rotation":0,"texture":"#0","tintindex":0},"up":{"uv":[0.0,7.125,0.5,6.5],"rotation":0,"texture":"#0","tintindex":0},"down":{"uv":[0.5,6.5,1.0,7.125],"rotation":0,"texture":"#0","tintindex":0}}},{"from":[6.857143,5.885714,4.342857],"to":[9.142858,7.257143,9.3714285],"rotation":{"angle":0.0,"axis":"y","origin":[6.857143,7.257143,6.6285715]},"faces":{"east":{"uv":[7.875,2.75,6.75,3.0],"rotation":0,"texture":"#0","tintindex":0},"south":{"uv":[5.875,7.125,5.375,7.375],"rotation":0,"texture":"#0","tintindex":0},"north":{"uv":[7.5,2.125,7.0,2.375],"rotation":0,"texture":"#0","tintindex":0},"west":{"uv":[7.875,2.5,6.75,2.75],"rotation":0,"texture":"#0","tintindex":0},"up":{"uv":[1.0,6.75,1.5,5.625],"rotation":0,"texture":"#0","tintindex":0},"down":{"uv":[5.75,1.5,6.25,2.625],"rotation":0,"texture":"#0","tintindex":0}}}],"display":{"head":{"translation":[0.0,-6.4,0.0],"scale":[4.0,4.0,4.0]}}}