{"textures":{"0":"modelengine:entity/vamp"},"elements":[{"from":[8.0,3.1999998,6.742857],"to":[10.285714,9.142858,9.485714],"rotation":{"angle":0.0,"axis":"y","origin":[8.0,8.228572,6.742857]},"faces":{"east":{"uv":[1.625,4.375,1.0,5.625],"rotation":0,"texture":"#0","tintindex":0},"south":{"uv":[5.375,5.125,4.875,6.375],"rotation":0,"texture":"#0","tintindex":0},"north":{"uv":[4.875,5.125,4.375,6.375],"rotation":0,"texture":"#0","tintindex":0},"west":{"uv":[3.75,3.875,3.125,5.125],"rotation":0,"texture":"#0","tintindex":0},"up":{"uv":[1.5,6.875,2.0,6.25],"rotation":0,"texture":"#0","tintindex":0},"down":{"uv":[6.25,1.5,6.75,2.125],"rotation":0,"texture":"#0","tintindex":0}}}],"display":{"head":{"translation":[0.0,-6.4,0.0],"scale":[4.0,4.0,4.0]}}}