{"textures":{"0":"modelengine:entity/vamp"},"elements":[{"from":[7.9714284,3.3142858,6.857143],"to":[9.8,9.028571,9.142858],"rotation":{"angle":0.0,"axis":"y","origin":[10.714286,8.571428,6.857143]},"faces":{"east":{"uv":[1.0,5.25,0.5,6.5],"rotation":0,"texture":"#0","tintindex":0},"south":{"uv":[4.375,6.0,4.0,7.25],"rotation":0,"texture":"#0","tintindex":0},"north":{"uv":[4.0,6.0,3.625,7.25],"rotation":0,"texture":"#0","tintindex":0},"west":{"uv":[0.5,5.25,0.0,6.5],"rotation":0,"texture":"#0","tintindex":0},"up":{"uv":[5.0,4.375,5.375,3.875],"rotation":0,"texture":"#0","tintindex":0},"down":{"uv":[6.875,6.875,7.25,7.375],"rotation":0,"texture":"#0","tintindex":0}}},{"from":[2.8142538,3.439354,8.524938],"to":[7.9571114,9.15364,9.096366],"rotation":{"angle":0.0,"axis":"y","origin":[8.0,8.0,8.0]},"faces":{"east":{"uv":[0.0,7.625,0.125,9.125],"rotation":0,"texture":"#0","tintindex":0},"south":{"uv":[8.75,0.5,9.875,1.5],"rotation":0,"texture":"#0","tintindex":0},"north":{"uv":[7.5,0.5,8.625,1.5],"rotation":0,"texture":"#0","tintindex":0},"west":{"uv":[9.875,0.0,10.0,1.5],"rotation":0,"texture":"#0","tintindex":0},"up":{"uv":[0.0,7.75,1.125,7.875],"rotation":0,"texture":"#0","tintindex":0},"down":{"uv":[0.0,7.75,1.125,7.875],"rotation":0,"texture":"#0","tintindex":0}}}],"display":{"head":{"translation":[0.0,-6.4,0.0],"scale":[4.0,4.0,4.0]}}}