{"textures":{"0":"modelengine:entity/turret"},"elements":[{"from":[6.6122446,9.061224,3.183673],"to":[8.32653,10.775511,6.6122446],"rotation":{"angle":0.0,"axis":"y","origin":[7.755102,4.4897957,7.755102]},"faces":{"east":{"uv":[6.0,9.0,9.0,10.5],"rotation":0,"texture":"#0","tintindex":0},"south":{"uv":[4.5,11.0,6.0,12.5],"rotation":0,"texture":"#0","tintindex":0},"north":{"uv":[3.0,11.0,4.5,12.5],"rotation":0,"texture":"#0","tintindex":0},"west":{"uv":[9.0,9.0,12.0,10.5],"rotation":0,"texture":"#0","tintindex":0},"up":{"uv":[11.0,3.0,9.5,0.0],"rotation":0,"texture":"#0","tintindex":0},"down":{"uv":[11.0,3.0,9.5,6.0],"rotation":0,"texture":"#0","tintindex":0}}},{"from":[6.6122446,8.489796,6.6122446],"to":[8.32653,11.346939,10.612246],"rotation":{"angle":0.0,"axis":"y","origin":[7.755102,4.4897957,7.755102]},"faces":{"east":{"uv":[6.0,0.0,9.5,2.5],"rotation":0,"texture":"#0","tintindex":0},"south":{"uv":[11.0,2.5,12.5,5.0],"rotation":0,"texture":"#0","tintindex":0},"north":{"uv":[11.0,0.0,12.5,2.5],"rotation":0,"texture":"#0","tintindex":0},"west":{"uv":[6.0,2.5,9.5,5.0],"rotation":0,"texture":"#0","tintindex":0},"up":{"uv":[4.5,11.0,3.0,7.5],"rotation":0,"texture":"#0","tintindex":0},"down":{"uv":[6.0,7.5,4.5,11.0],"rotation":0,"texture":"#0","tintindex":0}}},{"from":[8.32653,8.489796,6.6122446],"to":[10.040816,13.061224,10.040816],"rotation":{"angle":0.0,"axis":"y","origin":[7.755102,4.4897957,7.755102]},"faces":{"east":{"uv":[0.0,0.0,3.0,4.0],"rotation":0,"texture":"#0","tintindex":0},"south":{"uv":[1.5,7.5,3.0,11.5],"rotation":0,"texture":"#0","tintindex":0},"north":{"uv":[0.0,7.5,1.5,11.5],"rotation":0,"texture":"#0","tintindex":0},"west":{"uv":[3.0,0.0,6.0,4.0],"rotation":0,"texture":"#0","tintindex":0},"up":{"uv":[11.0,9.0,9.5,6.0],"rotation":0,"texture":"#0","tintindex":0},"down":{"uv":[7.5,10.5,6.0,13.5],"rotation":0,"texture":"#0","tintindex":0}}},{"from":[6.0408163,7.9183674,7.1836734],"to":[10.040816,8.489796,9.469388],"rotation":{"angle":0.0,"axis":"y","origin":[7.755102,4.4897957,7.755102]},"faces":{"east":{"uv":[12.0,9.0,14.0,9.5],"rotation":0,"texture":"#0","tintindex":0},"south":{"uv":[11.5,10.5,15.0,11.0],"rotation":0,"texture":"#0","tintindex":0},"north":{"uv":[11.0,8.5,14.5,9.0],"rotation":0,"texture":"#0","tintindex":0},"west":{"uv":[12.0,9.5,14.0,10.0],"rotation":0,"texture":"#0","tintindex":0},"up":{"uv":[9.5,7.0,6.0,5.0],"rotation":0,"texture":"#0","tintindex":0},"down":{"uv":[9.5,7.0,6.0,9.0],"rotation":0,"texture":"#0","tintindex":0}}},{"from":[6.0408163,8.489796,7.1836734],"to":[6.6122446,10.775511,9.469388],"rotation":{"angle":0.0,"axis":"y","origin":[7.755102,4.4897957,7.755102]},"faces":{"east":{"uv":[7.5,10.5,9.5,12.5],"rotation":0,"texture":"#0","tintindex":0},"south":{"uv":[2.0,11.5,2.5,13.5],"rotation":0,"texture":"#0","tintindex":0},"north":{"uv":[1.5,11.5,2.0,13.5],"rotation":0,"texture":"#0","tintindex":0},"west":{"uv":[9.5,10.5,11.5,12.5],"rotation":0,"texture":"#0","tintindex":0},"up":{"uv":[3.0,13.5,2.5,11.5],"rotation":0,"texture":"#0","tintindex":0},"down":{"uv":[12.0,12.0,11.5,14.0],"rotation":0,"texture":"#0","tintindex":0}}},{"from":[8.0,8.0,8.0],"to":[8.571428,8.571428,8.571428],"rotation":{"angle":0.0,"axis":"y","origin":[8.0,8.0,8.0]},"faces":{"east":{"uv":[0.0,0.0,0.5,0.5],"rotation":0,"texture":"#0","tintindex":0},"south":{"uv":[0.0,0.0,0.5,0.5],"rotation":0,"texture":"#0","tintindex":0},"north":{"uv":[0.0,0.0,0.5,0.5],"rotation":0,"texture":"#0","tintindex":0},"west":{"uv":[0.0,0.0,0.5,0.5],"rotation":0,"texture":"#0","tintindex":0},"up":{"uv":[0.0,0.0,0.5,0.5],"rotation":0,"texture":"#0","tintindex":0},"down":{"uv":[0.0,0.0,0.5,0.5],"rotation":0,"texture":"#0","tintindex":0}}}],"display":{"head":{"translation":[0.0,-6.4,0.0],"scale":[4.0,4.0,4.0]}}}