{"textures":{"0":"modelengine:entity/wolfebersahd"},"elements":[{"from":[5.142857,8.0,3.4285712],"to":[10.857143,8.0,8.0],"rotation":{"angle":0.0,"axis":"y","origin":[7.428571,6.285714,14.0]},"faces":{"east":{"uv":[0.0125,0.0125,0.9875,0.0125],"rotation":0,"texture":"#0","tintindex":0},"south":{"uv":[0.0125,0.0125,1.2375,0.0125],"rotation":0,"texture":"#0","tintindex":0},"north":{"uv":[0.0125,0.0125,1.2375,0.0125],"rotation":0,"texture":"#0","tintindex":0},"west":{"uv":[0.0125,0.0125,0.9875,0.0125],"rotation":0,"texture":"#0","tintindex":0},"up":{"uv":[12.2625,1.9875,13.4875,1.0125],"rotation":0,"texture":"#0","tintindex":0},"down":{"uv":[13.4875,1.0125,12.2625,1.9875],"rotation":0,"texture":"#0","tintindex":0}}}],"display":{"head":{"translation":[0.0,-6.4,0.0],"scale":[4.0,4.0,4.0]}}}