{"textures":{"0":"modelengine:entity/wolfebersahd"},"elements":[{"from":[8.0,4.6285715,5.8571424],"to":[10.285714,8.057143,10.428572],"rotation":{"angle":0.0,"axis":"y","origin":[20.057144,28.57143,4.142857]},"faces":{"east":{"uv":[13.5125,1.0125,14.4875,1.7375],"rotation":0,"texture":"#0","tintindex":0},"south":{"uv":[3.7625,14.5125,4.2375,15.2375],"rotation":0,"texture":"#0","tintindex":0},"north":{"uv":[14.5125,1.3875,14.9875,2.1125],"rotation":0,"texture":"#0","tintindex":0},"west":{"uv":[13.5125,9.8875,14.4875,10.6125],"rotation":0,"texture":"#0","tintindex":0},"up":{"uv":[14.4875,2.7375,14.0125,1.7625],"rotation":0,"texture":"#0","tintindex":0},"down":{"uv":[6.6125,14.0125,6.1375,14.9875],"rotation":0,"texture":"#0","tintindex":0}}},{"from":[9.771429,5.142857,4.714286],"to":[11.485714,8.0,7.5714283],"rotation":{"angle":45.0,"axis":"x","origin":[10.6285715,5.714286,5.285714]},"faces":{"east":{"uv":[14.2625,0.0125,14.8625,0.6125],"rotation":0,"texture":"#0","tintindex":0},"south":{"uv":[9.6375,14.7625,9.9875,15.3625],"rotation":0,"texture":"#0","tintindex":0},"north":{"uv":[9.2625,14.7625,9.6125,15.3625],"rotation":0,"texture":"#0","tintindex":0},"west":{"uv":[3.1375,14.2625,3.7375,14.8625],"rotation":0,"texture":"#0","tintindex":0},"up":{"uv":[10.3625,15.3625,10.0125,14.7625],"rotation":0,"texture":"#0","tintindex":0},"down":{"uv":[15.1125,10.3875,14.7625,10.9875],"rotation":0,"texture":"#0","tintindex":0}}},{"from":[10.057143,3.7378259,4.652771],"to":[11.2,5.4521117,5.795628],"rotation":{"angle":22.5,"axis":"x","origin":[10.342857,6.0235405,5.2241993]},"faces":{"east":{"uv":[8.8875,9.7625,9.1125,10.1125],"rotation":0,"texture":"#0","tintindex":0},"south":{"uv":[8.8875,10.1375,9.1125,10.4875],"rotation":0,"texture":"#0","tintindex":0},"north":{"uv":[3.7625,7.2625,3.9875,7.6125],"rotation":0,"texture":"#0","tintindex":0},"west":{"uv":[6.1375,10.3875,6.3625,10.7375],"rotation":0,"texture":"#0","tintindex":0},"up":{"uv":[10.6125,11.4875,10.3875,11.2625],"rotation":0,"texture":"#0","tintindex":0},"down":{"uv":[5.3625,11.3875,5.1375,11.6125],"rotation":0,"texture":"#0","tintindex":0}}},{"from":[8.0,1.1999998,5.8571424],"to":[9.714286,4.6285715,7.5714283],"rotation":{"angle":0.0,"axis":"y","origin":[20.0,28.62857,4.142857]},"faces":{"east":{"uv":[8.7625,7.3875,9.1125,8.1125],"rotation":0,"texture":"#0","tintindex":0},"south":{"uv":[4.7625,12.5125,5.1125,13.2375],"rotation":0,"texture":"#0","tintindex":0},"north":{"uv":[6.3875,3.0125,6.7375,3.7375],"rotation":0,"texture":"#0","tintindex":0},"west":{"uv":[5.7625,14.3875,6.1125,15.1125],"rotation":0,"texture":"#0","tintindex":0},"up":{"uv":[15.2375,6.4875,14.8875,6.1375],"rotation":0,"texture":"#0","tintindex":0},"down":{"uv":[15.2375,6.5125,14.8875,6.8625],"rotation":0,"texture":"#0","tintindex":0}}},{"from":[8.130842,0.7302685,6.142857],"to":[10.987986,1.8731256,7.285714],"rotation":{"angle":0.0,"axis":"z","origin":[9.2737,1.3016973,6.714286]},"faces":{"east":{"uv":[3.7625,7.6375,3.9875,7.8625],"rotation":0,"texture":"#0","tintindex":0},"south":{"uv":[12.2625,2.0125,12.8625,2.2375],"rotation":0,"texture":"#0","tintindex":0},"north":{"uv":[4.0125,11.1375,4.6125,11.3625],"rotation":0,"texture":"#0","tintindex":0},"west":{"uv":[11.2625,7.0125,11.4875,7.2375],"rotation":0,"texture":"#0","tintindex":0},"up":{"uv":[15.3625,3.4875,14.7625,3.2625],"rotation":0,"texture":"#0","tintindex":0},"down":{"uv":[15.4875,0.3875,14.8875,0.6125],"rotation":0,"texture":"#0","tintindex":0}}}],"display":{"head":{"translation":[0.0,-6.4,0.0],"scale":[4.0,4.0,4.0]}}}