{"textures":{"0":"modelengine:entity/wolfebersahd"},"elements":[{"from":[6.4030695,-1.140193,4.055724],"to":[8.688785,3.4312358,7.484296],"rotation":{"angle":0.0,"axis":"y","origin":[8.0,9.6,6.714286]},"faces":{"east":{"uv":[13.3875,12.1375,14.1125,13.1125],"rotation":0,"texture":"#0","tintindex":0},"south":{"uv":[0.5125,14.0125,0.9875,14.9875],"rotation":0,"texture":"#0","tintindex":0},"north":{"uv":[0.0125,14.0125,0.4875,14.9875],"rotation":0,"texture":"#0","tintindex":0},"west":{"uv":[13.5125,0.0125,14.2375,0.9875],"rotation":0,"texture":"#0","tintindex":0},"up":{"uv":[14.9875,1.3625,14.5125,0.6375],"rotation":0,"texture":"#0","tintindex":0},"down":{"uv":[1.4875,14.5125,1.0125,15.2375],"rotation":0,"texture":"#0","tintindex":0}}},{"from":[6.4030695,3.4312358,3.4842958],"to":[9.831641,8.002665,8.055724],"rotation":{"angle":0.0,"axis":"y","origin":[8.0,9.6,6.714286]},"faces":{"east":{"uv":[13.0125,2.0125,13.9875,2.9875],"rotation":0,"texture":"#0","tintindex":0},"south":{"uv":[13.3875,3.0125,14.1125,3.9875],"rotation":0,"texture":"#0","tintindex":0},"north":{"uv":[4.0125,5.7625,4.7375,6.7375],"rotation":0,"texture":"#0","tintindex":0},"west":{"uv":[6.1375,13.0125,7.1125,13.9875],"rotation":0,"texture":"#0","tintindex":0},"up":{"uv":[5.4875,14.3625,4.7625,13.3875],"rotation":0,"texture":"#0","tintindex":0},"down":{"uv":[14.1125,11.1375,13.3875,12.1125],"rotation":0,"texture":"#0","tintindex":0}}},{"from":[6.4030695,8.637601,8.564316],"to":[9.831641,12.066173,8.564316],"rotation":{"angle":22.5,"axis":"x","origin":[8.0,9.6,6.714286]},"faces":{"east":{"uv":[0.0125,0.0125,0.0125,0.7375],"rotation":0,"texture":"#0","tintindex":0},"south":{"uv":[8.0125,13.8875,8.7375,14.6125],"rotation":0,"texture":"#0","tintindex":0},"north":{"uv":[8.7375,13.8875,8.0125,14.6125],"rotation":0,"texture":"#0","tintindex":0},"west":{"uv":[0.0125,0.0125,0.0125,0.7375],"rotation":0,"texture":"#0","tintindex":0},"up":{"uv":[0.7375,0.0125,0.0125,0.0125],"rotation":0,"texture":"#0","tintindex":0},"down":{"uv":[0.7375,0.0125,0.0125,0.0125],"rotation":0,"texture":"#0","tintindex":0}}}],"display":{"head":{"translation":[0.0,-6.4,0.0],"scale":[4.0,4.0,4.0]}}}