{"textures":{"0":"modelengine:entity/wolfebersahd"},"elements":[{"from":[7.9834433,4.5268736,6.5714283],"to":[9.697729,7.9554453,9.428572],"rotation":{"angle":0.0,"axis":"y","origin":[19.983444,31.955446,5.428571]},"faces":{"east":{"uv":[6.5125,15.2625,7.1125,15.9875],"rotation":0,"texture":"#0","tintindex":0},"south":{"uv":[7.1375,15.2625,7.4875,15.9875],"rotation":0,"texture":"#0","tintindex":0},"north":{"uv":[5.3875,15.2625,5.7375,15.9875],"rotation":0,"texture":"#0","tintindex":0},"west":{"uv":[4.7625,15.2625,5.3625,15.9875],"rotation":0,"texture":"#0","tintindex":0},"up":{"uv":[6.4875,15.9875,6.1375,15.3875],"rotation":0,"texture":"#0","tintindex":0},"down":{"uv":[6.1125,15.3875,5.7625,15.9875],"rotation":0,"texture":"#0","tintindex":0}}},{"from":[8.114285,4.0571427,6.857143],"to":[10.971429,5.2,9.142858],"rotation":{"angle":0.0,"axis":"z","origin":[9.257143,4.6285715,8.0]},"faces":{"east":{"uv":[0.0125,15.5125,0.4875,15.7375],"rotation":0,"texture":"#0","tintindex":0},"south":{"uv":[1.8875,15.7625,2.4875,15.9875],"rotation":0,"texture":"#0","tintindex":0},"north":{"uv":[0.0125,15.7625,0.6125,15.9875],"rotation":0,"texture":"#0","tintindex":0},"west":{"uv":[0.0125,15.2625,0.4875,15.4875],"rotation":0,"texture":"#0","tintindex":0},"up":{"uv":[1.8625,15.9875,1.2625,15.5125],"rotation":0,"texture":"#0","tintindex":0},"down":{"uv":[1.2375,15.5125,0.6375,15.9875],"rotation":0,"texture":"#0","tintindex":0}}}],"display":{"head":{"translation":[0.0,-6.4,0.0],"scale":[4.0,4.0,4.0]}}}