{"textures":{"0":"modelengine:entity/wolfebersahd"},"elements":[{"from":[4.8571424,4.8571424,8.0],"to":[11.142858,11.142858,14.857143],"rotation":{"angle":0.0,"axis":"y","origin":[8.0,8.0,9.714286]},"faces":{"east":{"uv":[6.7625,4.1375,8.2375,5.4875],"rotation":0,"texture":"#0","tintindex":0},"south":{"uv":[7.7625,8.3875,9.1125,9.7375],"rotation":0,"texture":"#0","tintindex":0},"north":{"uv":[6.3875,8.3875,7.7375,9.7375],"rotation":0,"texture":"#0","tintindex":0},"west":{"uv":[6.7625,5.5125,8.2375,6.8625],"rotation":0,"texture":"#0","tintindex":0},"up":{"uv":[7.3625,8.3625,6.0125,6.8875],"rotation":0,"texture":"#0","tintindex":0},"down":{"uv":[8.4875,0.0125,7.1375,1.4875],"rotation":0,"texture":"#0","tintindex":0}}},{"from":[4.8571424,12.454387,14.596377],"to":[11.142858,12.454387,19.167805],"rotation":{"angle":-22.5,"axis":"x","origin":[8.0,12.454387,18.024948]},"faces":{"east":{"uv":[6.7625,4.1375,8.2375,5.4875],"rotation":0,"texture":"#0","tintindex":0},"south":{"uv":[7.7625,8.3875,9.1125,9.7375],"rotation":0,"texture":"#0","tintindex":0},"north":{"uv":[6.3875,8.3875,7.7375,9.7375],"rotation":0,"texture":"#0","tintindex":0},"west":{"uv":[6.7625,5.5125,8.2375,6.8625],"rotation":0,"texture":"#0","tintindex":0},"up":{"uv":[3.7625,6.1375,2.3875,7.1375],"rotation":0,"texture":"#0","tintindex":0},"down":{"uv":[3.7625,7.1375,2.3875,6.1375],"rotation":0,"texture":"#0","tintindex":0}}},{"from":[3.545085,4.8571424,14.596159],"to":[3.545085,11.142858,19.167587],"rotation":{"angle":-22.5,"axis":"y","origin":[3.545085,8.0,18.02473]},"faces":{"east":{"uv":[3.7625,7.1375,2.3875,6.1375],"rotation":270,"texture":"#0","tintindex":0},"south":{"uv":[7.7625,8.3875,9.1125,9.7375],"rotation":270,"texture":"#0","tintindex":0},"north":{"uv":[6.3875,8.3875,7.7375,9.7375],"rotation":90,"texture":"#0","tintindex":0},"west":{"uv":[3.7625,6.1375,2.3875,7.1375],"rotation":270,"texture":"#0","tintindex":0},"up":{"uv":[6.7625,4.1375,8.2375,5.4875],"rotation":270,"texture":"#0","tintindex":0},"down":{"uv":[6.7625,5.5125,8.2375,6.8625],"rotation":270,"texture":"#0","tintindex":0}}},{"from":[12.454387,4.8571424,14.596377],"to":[12.454387,11.142858,19.167805],"rotation":{"angle":22.5,"axis":"y","origin":[12.454387,8.0,18.024948]},"faces":{"east":{"uv":[3.7625,7.1375,2.3875,6.1375],"rotation":270,"texture":"#0","tintindex":0},"south":{"uv":[7.7625,9.7375,9.1125,8.3875],"rotation":270,"texture":"#0","tintindex":0},"north":{"uv":[6.3875,9.7375,7.7375,8.3875],"rotation":90,"texture":"#0","tintindex":0},"west":{"uv":[3.7625,6.1375,2.3875,7.1375],"rotation":270,"texture":"#0","tintindex":0},"up":{"uv":[6.7625,5.4875,8.2375,4.1375],"rotation":270,"texture":"#0","tintindex":0},"down":{"uv":[6.7625,6.8625,8.2375,5.5125],"rotation":270,"texture":"#0","tintindex":0}}}],"display":{"head":{"translation":[0.0,-6.4,0.0],"scale":[4.0,4.0,4.0]}}}