{"textures":{"0":"modelengine:entity/wolfebersahd"},"elements":[{"from":[5.428571,5.428571,8.0],"to":[10.571428,10.571428,13.142858],"rotation":{"angle":0.0,"axis":"y","origin":[8.0,8.0,9.714286]},"faces":{"east":{"uv":[11.0125,3.7625,12.1125,4.8625],"rotation":0,"texture":"#0","tintindex":0},"south":{"uv":[11.1375,0.0125,12.2375,1.1125],"rotation":0,"texture":"#0","tintindex":0},"north":{"uv":[10.8875,8.3875,11.9875,9.4875],"rotation":0,"texture":"#0","tintindex":0},"west":{"uv":[11.1375,1.1375,12.2375,2.2375],"rotation":0,"texture":"#0","tintindex":0},"up":{"uv":[3.9875,12.2375,2.8875,11.1375],"rotation":0,"texture":"#0","tintindex":0},"down":{"uv":[12.2375,9.5125,11.1375,10.6125],"rotation":0,"texture":"#0","tintindex":0}}}],"display":{"head":{"translation":[0.0,-6.4,0.0],"scale":[4.0,4.0,4.0]}}}