{"textures":{"0":"modelengine:entity/terrako"},"elements":[{"from":[5.714286,7.714286,5.714286],"to":[10.285714,8.285714,10.285714],"rotation":{"angle":0.0,"axis":"y","origin":[8.0,8.0,8.0]},"faces":{"east":{"uv":[11.0,7.5,12.0,8.0],"rotation":0,"texture":"#0","tintindex":0},"south":{"uv":[10.0,7.5,11.0,8.0],"rotation":0,"texture":"#0","tintindex":0},"north":{"uv":[8.0,7.5,9.0,8.0],"rotation":0,"texture":"#0","tintindex":0},"west":{"uv":[9.0,7.5,10.0,8.0],"rotation":0,"texture":"#0","tintindex":0},"up":{"uv":[13.375,9.5,12.375,5.5],"rotation":270,"texture":"#0","tintindex":0},"down":{"uv":[11.0,0.0,10.0,4.0],"rotation":90,"texture":"#0","tintindex":0}}}],"display":{"head":{"translation":[0.0,-6.4,0.0],"scale":[4.0,4.0,4.0]}}}