{"textures":{"0":"modelengine:entity/terrako"},"elements":[{"from":[5.142857,-0.57142925,5.142857],"to":[10.857143,2.2857141,10.857143],"rotation":{"angle":0.0,"axis":"y","origin":[8.0,-2.285715,8.0]},"faces":{"east":{"uv":[11.0,13.5,12.25,16.0],"rotation":0,"texture":"#0","tintindex":0},"south":{"uv":[14.75,13.5,16.0,16.0],"rotation":0,"texture":"#0","tintindex":0},"north":{"uv":[12.25,13.5,13.5,16.0],"rotation":0,"texture":"#0","tintindex":0},"west":{"uv":[13.5,13.5,14.75,16.0],"rotation":0,"texture":"#0","tintindex":0},"up":{"uv":[13.5,10.0,12.25,5.0],"rotation":0,"texture":"#0","tintindex":0},"down":{"uv":[14.75,5.0,13.5,10.0],"rotation":0,"texture":"#0","tintindex":0}}}],"display":{"head":{"translation":[0.0,-6.4,0.0],"scale":[4.0,4.0,4.0]}}}