{"textures":{"0":"modelengine:entity/terrako"},"elements":[{"from":[6.285714,7.714286,6.285714],"to":[9.714286,10.571428,9.714286],"rotation":{"angle":0.0,"axis":"y","origin":[8.0,9.142858,8.0]},"faces":{"east":{"uv":[8.5,13.5,9.5,16.0],"rotation":0,"texture":"#0","tintindex":0},"south":{"uv":[8.5,13.5,9.5,16.0],"rotation":0,"texture":"#0","tintindex":0},"north":{"uv":[8.5,13.5,9.5,16.0],"rotation":0,"texture":"#0","tintindex":0},"west":{"uv":[8.5,13.5,9.5,16.0],"rotation":0,"texture":"#0","tintindex":0},"up":{"uv":[13.25,9.0,12.5,6.0],"rotation":0,"texture":"#0","tintindex":0},"down":{"uv":[14.5,6.0,13.75,9.0],"rotation":0,"texture":"#0","tintindex":0}}}],"display":{"head":{"translation":[0.0,-6.4,0.0],"scale":[4.0,4.0,4.0]}}}