{"textures":{"0":"modelengine:entity/terrako"},"elements":[{"from":[5.714286,5.428571,5.714286],"to":[10.285714,9.428572,10.285714],"rotation":{"angle":0.0,"axis":"y","origin":[7.535714,7.428571,8.464286]},"faces":{"east":{"uv":[8.0,4.0,9.0,7.525],"rotation":0,"texture":"#0","tintindex":0},"south":{"uv":[11.0,4.0,12.0,7.525],"rotation":0,"texture":"#0","tintindex":0},"north":{"uv":[9.0,4.0,10.0,7.525],"rotation":0,"texture":"#0","tintindex":0},"west":{"uv":[10.0,4.0,11.0,7.525],"rotation":0,"texture":"#0","tintindex":0},"up":{"uv":[10.0,4.0,9.0,0.0],"rotation":0,"texture":"#0","tintindex":0},"down":{"uv":[11.0,0.0,10.0,4.0],"rotation":0,"texture":"#0","tintindex":0}}},{"from":[5.142857,7.714286,7.428571],"to":[7.428571,10.0,8.571428],"rotation":{"angle":0.0,"axis":"y","origin":[6.964286,-4.8359795,8.892858]},"faces":{"east":{"uv":[13.5,1.0,13.75,3.0],"rotation":0,"texture":"#0","tintindex":0},"south":{"uv":[13.125,1.0,13.625,3.0],"rotation":0,"texture":"#0","tintindex":0},"north":{"uv":[12.375,1.0,12.875,3.0],"rotation":0,"texture":"#0","tintindex":0},"west":{"uv":[12.25,1.0,12.5,3.0],"rotation":0,"texture":"#0","tintindex":0},"up":{"uv":[15.375,3.5,14.875,2.5],"rotation":0,"texture":"#0","tintindex":0},"down":{"uv":[14.5,2.5,14.0,3.5],"rotation":0,"texture":"#0","tintindex":0}}},{"from":[8.571428,7.714286,7.428571],"to":[10.857143,10.0,8.571428],"rotation":{"angle":0.0,"axis":"y","origin":[6.964286,-4.8359795,8.892858]},"faces":{"east":{"uv":[12.25,1.0,12.5,3.0],"rotation":0,"texture":"#0","tintindex":0},"south":{"uv":[13.28125,1.0,13.75,3.0],"rotation":0,"texture":"#0","tintindex":0},"north":{"uv":[12.25,1.0,12.75,3.0],"rotation":0,"texture":"#0","tintindex":0},"west":{"uv":[13.125,1.0,13.375,3.0],"rotation":0,"texture":"#0","tintindex":0},"up":{"uv":[14.375,3.5,13.875,2.5],"rotation":0,"texture":"#0","tintindex":0},"down":{"uv":[15.25,2.5,14.75,3.5],"rotation":0,"texture":"#0","tintindex":0}}},{"from":[7.428571,6.5714283,5.428571],"to":[8.571428,7.714286,6.5714283],"rotation":{"angle":0.0,"axis":"y","origin":[6.964286,5.449735,8.892858]},"faces":{"east":{"uv":[9.375,5.5,9.625,6.5],"rotation":0,"texture":"#0","tintindex":0},"south":{"uv":[9.375,5.5,9.625,6.5],"rotation":0,"texture":"#0","tintindex":0},"north":{"uv":[9.375,5.5,9.625,6.5],"rotation":0,"texture":"#0","tintindex":0},"west":{"uv":[9.375,5.5,9.625,6.5],"rotation":0,"texture":"#0","tintindex":0},"up":{"uv":[9.375,5.5,9.625,6.5],"rotation":0,"texture":"#0","tintindex":0},"down":{"uv":[9.375,5.5,9.625,6.5],"rotation":0,"texture":"#0","tintindex":0}}}],"display":{"head":{"translation":[0.0,-6.4,0.0],"scale":[4.0,4.0,4.0]}}}