{"textures":{"0":"modelengine:entity/terrako"},"elements":[{"from":[5.714286,4.5714283,7.428571],"to":[8.0,8.0,9.714286],"rotation":{"angle":0.0,"axis":"y","origin":[6.714286,4.5714283,5.714286]},"faces":{"east":{"uv":[8.0,13.0,8.5,16.0],"rotation":0,"texture":"#0","tintindex":0},"south":{"uv":[9.5,13.0,10.0,16.0],"rotation":0,"texture":"#0","tintindex":0},"north":{"uv":[8.5,13.0,9.0,16.0],"rotation":0,"texture":"#0","tintindex":0},"west":{"uv":[9.0,13.0,9.5,16.0],"rotation":0,"texture":"#0","tintindex":0},"up":{"uv":[9.0,13.0,8.5,11.0],"rotation":0,"texture":"#0","tintindex":0},"down":{"uv":[9.5,11.0,9.0,13.0],"rotation":0,"texture":"#0","tintindex":0}}}],"display":{"head":{"translation":[0.0,-6.4,0.0],"scale":[4.0,4.0,4.0]}}}