{"textures":{"0":"modelengine:entity/terrako"},"elements":[{"from":[7.696296,7.8179893,7.714286],"to":[8.267725,9.532275,8.285714],"rotation":{"angle":0.0,"axis":"y","origin":[5.1248674,11.803703,8.0]},"faces":{"east":{"uv":[3.5,12.0,2.0,11.0],"rotation":90,"texture":"#0","tintindex":0},"south":{"uv":[3.5,12.0,2.0,11.0],"rotation":90,"texture":"#0","tintindex":0},"north":{"uv":[3.5,11.0,2.0,12.0],"rotation":90,"texture":"#0","tintindex":0},"west":{"uv":[0.5,6.0,0.875,5.5],"rotation":270,"texture":"#missing","tintindex":0},"up":{"uv":[3.0,11.0,3.5,12.0],"rotation":270,"texture":"#0","tintindex":0},"down":{"uv":[1.5,12.0,2.0,11.0],"rotation":90,"texture":"#0","tintindex":0}}},{"from":[7.1248674,7.8179893,7.714286],"to":[7.696296,9.532275,8.285714],"rotation":{"angle":0.0,"axis":"y","origin":[5.1248674,10.675133,8.0]},"faces":{"east":{"uv":[1.0,5.5,0.625,5.0],"rotation":90,"texture":"#missing","tintindex":0},"south":{"uv":[4.0,11.0,2.5,10.0],"rotation":90,"texture":"#0","tintindex":0},"north":{"uv":[4.0,10.0,2.5,11.0],"rotation":90,"texture":"#0","tintindex":0},"west":{"uv":[2.5,11.0,4.0,10.0],"rotation":270,"texture":"#0","tintindex":0},"up":{"uv":[3.5,10.0,4.0,11.0],"rotation":270,"texture":"#0","tintindex":0},"down":{"uv":[2.0,11.0,2.5,10.0],"rotation":90,"texture":"#0","tintindex":0}}},{"from":[6.553439,7.8238096,7.714286],"to":[7.1248674,8.395238,8.285714],"rotation":{"angle":0.0,"axis":"y","origin":[5.1248674,10.61799,8.0]},"faces":{"east":{"uv":[0.75,5.0,0.625,4.5],"rotation":90,"texture":"#missing","tintindex":0},"south":{"uv":[3.0,10.0,2.5,9.0],"rotation":90,"texture":"#0","tintindex":0},"north":{"uv":[3.0,9.0,2.5,10.0],"rotation":90,"texture":"#0","tintindex":0},"west":{"uv":[2.5,10.0,3.0,9.0],"rotation":270,"texture":"#0","tintindex":0},"up":{"uv":[2.5,9.0,3.0,10.0],"rotation":270,"texture":"#0","tintindex":0},"down":{"uv":[2.5,10.0,3.0,9.0],"rotation":90,"texture":"#0","tintindex":0}}},{"from":[5.9820104,8.389418,7.714286],"to":[6.553439,10.675133,8.285714],"rotation":{"angle":0.0,"axis":"y","origin":[5.1248674,10.1037035,8.0]},"faces":{"east":{"uv":[5.0,9.0,3.0,8.0],"rotation":90,"texture":"#0","tintindex":0},"south":{"uv":[5.0,9.0,3.0,8.0],"rotation":90,"texture":"#0","tintindex":0},"north":{"uv":[5.0,8.0,3.0,9.0],"rotation":90,"texture":"#0","tintindex":0},"west":{"uv":[3.0,9.0,5.0,8.0],"rotation":270,"texture":"#0","tintindex":0},"up":{"uv":[4.5,8.0,5.0,9.0],"rotation":270,"texture":"#0","tintindex":0},"down":{"uv":[3.5,9.0,3.0,8.0],"rotation":90,"texture":"#0","tintindex":0}}},{"from":[5.4105816,8.960847,7.714286],"to":[5.9820104,11.246561,8.285714],"rotation":{"angle":0.0,"axis":"y","origin":[5.1248674,10.1037035,8.0]},"faces":{"east":{"uv":[5.5,8.0,3.5,7.0],"rotation":90,"texture":"#0","tintindex":0},"south":{"uv":[5.5,8.0,3.5,7.0],"rotation":90,"texture":"#0","tintindex":0},"north":{"uv":[5.5,7.0,3.5,8.0],"rotation":90,"texture":"#0","tintindex":0},"west":{"uv":[3.5,8.0,5.5,7.0],"rotation":270,"texture":"#0","tintindex":0},"up":{"uv":[5.0,7.0,5.5,8.0],"rotation":270,"texture":"#0","tintindex":0},"down":{"uv":[4.0,8.0,3.5,7.0],"rotation":90,"texture":"#0","tintindex":0}}},{"from":[6.553439,8.960847,7.714286],"to":[7.1248674,10.1037035,8.285714],"rotation":{"angle":0.0,"axis":"y","origin":[5.1248674,10.1037035,8.0]},"faces":{"east":{"uv":[4.5,10.0,3.5,9.0],"rotation":90,"texture":"#0","tintindex":0},"south":{"uv":[4.5,10.0,3.5,9.0],"rotation":90,"texture":"#0","tintindex":0},"north":{"uv":[4.5,9.0,3.5,10.0],"rotation":90,"texture":"#0","tintindex":0},"west":{"uv":[0.875,5.0,1.125,4.5],"rotation":270,"texture":"#missing","tintindex":0},"up":{"uv":[4.0,9.0,4.5,10.0],"rotation":270,"texture":"#0","tintindex":0},"down":{"uv":[4.0,10.0,3.5,9.0],"rotation":90,"texture":"#0","tintindex":0}}},{"from":[4.2677245,9.532275,7.714286],"to":[4.8391533,12.389418,8.285714],"rotation":{"angle":0.0,"axis":"y","origin":[5.1248674,10.1037035,8.0]},"faces":{"east":{"uv":[6.5,6.0,4.0,5.0],"rotation":90,"texture":"#0","tintindex":0},"south":{"uv":[6.5,6.0,4.0,5.0],"rotation":90,"texture":"#0","tintindex":0},"north":{"uv":[6.5,5.0,4.0,6.0],"rotation":90,"texture":"#0","tintindex":0},"west":{"uv":[4.0,6.0,6.5,5.0],"rotation":270,"texture":"#0","tintindex":0},"up":{"uv":[6.0,5.0,6.5,6.0],"rotation":270,"texture":"#0","tintindex":0},"down":{"uv":[4.5,6.0,4.0,5.0],"rotation":90,"texture":"#0","tintindex":0}}},{"from":[4.8391533,9.532275,7.714286],"to":[5.4105816,11.817989,8.285714],"rotation":{"angle":0.0,"axis":"y","origin":[5.1248674,10.1037035,8.0]},"faces":{"east":{"uv":[6.0,7.0,4.0,6.0],"rotation":90,"texture":"#0","tintindex":0},"south":{"uv":[6.0,7.0,4.0,6.0],"rotation":90,"texture":"#0","tintindex":0},"north":{"uv":[6.0,6.0,4.0,7.0],"rotation":90,"texture":"#0","tintindex":0},"west":{"uv":[1.0,3.5,1.5,3.0],"rotation":270,"texture":"#missing","tintindex":0},"up":{"uv":[5.5,6.0,6.0,7.0],"rotation":270,"texture":"#0","tintindex":0},"down":{"uv":[4.5,7.0,4.0,6.0],"rotation":90,"texture":"#0","tintindex":0}}},{"from":[3.6962957,10.1037035,7.714286],"to":[4.2677245,12.960847,8.285714],"rotation":{"angle":0.0,"axis":"y","origin":[5.1248674,10.1037035,8.0]},"faces":{"east":{"uv":[7.0,5.0,4.5,4.0],"rotation":90,"texture":"#0","tintindex":0},"south":{"uv":[7.0,5.0,4.5,4.0],"rotation":90,"texture":"#0","tintindex":0},"north":{"uv":[7.0,4.0,4.5,5.0],"rotation":90,"texture":"#0","tintindex":0},"west":{"uv":[4.5,5.0,7.0,4.0],"rotation":270,"texture":"#0","tintindex":0},"up":{"uv":[6.5,4.0,7.0,5.0],"rotation":270,"texture":"#0","tintindex":0},"down":{"uv":[5.0,5.0,4.5,4.0],"rotation":90,"texture":"#0","tintindex":0}}},{"from":[3.1248674,10.675133,7.714286],"to":[3.6962957,12.389418,8.285714],"rotation":{"angle":0.0,"axis":"y","origin":[5.1248674,10.1037035,8.0]},"faces":{"east":{"uv":[1.625,2.0,1.25,1.5],"rotation":90,"texture":"#missing","tintindex":0},"south":{"uv":[6.5,4.0,5.0,3.0],"rotation":90,"texture":"#0","tintindex":0},"north":{"uv":[6.5,3.0,5.0,4.0],"rotation":90,"texture":"#0","tintindex":0},"west":{"uv":[5.0,4.0,6.5,3.0],"rotation":270,"texture":"#0","tintindex":0},"up":{"uv":[6.0,3.0,6.5,4.0],"rotation":270,"texture":"#0","tintindex":0},"down":{"uv":[5.5,4.0,5.0,3.0],"rotation":90,"texture":"#0","tintindex":0}}},{"from":[2.5534387,11.246561,7.714286],"to":[3.1248674,14.103704,8.285714],"rotation":{"angle":0.0,"axis":"y","origin":[5.1248674,10.1037035,8.0]},"faces":{"east":{"uv":[8.0,3.0,5.5,2.0],"rotation":90,"texture":"#0","tintindex":0},"south":{"uv":[8.0,3.0,5.5,2.0],"rotation":90,"texture":"#0","tintindex":0},"north":{"uv":[8.0,2.0,5.5,3.0],"rotation":90,"texture":"#0","tintindex":0},"west":{"uv":[5.5,3.0,8.0,2.0],"rotation":270,"texture":"#0","tintindex":0},"up":{"uv":[7.5,2.0,8.0,3.0],"rotation":270,"texture":"#0","tintindex":0},"down":{"uv":[6.0,3.0,5.5,2.0],"rotation":90,"texture":"#0","tintindex":0}}},{"from":[1.9820104,11.817989,7.714286],"to":[2.5534387,13.532275,8.285714],"rotation":{"angle":0.0,"axis":"y","origin":[5.1248674,10.1037035,8.0]},"faces":{"east":{"uv":[1.875,1.0,1.5,0.5],"rotation":90,"texture":"#missing","tintindex":0},"south":{"uv":[7.5,2.0,6.0,1.0],"rotation":90,"texture":"#0","tintindex":0},"north":{"uv":[7.5,1.0,6.0,2.0],"rotation":90,"texture":"#0","tintindex":0},"west":{"uv":[6.0,2.0,7.5,1.0],"rotation":270,"texture":"#0","tintindex":0},"up":{"uv":[7.0,1.0,7.5,2.0],"rotation":270,"texture":"#0","tintindex":0},"down":{"uv":[6.5,2.0,6.0,1.0],"rotation":90,"texture":"#0","tintindex":0}}}],"display":{"head":{"translation":[0.0,-6.4,0.0],"scale":[4.0,4.0,4.0]}}}