{"textures":{"0":"modelengine:entity/terrako"},"elements":[{"from":[5.3999996,7.701587,7.714286],"to":[8.257143,8.273016,8.285714],"rotation":{"angle":0.0,"axis":"y","origin":[4.910053,7.3597884,7.714286]},"faces":{"east":{"uv":[9.75,7.5,9.875,8.0],"rotation":0,"texture":"#0","tintindex":0},"south":{"uv":[9.75,7.5,10.375,8.0],"rotation":0,"texture":"#0","tintindex":0},"north":{"uv":[9.75,7.5,10.375,8.0],"rotation":0,"texture":"#0","tintindex":0},"west":{"uv":[9.75,7.5,9.875,8.0],"rotation":0,"texture":"#0","tintindex":0},"up":{"uv":[9.75,7.5,10.375,8.0],"rotation":0,"texture":"#0","tintindex":0},"down":{"uv":[9.75,7.5,10.375,8.0],"rotation":0,"texture":"#0","tintindex":0}}}],"display":{"head":{"translation":[0.0,-6.4,0.0],"scale":[4.0,4.0,4.0]}}}