{"textures":{"0":"modelengine:entity/wizpiglin_2"},"elements":[{"from":[8.0,8.0,8.0],"to":[8.571428,8.571428,8.571428],"rotation":{"angle":0.0,"axis":"y","origin":[8.0,8.0,8.0]},"faces":{"east":{"uv":[10.5,0.5,11.0,1.0],"rotation":0,"texture":"#0","tintindex":0},"south":{"uv":[10.5,0.5,11.0,1.0],"rotation":0,"texture":"#0","tintindex":0},"north":{"uv":[10.5,0.5,11.0,1.0],"rotation":0,"texture":"#0","tintindex":0},"west":{"uv":[10.5,0.5,11.0,1.0],"rotation":0,"texture":"#0","tintindex":0},"up":{"uv":[10.5,0.5,11.0,1.0],"rotation":0,"texture":"#0","tintindex":0},"down":{"uv":[10.5,0.5,11.0,1.0],"rotation":0,"texture":"#0","tintindex":0}}}],"display":{"head":{"translation":[0.0,-6.4,0.0],"scale":[4.0,4.0,4.0]}}}