{"textures":{"1":"modelengine:entity/wizpiglin_2_arc"},"elements":[{"from":[8.0,5.0123644,8.428572],"to":[8.0,10.72665,14.142858],"rotation":{"angle":22.5,"axis":"z","origin":[8.0,9.583794,8.0]},"faces":{"east":{"uv":[7.375,1.5,1.375,7.5],"rotation":0,"texture":"#1","tintindex":0},"south":{"uv":[0.0,0.0,0.0,10.0],"rotation":0,"texture":"#1","tintindex":0},"north":{"uv":[0.0,0.0,0.0,10.0],"rotation":0,"texture":"#1","tintindex":0},"west":{"uv":[1.375,1.5,7.375,7.5],"rotation":0,"texture":"#1","tintindex":0},"up":{"uv":[0.0,0.0,0.0,10.0],"rotation":0,"texture":"#1","tintindex":0},"down":{"uv":[0.0,0.0,0.0,10.0],"rotation":0,"texture":"#1","tintindex":0}}},{"from":[1.8571424,9.012365,8.0],"to":[7.5714283,14.726651,8.0],"rotation":{"angle":22.5,"axis":"x","origin":[8.0,10.155222,8.0]},"faces":{"east":{"uv":[0.0,10.0,0.0,0.0],"rotation":0,"texture":"#1","tintindex":0},"south":{"uv":[14.375,7.5,8.375,1.5],"rotation":0,"texture":"#1","tintindex":0},"north":{"uv":[8.375,7.5,14.375,1.5],"rotation":0,"texture":"#1","tintindex":0},"west":{"uv":[0.0,10.0,0.0,0.0],"rotation":0,"texture":"#1","tintindex":0},"up":{"uv":[0.0,0.0,0.0,10.0],"rotation":270,"texture":"#1","tintindex":0},"down":{"uv":[0.0,0.0,0.0,10.0],"rotation":90,"texture":"#1","tintindex":0}}},{"from":[8.0,5.0123644,1.8571424],"to":[8.0,10.72665,7.5714283],"rotation":{"angle":-22.5,"axis":"z","origin":[8.0,9.583794,8.0]},"faces":{"east":{"uv":[1.375,7.625,7.375,13.625],"rotation":0,"texture":"#1","tintindex":0},"south":{"uv":[0.0,0.0,0.0,10.0],"rotation":0,"texture":"#1","tintindex":0},"north":{"uv":[0.0,0.0,0.0,10.0],"rotation":0,"texture":"#1","tintindex":0},"west":{"uv":[7.375,7.625,1.375,13.625],"rotation":0,"texture":"#1","tintindex":0},"up":{"uv":[0.0,0.0,0.0,10.0],"rotation":180,"texture":"#1","tintindex":0},"down":{"uv":[0.0,0.0,0.0,10.0],"rotation":180,"texture":"#1","tintindex":0}}},{"from":[8.428572,10.155222,8.0],"to":[14.142858,15.869509,8.0],"rotation":{"angle":-22.5,"axis":"x","origin":[8.0,11.2980795,8.0]},"faces":{"east":{"uv":[0.0,10.0,0.0,0.0],"rotation":0,"texture":"#1","tintindex":0},"south":{"uv":[8.375,13.625,14.375,7.625],"rotation":0,"texture":"#1","tintindex":0},"north":{"uv":[14.375,13.625,8.375,7.625],"rotation":0,"texture":"#1","tintindex":0},"west":{"uv":[0.0,10.0,0.0,0.0],"rotation":0,"texture":"#1","tintindex":0},"up":{"uv":[0.0,0.0,0.0,10.0],"rotation":90,"texture":"#1","tintindex":0},"down":{"uv":[0.0,0.0,0.0,10.0],"rotation":270,"texture":"#1","tintindex":0}}}],"display":{"head":{"translation":[0.0,-6.4,0.0],"scale":[4.0,4.0,4.0]}}}