{"textures":{"0":"modelengine:entity/skog_bonsai_birch"},"elements":[{"from":[5.6162734,8.948052,7.205855],"to":[8.416274,10.548052,8.805855],"rotation":{"angle":0.0,"axis":"y","origin":[6.4162736,6.1480517,8.005855]},"faces":{"east":{"uv":[7.0,6.25,7.75,7.0],"rotation":0,"texture":"#0","tintindex":0},"south":{"uv":[7.0,0.0,8.25,0.75],"rotation":0,"texture":"#0","tintindex":0},"north":{"uv":[4.5,6.75,5.75,7.5],"rotation":0,"texture":"#0","tintindex":0},"west":{"uv":[7.0,7.0,7.75,7.75],"rotation":0,"texture":"#0","tintindex":0},"up":{"uv":[8.25,5.5,7.0,4.75],"rotation":0,"texture":"#0","tintindex":0},"down":{"uv":[8.25,5.5,7.0,6.25],"rotation":0,"texture":"#0","tintindex":0}}},{"from":[3.6162734,9.348052,8.005855],"to":[6.4162736,10.148052,8.805855],"rotation":{"angle":22.5,"axis":"y","origin":[6.0162735,5.348052,8.405855]},"faces":{"east":{"uv":[6.5,5.0,6.75,5.25],"rotation":0,"texture":"#0","tintindex":0},"south":{"uv":[7.5,1.25,8.75,1.5],"rotation":0,"texture":"#0","tintindex":0},"north":{"uv":[4.5,3.75,5.75,4.0],"rotation":0,"texture":"#0","tintindex":0},"west":{"uv":[6.75,5.0,7.0,5.25],"rotation":0,"texture":"#0","tintindex":0},"up":{"uv":[8.75,1.75,7.5,1.5],"rotation":0,"texture":"#0","tintindex":0},"down":{"uv":[8.75,1.75,7.5,2.0],"rotation":0,"texture":"#0","tintindex":0}}},{"from":[3.6162734,10.148052,8.205855],"to":[4.0162735,10.948052,8.605855],"rotation":{"angle":22.5,"axis":"y","origin":[6.0162735,5.348052,8.405855]},"faces":{"east":{"uv":[3.25,7.5,3.5,7.75],"rotation":0,"texture":"#0","tintindex":0},"south":{"uv":[4.5,7.5,4.75,7.75],"rotation":0,"texture":"#0","tintindex":0},"north":{"uv":[3.0,7.5,3.25,7.75],"rotation":0,"texture":"#0","tintindex":0},"west":{"uv":[4.75,7.5,5.0,7.75],"rotation":0,"texture":"#0","tintindex":0},"up":{"uv":[5.25,7.75,5.0,7.5],"rotation":0,"texture":"#0","tintindex":0},"down":{"uv":[5.5,7.5,5.25,7.75],"rotation":0,"texture":"#0","tintindex":0}}},{"from":[2.016273,9.348052,8.405855],"to":[5.2162733,10.948052,8.405855],"rotation":{"angle":22.5,"axis":"y","origin":[6.0162735,5.348052,8.405855]},"faces":{"east":{"uv":[0.0,0.0,0.0,0.75],"rotation":0,"texture":"#0","tintindex":0},"south":{"uv":[6.5,2.5,8.0,3.25],"rotation":0,"texture":"#0","tintindex":0},"north":{"uv":[2.0,6.5,3.5,7.25],"rotation":0,"texture":"#0","tintindex":0},"west":{"uv":[0.0,0.0,0.0,0.75],"rotation":0,"texture":"#0","tintindex":0},"up":{"uv":[1.5,0.0,0.0,0.0],"rotation":0,"texture":"#0","tintindex":0},"down":{"uv":[1.5,0.0,0.0,0.0],"rotation":0,"texture":"#0","tintindex":0}}},{"from":[1.4162731,10.948052,6.0058546],"to":[6.2162733,12.548052,10.805855],"rotation":{"angle":22.5,"axis":"y","origin":[6.0162735,5.348052,8.405855]},"faces":{"east":{"uv":[0.0,5.75,2.0,6.5],"rotation":0,"texture":"#0","tintindex":0},"south":{"uv":[2.0,5.75,4.0,6.5],"rotation":0,"texture":"#0","tintindex":0},"north":{"uv":[4.0,5.25,6.0,6.0],"rotation":0,"texture":"#0","tintindex":0},"west":{"uv":[4.0,6.0,6.0,6.75],"rotation":0,"texture":"#0","tintindex":0},"up":{"uv":[4.5,2.0,2.5,0.0],"rotation":0,"texture":"#0","tintindex":0},"down":{"uv":[4.5,2.0,2.5,4.0],"rotation":0,"texture":"#0","tintindex":0}}},{"from":[3.8162732,9.348052,6.4058547],"to":[3.8162732,10.948052,10.005856],"rotation":{"angle":22.5,"axis":"y","origin":[6.0162735,5.348052,8.405855]},"faces":{"east":{"uv":[6.5,3.25,8.0,4.0],"rotation":0,"texture":"#0","tintindex":0},"south":{"uv":[0.0,0.0,0.0,0.75],"rotation":0,"texture":"#0","tintindex":0},"north":{"uv":[0.0,0.0,0.0,0.75],"rotation":0,"texture":"#0","tintindex":0},"west":{"uv":[6.5,4.0,8.0,4.75],"rotation":0,"texture":"#0","tintindex":0},"up":{"uv":[0.0,1.5,0.0,0.0],"rotation":0,"texture":"#0","tintindex":0},"down":{"uv":[0.0,0.0,0.0,1.5],"rotation":0,"texture":"#0","tintindex":0}}},{"from":[5.6162734,12.148052,5.605855],"to":[11.216274,14.948052,10.005856],"rotation":{"angle":-45.0,"axis":"y","origin":[6.4162736,6.1480517,8.005855]},"faces":{"east":{"uv":[4.5,1.25,6.5,2.5],"rotation":0,"texture":"#0","tintindex":0},"south":{"uv":[4.5,0.0,7.0,1.25],"rotation":0,"texture":"#0","tintindex":0},"north":{"uv":[4.0,4.0,6.5,5.25],"rotation":0,"texture":"#0","tintindex":0},"west":{"uv":[4.5,2.5,6.5,3.75],"rotation":0,"texture":"#0","tintindex":0},"up":{"uv":[2.5,2.0,0.0,0.0],"rotation":0,"texture":"#0","tintindex":0},"down":{"uv":[2.5,2.0,0.0,4.0],"rotation":0,"texture":"#0","tintindex":0}}},{"from":[6.8162737,10.148052,7.4058547],"to":[8.816274,10.948052,8.605855],"rotation":{"angle":-45.0,"axis":"y","origin":[6.4162736,5.348052,8.205855]},"faces":{"east":{"uv":[3.5,6.5,4.0,6.75],"rotation":0,"texture":"#0","tintindex":0},"south":{"uv":[2.75,7.25,3.5,7.5],"rotation":0,"texture":"#0","tintindex":0},"north":{"uv":[5.75,3.75,6.5,4.0],"rotation":0,"texture":"#0","tintindex":0},"west":{"uv":[6.5,4.75,7.0,5.0],"rotation":0,"texture":"#0","tintindex":0},"up":{"uv":[7.75,1.25,7.0,0.75],"rotation":0,"texture":"#0","tintindex":0},"down":{"uv":[2.75,7.25,2.0,7.75],"rotation":0,"texture":"#0","tintindex":0}}},{"from":[7.8762736,10.948052,7.605855],"to":[8.676273,12.148052,8.405855],"rotation":{"angle":-45.0,"axis":"y","origin":[6.4162736,5.348052,8.405855]},"faces":{"east":{"uv":[5.75,7.25,6.0,7.75],"rotation":0,"texture":"#0","tintindex":0},"south":{"uv":[7.5,2.0,7.75,2.5],"rotation":0,"texture":"#0","tintindex":0},"north":{"uv":[5.75,6.75,6.0,7.25],"rotation":0,"texture":"#0","tintindex":0},"west":{"uv":[2.75,7.5,3.0,8.0],"rotation":0,"texture":"#0","tintindex":0},"up":{"uv":[5.75,7.75,5.5,7.5],"rotation":0,"texture":"#0","tintindex":0},"down":{"uv":[6.25,7.5,6.0,7.75],"rotation":0,"texture":"#0","tintindex":0}}},{"from":[6.8162737,7.348052,6.805855],"to":[9.216273,10.148052,9.205855],"rotation":{"angle":0.0,"axis":"y","origin":[6.4162736,6.1480517,8.005855]},"faces":{"east":{"uv":[0.0,6.5,1.0,7.75],"rotation":0,"texture":"#0","tintindex":0},"south":{"uv":[1.0,6.5,2.0,7.75],"rotation":0,"texture":"#0","tintindex":0},"north":{"uv":[6.0,5.25,7.0,6.5],"rotation":0,"texture":"#0","tintindex":0},"west":{"uv":[6.5,1.25,7.5,2.5],"rotation":0,"texture":"#0","tintindex":0},"up":{"uv":[7.0,7.5,6.0,6.5],"rotation":0,"texture":"#0","tintindex":0},"down":{"uv":[4.5,6.75,3.5,7.75],"rotation":0,"texture":"#0","tintindex":0}}},{"from":[8.816274,10.948052,7.805855],"to":[13.216274,14.948052,7.805855],"rotation":{"angle":-45.0,"axis":"y","origin":[6.4162736,6.1480517,8.005855]},"faces":{"east":{"uv":[0.0,0.0,0.0,1.75],"rotation":0,"texture":"#0","tintindex":0},"south":{"uv":[2.0,4.0,4.0,5.75],"rotation":0,"texture":"#0","tintindex":0},"north":{"uv":[0.0,4.0,2.0,5.75],"rotation":0,"texture":"#0","tintindex":0},"west":{"uv":[0.0,0.0,0.0,1.75],"rotation":0,"texture":"#0","tintindex":0},"up":{"uv":[2.0,0.0,0.0,0.0],"rotation":0,"texture":"#0","tintindex":0},"down":{"uv":[2.0,0.0,0.0,0.0],"rotation":0,"texture":"#0","tintindex":0}}}],"display":{"head":{"translation":[0.0,-6.4,0.0],"scale":[4.0,4.0,4.0]}}}