{"textures":{"0":"modelengine:entity/skog_birch"},"elements":[{"from":[7.9195714,-0.3124199,11.165903],"to":[9.062428,1.9732947,16.308762],"rotation":{"angle":22.5,"axis":"x","origin":[6.5548515,7.6797304,11.32314]},"faces":{"east":{"uv":[12.002,6.002,12.5605,6.248],"rotation":0,"texture":"#0","tintindex":0},"south":{"uv":[8.627,9.0645,8.748,9.3105],"rotation":0,"texture":"#0","tintindex":0},"north":{"uv":[8.627,9.3145,8.748,9.5605],"rotation":0,"texture":"#0","tintindex":0},"west":{"uv":[12.002,6.252,12.5605,6.498],"rotation":0,"texture":"#0","tintindex":0},"up":{"uv":[11.8105,3.6855,11.252,3.5645],"rotation":90,"texture":"#0","tintindex":0},"down":{"uv":[12.373,3.877,11.8145,3.998],"rotation":270,"texture":"#0","tintindex":0}}},{"from":[7.348143,0.42793798,7.2181654],"to":[9.633858,7.8565097,9.50388],"rotation":{"angle":0.0,"axis":"y","origin":[4.2691374,11.965445,9.608854]},"faces":{"east":{"uv":[11.752,2.1895,11.998,2.998],"rotation":0,"texture":"#0","tintindex":0},"south":{"uv":[11.752,6.4395,11.998,7.248],"rotation":0,"texture":"#0","tintindex":0},"north":{"uv":[6.377,11.8145,6.623,12.623],"rotation":0,"texture":"#0","tintindex":0},"west":{"uv":[11.8145,3.002,12.0605,3.8105],"rotation":0,"texture":"#0","tintindex":0},"up":{"uv":[12.3105,9.123,12.0645,8.877],"rotation":90,"texture":"#0","tintindex":0},"down":{"uv":[12.3105,9.127,12.0645,9.373],"rotation":270,"texture":"#0","tintindex":0}}}],"display":{"head":{"translation":[0.0,-6.4,0.0],"scale":[4.0,4.0,4.0]}}}