{"textures":{"2":"modelengine:entity/undeadcrew5"},"elements":[{"from":[7.434032,6.833717,8.090888],"to":[9.148317,7.976574,9.805174],"rotation":{"angle":0.0,"axis":"y","origin":[8.291175,5.476574,8.662317]},"faces":{"east":{"uv":[11.4995,7.2505,10.7505,7.7495],"rotation":0,"texture":"#2","tintindex":0},"south":{"uv":[11.4995,6.7505,10.7505,7.2495],"rotation":0,"texture":"#2","tintindex":0},"north":{"uv":[11.4995,5.7505,10.7505,6.2495],"rotation":0,"texture":"#2","tintindex":0},"west":{"uv":[11.4995,6.2505,10.7505,6.7495],"rotation":0,"texture":"#2","tintindex":0},"up":{"uv":[6.0005,11.4995,6.7495,10.7505],"rotation":0,"texture":"#2","tintindex":0},"down":{"uv":[6.7505,10.7505,7.4995,11.4995],"rotation":0,"texture":"#2","tintindex":0}}},{"from":[6.862603,5.69086,7.5194597],"to":[9.719747,6.833717,10.376603],"rotation":{"angle":0.0,"axis":"y","origin":[8.291175,5.476574,8.662317]},"faces":{"east":{"uv":[11.4995,3.5005,10.2505,3.9995],"rotation":0,"texture":"#2","tintindex":0},"south":{"uv":[11.4995,3.0005,10.2505,3.4995],"rotation":0,"texture":"#2","tintindex":0},"north":{"uv":[11.4995,2.0005,10.2505,2.4995],"rotation":0,"texture":"#2","tintindex":0},"west":{"uv":[11.4995,2.5005,10.2505,2.9995],"rotation":0,"texture":"#2","tintindex":0},"up":{"uv":[6.5005,2.7495,7.7495,1.5005],"rotation":0,"texture":"#2","tintindex":0},"down":{"uv":[8.7505,5.0E-4,9.9995,1.2495],"rotation":0,"texture":"#2","tintindex":0}}},{"from":[7.434032,3.4051452,8.090888],"to":[9.148317,5.69086,9.805174],"rotation":{"angle":0.0,"axis":"y","origin":[8.291175,5.476574,8.662317]},"faces":{"east":{"uv":[10.7495,5.0E-4,10.0005,0.9995],"rotation":0,"texture":"#2","tintindex":0},"south":{"uv":[10.4995,10.0005,9.7505,10.9995],"rotation":0,"texture":"#2","tintindex":0},"north":{"uv":[8.9995,10.0005,8.2505,10.9995],"rotation":0,"texture":"#2","tintindex":0},"west":{"uv":[9.7495,10.0005,9.0005,10.9995],"rotation":0,"texture":"#2","tintindex":0},"up":{"uv":[7.5005,11.4995,8.2495,10.7505],"rotation":0,"texture":"#2","tintindex":0},"down":{"uv":[10.7505,5.0E-4,11.4995,0.7495],"rotation":0,"texture":"#2","tintindex":0}}},{"from":[7.434032,3.4051452,7.5194597],"to":[9.148317,3.976574,8.090888],"rotation":{"angle":0.0,"axis":"y","origin":[8.291175,5.476574,8.662317]},"faces":{"east":{"uv":[1.9995,8.7505,1.7505,8.9995],"rotation":0,"texture":"#2","tintindex":0},"south":{"uv":[7.4995,5.7505,6.7505,5.9995],"rotation":0,"texture":"#2","tintindex":0},"north":{"uv":[6.7495,5.7505,6.0005,5.9995],"rotation":0,"texture":"#2","tintindex":0},"west":{"uv":[7.7495,5.7505,7.5005,5.9995],"rotation":0,"texture":"#2","tintindex":0},"up":{"uv":[8.7505,1.4995,9.4995,1.2505],"rotation":0,"texture":"#2","tintindex":0},"down":{"uv":[9.5005,3.7505,10.2495,3.9995],"rotation":0,"texture":"#2","tintindex":0}}}],"display":{"head":{"translation":[0.0,-6.4,0.0],"scale":[4.0,4.0,4.0]}}}