{"textures":{"2":"modelengine:entity/undeadcrew5"},"elements":[{"from":[7.357584,4.219159,7.2451916],"to":[8.500442,8.219159,8.388049],"rotation":{"angle":0.0,"axis":"y","origin":[7.929013,6.219159,7.8166203]},"faces":{"east":{"uv":[5.2495,10.0005,4.7505,11.7495],"rotation":0,"texture":"#2","tintindex":0},"south":{"uv":[2.9995,10.0005,2.5005,11.7495],"rotation":0,"texture":"#2","tintindex":0},"north":{"uv":[1.9995,10.0005,1.5005,11.7495],"rotation":0,"texture":"#2","tintindex":0},"west":{"uv":[2.4995,10.0005,2.0005,11.7495],"rotation":0,"texture":"#2","tintindex":0},"up":{"uv":[10.7505,9.9995,11.2495,9.5005],"rotation":0,"texture":"#2","tintindex":0},"down":{"uv":[1.0005,11.0005,1.4995,11.4995],"rotation":0,"texture":"#2","tintindex":0}}}],"display":{"head":{"translation":[0.0,-6.4,0.0],"scale":[4.0,4.0,4.0]}}}