{"textures":{"2":"modelengine:entity/undeadcrew5"},"elements":[{"from":[7.499559,4.219159,7.2451916],"to":[8.642416,8.219159,8.388049],"rotation":{"angle":0.0,"axis":"y","origin":[8.070988,6.219159,7.8166203]},"faces":{"east":{"uv":[2.0005,10.0005,2.4995,11.7495],"rotation":0,"texture":"#2","tintindex":0},"south":{"uv":[2.5005,10.0005,2.9995,11.7495],"rotation":0,"texture":"#2","tintindex":0},"north":{"uv":[1.5005,10.0005,1.9995,11.7495],"rotation":0,"texture":"#2","tintindex":0},"west":{"uv":[4.7505,10.0005,5.2495,11.7495],"rotation":0,"texture":"#2","tintindex":0},"up":{"uv":[11.2495,9.9995,10.7505,9.5005],"rotation":0,"texture":"#2","tintindex":0},"down":{"uv":[1.4995,11.0005,1.0005,11.4995],"rotation":0,"texture":"#2","tintindex":0}}}],"display":{"head":{"translation":[0.0,-6.4,0.0],"scale":[4.0,4.0,4.0]}}}