{"textures":{"2":"modelengine:entity/undeadcrew5"},"elements":[{"from":[7.558044,5.083914,6.87021],"to":[8.700901,7.941057,8.013067],"rotation":{"angle":0.0,"axis":"y","origin":[7.966207,4.7981997,6.584496]},"faces":{"east":{"uv":[10.2505,7.0005,10.7495,8.2495],"rotation":0,"texture":"#2","tintindex":0},"south":{"uv":[10.5005,10.5005,10.9995,11.7495],"rotation":0,"texture":"#2","tintindex":0},"north":{"uv":[10.2505,5.7505,10.7495,6.9995],"rotation":0,"texture":"#2","tintindex":0},"west":{"uv":[10.5005,4.0005,10.9995,5.2495],"rotation":0,"texture":"#2","tintindex":0},"up":{"uv":[3.4995,11.4995,3.0005,11.0005],"rotation":0,"texture":"#2","tintindex":0},"down":{"uv":[3.9995,11.0005,3.5005,11.4995],"rotation":0,"texture":"#2","tintindex":0}}},{"from":[7.558044,3.369628,6.87021],"to":[8.129473,4.5124855,8.013067],"rotation":{"angle":0.0,"axis":"y","origin":[7.966207,4.7981997,6.584496]},"faces":{"east":{"uv":[4.0005,11.0005,4.4995,11.4995],"rotation":0,"texture":"#2","tintindex":0},"south":{"uv":[10.2505,4.5005,10.4995,4.9995],"rotation":0,"texture":"#2","tintindex":0},"north":{"uv":[10.2505,4.0005,10.4995,4.4995],"rotation":0,"texture":"#2","tintindex":0},"west":{"uv":[8.2505,11.0005,8.7495,11.4995],"rotation":0,"texture":"#2","tintindex":0},"up":{"uv":[3.2495,10.9995,3.0005,10.5005],"rotation":0,"texture":"#2","tintindex":0},"down":{"uv":[4.7495,11.0005,4.5005,11.4995],"rotation":0,"texture":"#2","tintindex":0}}},{"from":[8.129473,3.369628,6.87021],"to":[8.700901,5.083914,8.013067],"rotation":{"angle":0.0,"axis":"y","origin":[7.966207,4.7981997,6.584496]},"faces":{"east":{"uv":[5.0E-4,11.0005,0.4995,11.7495],"rotation":0,"texture":"#2","tintindex":0},"south":{"uv":[7.5005,8.0005,7.7495,8.7495],"rotation":0,"texture":"#2","tintindex":0},"north":{"uv":[5.7505,7.2505,5.9995,7.9995],"rotation":0,"texture":"#2","tintindex":0},"west":{"uv":[0.5005,11.0005,0.9995,11.7495],"rotation":0,"texture":"#2","tintindex":0},"up":{"uv":[7.7495,9.2495,7.5005,8.7505],"rotation":0,"texture":"#2","tintindex":0},"down":{"uv":[3.2495,10.0005,3.0005,10.4995],"rotation":0,"texture":"#2","tintindex":0}}},{"from":[7.558044,4.9528275,6.211192],"to":[8.129473,6.0956845,6.782621],"rotation":{"angle":22.5,"axis":"x","origin":[7.966207,4.7981997,6.584496]},"faces":{"east":{"uv":[10.0005,11.0005,10.2495,11.4995],"rotation":0,"texture":"#2","tintindex":0},"south":{"uv":[10.2505,11.0005,10.4995,11.4995],"rotation":0,"texture":"#2","tintindex":0},"north":{"uv":[9.7505,11.0005,9.9995,11.4995],"rotation":0,"texture":"#2","tintindex":0},"west":{"uv":[11.0005,11.0005,11.2495,11.4995],"rotation":0,"texture":"#2","tintindex":0},"up":{"uv":[1.7495,9.9995,1.5005,9.7505],"rotation":0,"texture":"#2","tintindex":0},"down":{"uv":[4.9995,9.7505,4.7505,9.9995],"rotation":0,"texture":"#2","tintindex":0}}},{"from":[7.558044,3.9410567,6.2987814],"to":[8.129473,5.083914,6.87021],"rotation":{"angle":0.0,"axis":"y","origin":[7.966207,4.7981997,6.584496]},"faces":{"east":{"uv":[9.0005,11.0005,9.2495,11.4995],"rotation":0,"texture":"#2","tintindex":0},"south":{"uv":[9.2505,11.0005,9.4995,11.4995],"rotation":0,"texture":"#2","tintindex":0},"north":{"uv":[8.7505,11.0005,8.9995,11.4995],"rotation":0,"texture":"#2","tintindex":0},"west":{"uv":[9.5005,11.0005,9.7495,11.4995],"rotation":0,"texture":"#2","tintindex":0},"up":{"uv":[2.2495,8.9995,2.0005,8.7505],"rotation":0,"texture":"#2","tintindex":0},"down":{"uv":[9.7495,9.0005,9.5005,9.2495],"rotation":0,"texture":"#2","tintindex":0}}},{"from":[7.558044,2.972784,6.605047],"to":[8.129473,4.115641,7.176476],"rotation":{"angle":22.5,"axis":"x","origin":[7.966207,4.7981997,6.584496]},"faces":{"east":{"uv":[11.0005,1.2505,11.2495,1.7495],"rotation":0,"texture":"#2","tintindex":0},"south":{"uv":[11.0005,4.0005,11.2495,4.4995],"rotation":0,"texture":"#2","tintindex":0},"north":{"uv":[11.0005,0.7505,11.2495,1.2495],"rotation":0,"texture":"#2","tintindex":0},"west":{"uv":[11.0005,4.5005,11.2495,4.9995],"rotation":0,"texture":"#2","tintindex":0},"up":{"uv":[9.9995,9.2495,9.7505,9.0005],"rotation":0,"texture":"#2","tintindex":0},"down":{"uv":[10.2495,1.0005,10.0005,1.2495],"rotation":0,"texture":"#2","tintindex":0}}},{"from":[7.843758,2.7981997,-1.7012196],"to":[7.843758,7.941057,9.727353],"rotation":{"angle":0.0,"axis":"y","origin":[7.966207,4.7981997,6.584496]},"faces":{"east":{"uv":[5.0E-4,5.0E-4,4.9995,2.2495],"rotation":0,"texture":"#2","tintindex":0},"south":{"uv":[5.0E-4,5.0E-4,-0.0015625,2.2495],"rotation":0,"texture":"#2","tintindex":0},"north":{"uv":[5.0E-4,5.0E-4,-0.0015625,2.2495],"rotation":0,"texture":"#2","tintindex":0},"west":{"uv":[4.9995,5.0E-4,5.0E-4,2.2495],"rotation":0,"texture":"#2","tintindex":0},"up":{"uv":[5.0E-4,4.9995,-0.0015625,5.0E-4],"rotation":0,"texture":"#2","tintindex":0},"down":{"uv":[5.0E-4,5.0E-4,-0.0015625,4.9995],"rotation":0,"texture":"#2","tintindex":0}}}],"display":{"head":{"translation":[0.0,-6.4,0.0],"scale":[4.0,4.0,4.0]}}}