{"textures":{"2":"modelengine:entity/undeadcrew5"},"elements":[{"from":[6.851682,6.833717,8.090888],"to":[8.5659685,7.976574,9.805174],"rotation":{"angle":0.0,"axis":"y","origin":[7.708825,5.476574,8.662317]},"faces":{"east":{"uv":[10.7505,6.2505,11.4995,6.7495],"rotation":0,"texture":"#2","tintindex":0},"south":{"uv":[10.7505,6.7505,11.4995,7.2495],"rotation":0,"texture":"#2","tintindex":0},"north":{"uv":[10.7505,5.7505,11.4995,6.2495],"rotation":0,"texture":"#2","tintindex":0},"west":{"uv":[10.7505,7.2505,11.4995,7.7495],"rotation":0,"texture":"#2","tintindex":0},"up":{"uv":[6.7495,11.4995,6.0005,10.7505],"rotation":0,"texture":"#2","tintindex":0},"down":{"uv":[7.4995,10.7505,6.7505,11.4995],"rotation":0,"texture":"#2","tintindex":0}}},{"from":[6.280254,5.69086,7.5194597],"to":[9.137397,6.833717,10.376603],"rotation":{"angle":0.0,"axis":"y","origin":[7.708825,5.476574,8.662317]},"faces":{"east":{"uv":[10.2505,2.5005,11.4995,2.9995],"rotation":0,"texture":"#2","tintindex":0},"south":{"uv":[10.2505,3.0005,11.4995,3.4995],"rotation":0,"texture":"#2","tintindex":0},"north":{"uv":[10.2505,2.0005,11.4995,2.4995],"rotation":0,"texture":"#2","tintindex":0},"west":{"uv":[10.2505,3.5005,11.4995,3.9995],"rotation":0,"texture":"#2","tintindex":0},"up":{"uv":[7.7495,2.7495,6.5005,1.5005],"rotation":0,"texture":"#2","tintindex":0},"down":{"uv":[9.9995,5.0E-4,8.7505,1.2495],"rotation":0,"texture":"#2","tintindex":0}}},{"from":[6.851682,3.4051452,8.090888],"to":[8.5659685,5.69086,9.805174],"rotation":{"angle":0.0,"axis":"y","origin":[7.708825,5.476574,8.662317]},"faces":{"east":{"uv":[9.0005,10.0005,9.7495,10.9995],"rotation":0,"texture":"#2","tintindex":0},"south":{"uv":[9.7505,10.0005,10.4995,10.9995],"rotation":0,"texture":"#2","tintindex":0},"north":{"uv":[8.2505,10.0005,8.9995,10.9995],"rotation":0,"texture":"#2","tintindex":0},"west":{"uv":[10.0005,5.0E-4,10.7495,0.9995],"rotation":0,"texture":"#2","tintindex":0},"up":{"uv":[8.2495,11.4995,7.5005,10.7505],"rotation":0,"texture":"#2","tintindex":0},"down":{"uv":[11.4995,5.0E-4,10.7505,0.7495],"rotation":0,"texture":"#2","tintindex":0}}},{"from":[6.851682,3.4051452,7.5194597],"to":[8.5659685,3.976574,8.090888],"rotation":{"angle":0.0,"axis":"y","origin":[7.708825,5.476574,8.662317]},"faces":{"east":{"uv":[7.5005,5.7505,7.7495,5.9995],"rotation":0,"texture":"#2","tintindex":0},"south":{"uv":[6.7505,5.7505,7.4995,5.9995],"rotation":0,"texture":"#2","tintindex":0},"north":{"uv":[6.0005,5.7505,6.7495,5.9995],"rotation":0,"texture":"#2","tintindex":0},"west":{"uv":[1.7505,8.7505,1.9995,8.9995],"rotation":0,"texture":"#2","tintindex":0},"up":{"uv":[9.4995,1.4995,8.7505,1.2505],"rotation":0,"texture":"#2","tintindex":0},"down":{"uv":[10.2495,3.7505,9.5005,3.9995],"rotation":0,"texture":"#2","tintindex":0}}}],"display":{"head":{"translation":[0.0,-6.4,0.0],"scale":[4.0,4.0,4.0]}}}