{"textures":{"2":"modelengine:entity/undeadcrew5"},"elements":[{"from":[7.050231,5.127928,7.118541],"to":[8.764517,7.9850707,8.832827],"rotation":{"angle":0.0,"axis":"y","origin":[7.907374,6.5564995,7.9756837]},"faces":{"east":{"uv":[0.7505,9.7505,1.4995,10.9995],"rotation":0,"texture":"#2","tintindex":0},"south":{"uv":[3.2505,9.7505,3.9995,10.9995],"rotation":0,"texture":"#2","tintindex":0},"north":{"uv":[5.0E-4,9.7505,0.7495,10.9995],"rotation":0,"texture":"#2","tintindex":0},"west":{"uv":[4.0005,9.7505,4.7495,10.9995],"rotation":0,"texture":"#2","tintindex":0},"up":{"uv":[11.2495,8.9995,10.5005,8.2505],"rotation":0,"texture":"#2","tintindex":0},"down":{"uv":[5.9995,10.7505,5.2505,11.4995],"rotation":0,"texture":"#2","tintindex":0}}}],"display":{"head":{"translation":[0.0,-6.4,0.0],"scale":[4.0,4.0,4.0]}}}