{"textures":{"2":"modelengine:entity/undeadcrew5"},"elements":[{"from":[6.0,7.857143,9.007183],"to":[10.0,11.857143,9.007183],"rotation":{"angle":0.0,"axis":"y","origin":[8.0,9.142858,8.0]},"faces":{"east":{"uv":[5.0005,2.7505,5.9995,4.4995],"rotation":0,"texture":"#2","tintindex":0},"south":{"uv":[4.0005,7.2505,5.7495,8.9995],"rotation":0,"texture":"#2","tintindex":0},"north":{"uv":[4.0005,7.2505,5.7495,8.9995],"rotation":0,"texture":"#2","tintindex":0},"west":{"uv":[7.7505,4.0005,8.7495,5.7495],"rotation":0,"texture":"#2","tintindex":0},"up":{"uv":[9.4995,6.7495,7.7505,5.7505],"rotation":0,"texture":"#2","tintindex":0},"down":{"uv":[9.4995,6.7505,7.7505,7.7495],"rotation":0,"texture":"#2","tintindex":0}}},{"from":[10.0,7.857143,6.721469],"to":[10.0,11.857143,9.007183],"rotation":{"angle":0.0,"axis":"y","origin":[8.0,9.142858,8.0]},"faces":{"east":{"uv":[5.0005,2.7505,5.9995,4.4995],"rotation":0,"texture":"#2","tintindex":0},"south":{"uv":[4.0005,7.2505,5.7495,8.9995],"rotation":0,"texture":"#2","tintindex":0},"north":{"uv":[2.2505,7.2505,3.9995,8.9995],"rotation":0,"texture":"#2","tintindex":0},"west":{"uv":[7.7505,4.0005,8.7495,5.7495],"rotation":0,"texture":"#2","tintindex":0},"up":{"uv":[9.4995,6.7495,7.7505,5.7505],"rotation":0,"texture":"#2","tintindex":0},"down":{"uv":[9.4995,6.7505,7.7505,7.7495],"rotation":0,"texture":"#2","tintindex":0}}},{"from":[6.0,7.857143,6.721469],"to":[6.0,11.857143,9.007183],"rotation":{"angle":0.0,"axis":"y","origin":[8.0,9.142858,8.0]},"faces":{"east":{"uv":[5.0005,2.7505,5.9995,4.4995],"rotation":0,"texture":"#2","tintindex":0},"south":{"uv":[4.0005,7.2505,5.7495,8.9995],"rotation":0,"texture":"#2","tintindex":0},"north":{"uv":[2.2505,7.2505,3.9995,8.9995],"rotation":0,"texture":"#2","tintindex":0},"west":{"uv":[7.7505,4.0005,8.7495,5.7495],"rotation":0,"texture":"#2","tintindex":0},"up":{"uv":[9.4995,6.7495,7.7505,5.7505],"rotation":0,"texture":"#2","tintindex":0},"down":{"uv":[9.4995,6.7505,7.7505,7.7495],"rotation":0,"texture":"#2","tintindex":0}}},{"from":[6.0,7.857143,6.721469],"to":[10.0,11.857143,6.721469],"rotation":{"angle":0.0,"axis":"y","origin":[8.0,9.142858,8.0]},"faces":{"east":{"uv":[5.0005,2.7505,5.9995,4.4995],"rotation":0,"texture":"#2","tintindex":0},"south":{"uv":[2.2505,7.2505,3.9995,8.9995],"rotation":0,"texture":"#2","tintindex":0},"north":{"uv":[2.2505,7.2505,3.9995,8.9995],"rotation":0,"texture":"#2","tintindex":0},"west":{"uv":[7.7505,4.0005,8.7495,5.7495],"rotation":0,"texture":"#2","tintindex":0},"up":{"uv":[9.4995,6.7495,7.7505,5.7505],"rotation":0,"texture":"#2","tintindex":0},"down":{"uv":[9.4995,6.7505,7.7505,7.7495],"rotation":0,"texture":"#2","tintindex":0}}},{"from":[7.142857,11.265098,9.969228],"to":[8.857143,14.122241,9.969228],"rotation":{"angle":-22.5,"axis":"x","origin":[8.0,9.142858,8.0]},"faces":{"east":{"uv":[5.0E-4,5.0E-4,-0.0015625,1.2495],"rotation":0,"texture":"#2","tintindex":0},"south":{"uv":[9.5005,2.5005,10.2495,3.7495],"rotation":0,"texture":"#2","tintindex":0},"north":{"uv":[9.5005,1.2505,10.2495,2.4995],"rotation":0,"texture":"#2","tintindex":0},"west":{"uv":[5.0E-4,5.0E-4,-0.0015625,1.2495],"rotation":0,"texture":"#2","tintindex":0},"up":{"uv":[0.7495,5.0E-4,5.0E-4,-0.0015625],"rotation":0,"texture":"#2","tintindex":0},"down":{"uv":[0.7495,5.0E-4,5.0E-4,-0.0015625],"rotation":0,"texture":"#2","tintindex":0}}},{"from":[7.142857,5.483301,9.422538],"to":[8.857143,8.340445,9.422538],"rotation":{"angle":22.5,"axis":"x","origin":[8.0,9.142858,8.0]},"faces":{"east":{"uv":[5.0E-4,5.0E-4,-0.0015625,1.2495],"rotation":0,"texture":"#2","tintindex":0},"south":{"uv":[9.5005,7.0005,10.2495,8.2495],"rotation":0,"texture":"#2","tintindex":0},"north":{"uv":[9.5005,5.7505,10.2495,6.9995],"rotation":0,"texture":"#2","tintindex":0},"west":{"uv":[5.0E-4,5.0E-4,-0.0015625,1.2495],"rotation":0,"texture":"#2","tintindex":0},"up":{"uv":[0.7495,5.0E-4,5.0E-4,-0.0015625],"rotation":0,"texture":"#2","tintindex":0},"down":{"uv":[0.7495,5.0E-4,5.0E-4,-0.0015625],"rotation":0,"texture":"#2","tintindex":0}}},{"from":[6.0,5.5714283,7.007183],"to":[10.0,7.285714,9.292897],"rotation":{"angle":0.0,"axis":"y","origin":[8.0,9.142858,8.0]},"faces":{"east":{"uv":[6.2505,10.0005,7.2495,10.7495],"rotation":0,"texture":"#2","tintindex":0},"south":{"uv":[3.2505,9.0005,4.9995,9.7495],"rotation":0,"texture":"#2","tintindex":0},"north":{"uv":[8.7505,5.0005,10.4995,5.7495],"rotation":0,"texture":"#2","tintindex":0},"west":{"uv":[7.2505,10.0005,8.2495,10.7495],"rotation":0,"texture":"#2","tintindex":0},"up":{"uv":[7.4995,8.9995,5.7505,8.0005],"rotation":0,"texture":"#2","tintindex":0},"down":{"uv":[1.7495,8.7505,5.0E-4,9.7495],"rotation":0,"texture":"#2","tintindex":0}}},{"from":[7.142857,4.428571,7.007183],"to":[8.857143,5.5714283,9.292897],"rotation":{"angle":0.0,"axis":"y","origin":[8.0,9.142858,8.0]},"faces":{"east":{"uv":[10.5005,5.2505,11.4995,5.7495],"rotation":0,"texture":"#2","tintindex":0},"south":{"uv":[10.7505,9.0005,11.4995,9.4995],"rotation":0,"texture":"#2","tintindex":0},"north":{"uv":[10.7505,7.7505,11.4995,8.2495],"rotation":0,"texture":"#2","tintindex":0},"west":{"uv":[10.5005,10.0005,11.4995,10.4995],"rotation":0,"texture":"#2","tintindex":0},"up":{"uv":[10.7495,9.9995,10.0005,9.0005],"rotation":0,"texture":"#2","tintindex":0},"down":{"uv":[10.9995,1.0005,10.2505,1.9995],"rotation":0,"texture":"#2","tintindex":0}}},{"from":[5.8571424,12.0,6.578612],"to":[10.142858,12.0,9.150041],"rotation":{"angle":0.0,"axis":"y","origin":[8.0,9.142858,8.0]},"faces":{"east":{"uv":[4.5005,4.5005,5.9995,7.2495],"rotation":0,"texture":"#2","tintindex":0},"south":{"uv":[2.2505,4.5005,4.4995,7.2495],"rotation":0,"texture":"#2","tintindex":0},"north":{"uv":[5.0E-4,4.5005,2.2495,7.2495],"rotation":0,"texture":"#2","tintindex":0},"west":{"uv":[5.0005,5.0E-4,6.4995,2.7495],"rotation":0,"texture":"#2","tintindex":0},"up":{"uv":[8.7495,1.4995,6.5005,5.0E-4],"rotation":0,"texture":"#2","tintindex":0},"down":{"uv":[8.7495,5.0E-4,6.5005,1.4995],"rotation":0,"texture":"#2","tintindex":0}}},{"from":[5.8571424,6.142857,9.150041],"to":[10.142858,12.0,9.150041],"rotation":{"angle":0.0,"axis":"y","origin":[8.0,9.142858,8.0]},"faces":{"east":{"uv":[4.5005,4.5005,5.9995,7.2495],"rotation":0,"texture":"#2","tintindex":0},"south":{"uv":[2.2505,4.5005,4.4995,7.2495],"rotation":0,"texture":"#2","tintindex":0},"north":{"uv":[2.2505,4.5005,4.4995,7.2495],"rotation":0,"texture":"#2","tintindex":0},"west":{"uv":[5.0005,5.0E-4,6.4995,2.7495],"rotation":0,"texture":"#2","tintindex":0},"up":{"uv":[8.7495,1.4995,6.5005,5.0E-4],"rotation":0,"texture":"#2","tintindex":0},"down":{"uv":[2.2495,7.2505,5.0E-4,8.7495],"rotation":0,"texture":"#2","tintindex":0}}},{"from":[5.8571424,6.142857,6.578612],"to":[5.8571424,12.0,9.150041],"rotation":{"angle":0.0,"axis":"y","origin":[8.0,9.142858,8.0]},"faces":{"east":{"uv":[5.0005,5.0E-4,6.4995,2.7495],"rotation":0,"texture":"#2","tintindex":0},"south":{"uv":[2.2505,4.5005,4.4995,7.2495],"rotation":0,"texture":"#2","tintindex":0},"north":{"uv":[5.0E-4,4.5005,2.2495,7.2495],"rotation":0,"texture":"#2","tintindex":0},"west":{"uv":[5.0005,5.0E-4,6.4995,2.7495],"rotation":0,"texture":"#2","tintindex":0},"up":{"uv":[8.7495,1.4995,6.5005,5.0E-4],"rotation":0,"texture":"#2","tintindex":0},"down":{"uv":[2.2495,7.2505,5.0E-4,8.7495],"rotation":0,"texture":"#2","tintindex":0}}},{"from":[5.8571424,6.142857,6.578612],"to":[10.142858,12.0,6.578612],"rotation":{"angle":0.0,"axis":"y","origin":[8.0,9.142858,8.0]},"faces":{"east":{"uv":[4.5005,4.5005,5.9995,7.2495],"rotation":0,"texture":"#2","tintindex":0},"south":{"uv":[5.0E-4,4.5005,2.2495,7.2495],"rotation":0,"texture":"#2","tintindex":0},"north":{"uv":[5.0E-4,4.5005,2.2495,7.2495],"rotation":0,"texture":"#2","tintindex":0},"west":{"uv":[5.0005,5.0E-4,6.4995,2.7495],"rotation":0,"texture":"#2","tintindex":0},"up":{"uv":[8.7495,1.4995,6.5005,5.0E-4],"rotation":0,"texture":"#2","tintindex":0},"down":{"uv":[2.2495,7.2505,5.0E-4,8.7495],"rotation":0,"texture":"#2","tintindex":0}}},{"from":[10.142858,6.142857,6.578612],"to":[10.142858,12.0,9.150041],"rotation":{"angle":0.0,"axis":"y","origin":[8.0,9.142858,8.0]},"faces":{"east":{"uv":[4.5005,4.5005,5.9995,7.2495],"rotation":0,"texture":"#2","tintindex":0},"south":{"uv":[2.2505,4.5005,4.4995,7.2495],"rotation":0,"texture":"#2","tintindex":0},"north":{"uv":[5.0E-4,4.5005,2.2495,7.2495],"rotation":0,"texture":"#2","tintindex":0},"west":{"uv":[4.5005,4.5005,5.9995,7.2495],"rotation":0,"texture":"#2","tintindex":0},"up":{"uv":[8.7495,1.4995,6.5005,5.0E-4],"rotation":0,"texture":"#2","tintindex":0},"down":{"uv":[2.2495,7.2505,5.0E-4,8.7495],"rotation":0,"texture":"#2","tintindex":0}}}],"display":{"head":{"translation":[0.0,-6.4,0.0],"scale":[4.0,4.0,4.0]}}}