{"textures":{"0":"modelengine:entity/voras_eggsac"},"elements":[{"from":[2.8571424,4.4963593,2.8571424],"to":[13.142858,4.4963593,13.142858],"rotation":{"angle":0.0,"axis":"y","origin":[8.0,4.4392166,8.0]},"faces":{"east":{"uv":[0.0,0.0,4.5,0.0],"rotation":0,"texture":"#0","tintindex":0},"south":{"uv":[0.0,0.0,4.5,0.0],"rotation":0,"texture":"#0","tintindex":0},"north":{"uv":[0.0,0.0,4.5,0.0],"rotation":0,"texture":"#0","tintindex":0},"west":{"uv":[0.0,0.0,4.5,0.0],"rotation":0,"texture":"#0","tintindex":0},"up":{"uv":[4.5,4.5,0.0,0.0],"rotation":0,"texture":"#0","tintindex":0},"down":{"uv":[4.5,0.0,0.0,4.5],"rotation":0,"texture":"#0","tintindex":0}}},{"from":[4.0,5.067788,4.0],"to":[6.857143,5.067788,12.0],"rotation":{"angle":45.0,"axis":"z","origin":[4.8571424,4.4963593,8.0]},"faces":{"east":{"uv":[0.0,0.0,3.5,0.0],"rotation":0,"texture":"#0","tintindex":0},"south":{"uv":[0.0,0.0,1.25,0.0],"rotation":0,"texture":"#0","tintindex":0},"north":{"uv":[0.0,0.0,1.25,0.0],"rotation":0,"texture":"#0","tintindex":0},"west":{"uv":[0.0,0.0,3.5,0.0],"rotation":0,"texture":"#0","tintindex":0},"up":{"uv":[1.25,12.5,0.0,9.0],"rotation":0,"texture":"#0","tintindex":0},"down":{"uv":[1.25,9.0,0.0,12.5],"rotation":0,"texture":"#0","tintindex":0}}},{"from":[4.0,5.067788,4.0],"to":[12.0,5.067788,6.857143],"rotation":{"angle":-45.0,"axis":"x","origin":[8.0,4.4963593,4.8571424]},"faces":{"east":{"uv":[0.0,0.0,1.25,0.0],"rotation":0,"texture":"#0","tintindex":0},"south":{"uv":[0.0,0.0,3.5,0.0],"rotation":0,"texture":"#0","tintindex":0},"north":{"uv":[0.0,0.0,3.5,0.0],"rotation":0,"texture":"#0","tintindex":0},"west":{"uv":[0.0,0.0,1.25,0.0],"rotation":0,"texture":"#0","tintindex":0},"up":{"uv":[1.25,12.5,0.0,9.0],"rotation":90,"texture":"#0","tintindex":0},"down":{"uv":[1.25,9.0,0.0,12.5],"rotation":270,"texture":"#0","tintindex":0}}},{"from":[4.0,5.067788,9.142858],"to":[12.0,5.067788,12.0],"rotation":{"angle":45.0,"axis":"x","origin":[8.0,4.4963593,11.142858]},"faces":{"east":{"uv":[0.0,0.0,1.25,0.0],"rotation":0,"texture":"#0","tintindex":0},"south":{"uv":[0.0,0.0,3.5,0.0],"rotation":0,"texture":"#0","tintindex":0},"north":{"uv":[0.0,0.0,3.5,0.0],"rotation":0,"texture":"#0","tintindex":0},"west":{"uv":[0.0,0.0,1.25,0.0],"rotation":0,"texture":"#0","tintindex":0},"up":{"uv":[1.25,12.5,0.0,9.0],"rotation":270,"texture":"#0","tintindex":0},"down":{"uv":[1.25,9.0,0.0,12.5],"rotation":90,"texture":"#0","tintindex":0}}},{"from":[9.142858,5.067788,4.0],"to":[12.0,5.067788,12.0],"rotation":{"angle":-45.0,"axis":"z","origin":[11.142858,4.4963593,8.0]},"faces":{"east":{"uv":[0.0,0.0,3.5,0.0],"rotation":0,"texture":"#0","tintindex":0},"south":{"uv":[0.0,0.0,1.25,0.0],"rotation":0,"texture":"#0","tintindex":0},"north":{"uv":[0.0,0.0,1.25,0.0],"rotation":0,"texture":"#0","tintindex":0},"west":{"uv":[0.0,0.0,3.5,0.0],"rotation":0,"texture":"#0","tintindex":0},"up":{"uv":[1.25,12.5,0.0,9.0],"rotation":180,"texture":"#0","tintindex":0},"down":{"uv":[1.25,9.0,0.0,12.5],"rotation":180,"texture":"#0","tintindex":0}}}],"display":{"head":{"translation":[0.0,-6.4,0.0],"scale":[4.0,4.0,4.0]}}}