{"textures":{"0":"modelengine:entity/voras_eggsac"},"elements":[{"from":[5.0,7.285714,5.0],"to":[11.0,11.285714,11.0],"rotation":{"angle":0.0,"axis":"y","origin":[8.0,7.285714,8.0]},"faces":{"east":{"uv":[7.25,7.5,10.0,9.25],"rotation":0,"texture":"#0","tintindex":0},"south":{"uv":[4.5,7.5,7.125,9.25],"rotation":0,"texture":"#0","tintindex":0},"north":{"uv":[4.5,7.5,7.125,9.25],"rotation":0,"texture":"#0","tintindex":0},"west":{"uv":[7.25,7.5,10.0,9.25],"rotation":0,"texture":"#0","tintindex":0},"up":{"uv":[13.375,2.625,16.0,0.0],"rotation":0,"texture":"#0","tintindex":0},"down":{"uv":[13.375,0.0,16.0,2.625],"rotation":0,"texture":"#0","tintindex":0}}},{"from":[5.142857,7.285714,5.142857],"to":[10.857143,13.0,10.857143],"rotation":{"angle":0.0,"axis":"y","origin":[8.0,7.285714,8.0]},"faces":{"east":{"uv":[4.5,2.5,7.0,5.0],"rotation":0,"texture":"#0","tintindex":0},"south":{"uv":[4.5,5.0,7.0,7.5],"rotation":0,"texture":"#0","tintindex":0},"north":{"uv":[4.5,0.0,7.0,2.5],"rotation":0,"texture":"#0","tintindex":0},"west":{"uv":[7.0,0.0,9.5,2.5],"rotation":0,"texture":"#0","tintindex":0},"up":{"uv":[9.5,5.0,7.0,2.5],"rotation":0,"texture":"#0","tintindex":0},"down":{"uv":[9.5,5.0,7.0,7.5],"rotation":0,"texture":"#0","tintindex":0}}}],"display":{"head":{"translation":[0.0,-6.4,0.0],"scale":[4.0,4.0,4.0]}}}