{"textures":{"2":"modelengine:entity/voras_pet_teal"},"elements":[{"from":[1.1428566,5.714286,6.857143],"to":[8.0,8.0,9.142858],"rotation":{"angle":0.0,"axis":"y","origin":[13.142858,5.714286,13.142858]},"faces":{"east":{"uv":[10.25,3.375,9.75,3.875],"rotation":0,"texture":"#2","tintindex":0},"south":{"uv":[9.5,1.75,8.0,2.25],"rotation":0,"texture":"#2","tintindex":0},"north":{"uv":[8.25,3.375,6.75,3.875],"rotation":0,"texture":"#2","tintindex":0},"west":{"uv":[3.5,9.75,3.0,10.25],"rotation":0,"texture":"#2","tintindex":0},"up":{"uv":[8.125,7.5,9.625,7.0],"rotation":0,"texture":"#2","tintindex":0},"down":{"uv":[8.25,3.375,9.75,3.875],"rotation":0,"texture":"#2","tintindex":0}}},{"from":[4.906163,9.950979,6.285714],"to":[7.191878,9.950979,9.714286],"rotation":{"angle":-45.0,"axis":"z","origin":[4.334735,9.950979,7.428571]},"faces":{"east":{"uv":[0.75,0.0,0.0,0.0],"rotation":0,"texture":"#2","tintindex":0},"south":{"uv":[0.5,0.0,0.0,0.0],"rotation":0,"texture":"#2","tintindex":0},"north":{"uv":[0.5,0.0,0.0,0.0],"rotation":0,"texture":"#2","tintindex":0},"west":{"uv":[0.75,0.0,0.0,0.0],"rotation":0,"texture":"#2","tintindex":0},"up":{"uv":[4.5,7.125,5.0,6.375],"rotation":0,"texture":"#2","tintindex":0},"down":{"uv":[4.0,7.375,4.5,8.125],"rotation":0,"texture":"#2","tintindex":0}}},{"from":[0.5714283,5.714286,6.285714],"to":[3.4285712,9.142858,9.714286],"rotation":{"angle":-45.0,"axis":"z","origin":[2.5714283,7.428571,8.0]},"faces":{"east":{"uv":[9.25,3.875,8.5,4.625],"rotation":0,"texture":"#2","tintindex":0},"south":{"uv":[5.25,9.0,4.625,9.75],"rotation":0,"texture":"#2","tintindex":0},"north":{"uv":[4.625,9.0,4.0,9.75],"rotation":0,"texture":"#2","tintindex":0},"west":{"uv":[3.75,8.375,3.0,9.125],"rotation":0,"texture":"#2","tintindex":0},"up":{"uv":[9.125,0.75,9.75,0.0],"rotation":0,"texture":"#2","tintindex":0},"down":{"uv":[1.875,9.125,2.5,9.875],"rotation":0,"texture":"#2","tintindex":0}}}],"display":{"head":{"translation":[0.0,-6.4,0.0],"scale":[4.0,4.0,4.0]}}}