{"textures":{"0":"modelengine:entity/summerwing"},"elements":[{"from":[7.714286,7.7093396,6.83384],"to":[8.285714,8.280768,9.690983],"rotation":{"angle":0.0,"axis":"y","origin":[7.714286,7.7093396,8.548126]},"faces":{"east":{"uv":[8.0,7.0,9.0,12.0],"rotation":90,"texture":"#0","tintindex":0},"south":{"uv":[8.0,11.0,9.0,12.0],"rotation":0,"texture":"#0","tintindex":0},"north":{"uv":[7.0,7.0,8.0,8.0],"rotation":0,"texture":"#0","tintindex":0},"west":{"uv":[8.0,12.0,7.0,7.0],"rotation":90,"texture":"#0","tintindex":0},"up":{"uv":[8.0,7.0,7.0,12.0],"rotation":0,"texture":"#0","tintindex":0},"down":{"uv":[9.0,12.0,8.0,7.0],"rotation":0,"texture":"#0","tintindex":0}}},{"from":[6.285714,7.929808,6.5058255],"to":[8.0,9.6440935,6.5058255],"rotation":{"angle":-22.5,"axis":"y","origin":[7.428571,8.786951,6.5058255]},"faces":{"east":{"uv":[0.0,0.0,0.0,1.5],"rotation":0,"texture":"#0","tintindex":0},"south":{"uv":[7.962963,0.0,11.055555,2.9074075],"rotation":0,"texture":"#0","tintindex":0},"north":{"uv":[5.1296296,0.0,8.037037,2.9074075],"rotation":0,"texture":"#0","tintindex":0},"west":{"uv":[0.0,0.0,0.0,1.5],"rotation":0,"texture":"#0","tintindex":0},"up":{"uv":[1.5,0.0,0.0,0.0],"rotation":0,"texture":"#0","tintindex":0},"down":{"uv":[1.5,0.0,0.0,0.0],"rotation":0,"texture":"#0","tintindex":0}}},{"from":[8.0,7.929808,6.5058255],"to":[9.714286,9.6440935,6.5058255],"rotation":{"angle":22.5,"axis":"y","origin":[8.571428,8.786951,6.5058255]},"faces":{"east":{"uv":[0.0,0.0,0.0,1.5],"rotation":0,"texture":"#0","tintindex":0},"south":{"uv":[11.0,0.0,8.0,3.0],"rotation":0,"texture":"#0","tintindex":0},"north":{"uv":[8.0,0.0,5.0,3.0],"rotation":0,"texture":"#0","tintindex":0},"west":{"uv":[0.0,0.0,0.0,1.5],"rotation":0,"texture":"#0","tintindex":0},"up":{"uv":[0.0,0.0,1.5,0.0],"rotation":0,"texture":"#0","tintindex":0},"down":{"uv":[0.0,0.0,1.5,0.0],"rotation":0,"texture":"#0","tintindex":0}}}],"display":{"head":{"translation":[0.0,-6.4,0.0],"scale":[4.0,4.0,4.0]}}}