{"textures":{"3":"modelengine:entity/tank_tan"},"elements":[{"from":[6.5714283,6.5363045,4.5091634],"to":[9.428572,9.393447,9.080592],"rotation":{"angle":0.0,"axis":"y","origin":[8.0,7.9648757,9.366306]},"faces":{"east":{"uv":[10.5,1.375,11.5,2.0],"rotation":0,"texture":"#3","tintindex":0},"south":{"uv":[10.5,2.0,11.125,2.625],"rotation":0,"texture":"#3","tintindex":0},"north":{"uv":[7.0,3.75,7.625,4.375],"rotation":0,"texture":"#3","tintindex":0},"west":{"uv":[10.5,3.375,11.5,4.0],"rotation":0,"texture":"#3","tintindex":0},"up":{"uv":[11.75,3.0,11.125,2.0],"rotation":0,"texture":"#3","tintindex":0},"down":{"uv":[12.375,2.0,11.75,3.0],"rotation":0,"texture":"#3","tintindex":0}}},{"from":[6.0,5.9648757,2.7948775],"to":[10.0,9.964876,4.5091634],"rotation":{"angle":0.0,"axis":"y","origin":[8.0,7.9648757,9.366306]},"faces":{"east":{"uv":[6.25,10.5,6.625,11.375],"rotation":0,"texture":"#3","tintindex":0},"south":{"uv":[4.125,9.75,5.0,10.625],"rotation":0,"texture":"#3","tintindex":0},"north":{"uv":[3.25,9.75,4.125,10.625],"rotation":0,"texture":"#3","tintindex":0},"west":{"uv":[6.625,10.5,7.0,11.375],"rotation":0,"texture":"#3","tintindex":0},"up":{"uv":[0.875,8.875,0.0,8.5],"rotation":0,"texture":"#3","tintindex":0},"down":{"uv":[11.375,7.5,10.5,7.875],"rotation":0,"texture":"#3","tintindex":0}}}],"display":{"head":{"translation":[0.0,-6.4,0.0],"scale":[4.0,4.0,4.0]}}}