{"textures":{"3":"modelengine:entity/tank_tan"},"elements":[{"from":[1.9999995,-0.2857151,5.714286],"to":[5.428571,4.8571424,24.0],"rotation":{"angle":0.0,"axis":"y","origin":[2.2857141,4.5714283,4.5714283]},"faces":{"east":{"uv":[4.0,3.875,0.0,5.0],"rotation":0,"texture":"#3","tintindex":0},"south":{"uv":[0.75,9.625,1.5,10.75],"rotation":0,"texture":"#3","tintindex":0},"north":{"uv":[0.0,9.625,0.75,10.75],"rotation":0,"texture":"#3","tintindex":0},"west":{"uv":[0.0,3.875,4.0,5.0],"rotation":0,"texture":"#3","tintindex":0},"up":{"uv":[3.75,9.0,3.0,5.0],"rotation":0,"texture":"#3","tintindex":0},"down":{"uv":[5.875,4.375,5.125,8.375],"rotation":0,"texture":"#3","tintindex":0}}},{"from":[10.571428,-0.2857151,5.714286],"to":[14.0,4.8571424,24.0],"rotation":{"angle":0.0,"axis":"y","origin":[13.714286,4.5714283,4.5714283]},"faces":{"east":{"uv":[4.0,3.875,0.0,5.0],"rotation":0,"texture":"#3","tintindex":0},"south":{"uv":[1.5,9.625,0.75,10.75],"rotation":0,"texture":"#3","tintindex":0},"north":{"uv":[0.75,9.625,0.0,10.75],"rotation":0,"texture":"#3","tintindex":0},"west":{"uv":[0.0,3.875,4.0,5.0],"rotation":0,"texture":"#3","tintindex":0},"up":{"uv":[3.0,9.0,3.75,5.0],"rotation":0,"texture":"#3","tintindex":0},"down":{"uv":[5.125,4.375,5.875,8.375],"rotation":0,"texture":"#3","tintindex":0}}}],"display":{"head":{"translation":[0.0,-6.4,0.0],"scale":[4.0,4.0,4.0]}}}