{"textures":{"0":"modelengine:entity/skog"},"elements":[{"from":[5.5046916,4.6071424,6.260174],"to":[10.647549,10.892858,16.545889],"rotation":{"angle":0.0,"axis":"y","origin":[11.504692,11.464286,1.688745]},"faces":{"east":{"uv":[4.252,7.4395,5.373,8.123],"rotation":0,"texture":"#0","tintindex":0},"south":{"uv":[9.0645,10.5645,9.623,11.248],"rotation":0,"texture":"#0","tintindex":0},"north":{"uv":[6.5645,10.5645,7.123,11.248],"rotation":0,"texture":"#0","tintindex":0},"west":{"uv":[6.127,9.0645,7.248,9.748],"rotation":0,"texture":"#0","tintindex":0},"up":{"uv":[10.0605,4.1855,9.502,3.0645],"rotation":0,"texture":"#0","tintindex":0},"down":{"uv":[1.373,9.627,0.8145,10.748],"rotation":0,"texture":"#0","tintindex":0}}},{"from":[6.647549,6.3214283,14.260174],"to":[9.504692,14.892858,17.117317],"rotation":{"angle":0.0,"axis":"y","origin":[11.504692,11.464286,1.688745]},"faces":{"east":{"uv":[6.0645,11.0645,6.373,11.998],"rotation":0,"texture":"#0","tintindex":0},"south":{"uv":[8.627,11.0645,8.9355,11.998],"rotation":0,"texture":"#0","tintindex":0},"north":{"uv":[5.752,11.0645,6.0605,11.998],"rotation":0,"texture":"#0","tintindex":0},"west":{"uv":[9.627,11.0645,9.9355,11.998],"rotation":0,"texture":"#0","tintindex":0},"up":{"uv":[11.498,12.3105,11.1895,12.002],"rotation":0,"texture":"#0","tintindex":0},"down":{"uv":[11.8105,12.002,11.502,12.3105],"rotation":0,"texture":"#0","tintindex":0}}},{"from":[9.504692,13.178572,15.117317],"to":[13.504692,14.892858,16.260174],"rotation":{"angle":-22.5,"axis":"y","origin":[8.218978,15.035715,15.6887455]},"faces":{"east":{"uv":[4.9395,10.0645,5.0605,10.248],"rotation":0,"texture":"#0","tintindex":0},"south":{"uv":[6.5645,1.6895,6.998,1.873],"rotation":0,"texture":"#0","tintindex":0},"north":{"uv":[5.6895,5.377,6.123,5.5605],"rotation":0,"texture":"#0","tintindex":0},"west":{"uv":[10.752,5.877,10.873,6.0605],"rotation":0,"texture":"#0","tintindex":0},"up":{"uv":[10.748,3.0605,10.3145,2.9395],"rotation":0,"texture":"#0","tintindex":0},"down":{"uv":[11.3105,5.252,10.877,5.373],"rotation":0,"texture":"#0","tintindex":0}}},{"from":[12.3618355,14.892858,15.117317],"to":[13.504692,17.178572,16.260174],"rotation":{"angle":-22.5,"axis":"y","origin":[8.218978,15.035715,15.6887455]},"faces":{"east":{"uv":[4.9395,9.8145,5.0605,10.0605],"rotation":0,"texture":"#0","tintindex":0},"south":{"uv":[7.127,10.002,7.248,10.248],"rotation":0,"texture":"#0","tintindex":0},"north":{"uv":[7.127,9.752,7.248,9.998],"rotation":0,"texture":"#0","tintindex":0},"west":{"uv":[7.127,10.252,7.248,10.498],"rotation":0,"texture":"#0","tintindex":0},"up":{"uv":[1.373,11.123,1.252,11.002],"rotation":0,"texture":"#0","tintindex":0},"down":{"uv":[6.498,11.0645,6.377,11.1855],"rotation":0,"texture":"#0","tintindex":0}}},{"from":[2.6475492,14.892858,15.117317],"to":[3.7904058,17.178572,16.260174],"rotation":{"angle":0.0,"axis":"y","origin":[7.9332633,15.035715,15.6887455]},"faces":{"east":{"uv":[1.252,10.752,1.373,10.998],"rotation":0,"texture":"#0","tintindex":0},"south":{"uv":[10.502,10.8145,10.623,11.0605],"rotation":0,"texture":"#0","tintindex":0},"north":{"uv":[10.627,1.752,10.748,1.998],"rotation":0,"texture":"#0","tintindex":0},"west":{"uv":[2.3145,10.9395,2.4355,11.1855],"rotation":0,"texture":"#0","tintindex":0},"up":{"uv":[9.0605,11.1855,8.9395,11.0645],"rotation":0,"texture":"#0","tintindex":0},"down":{"uv":[10.623,11.0645,10.502,11.1855],"rotation":0,"texture":"#0","tintindex":0}}},{"from":[2.6475492,13.178572,15.117317],"to":[6.647549,14.892858,16.260174],"rotation":{"angle":0.0,"axis":"y","origin":[7.9332633,15.035715,15.6887455]},"faces":{"east":{"uv":[10.8145,4.002,10.9355,4.1855],"rotation":0,"texture":"#0","tintindex":0},"south":{"uv":[9.502,4.1895,9.9355,4.373],"rotation":0,"texture":"#0","tintindex":0},"north":{"uv":[8.0645,1.502,8.498,1.6855],"rotation":0,"texture":"#0","tintindex":0},"west":{"uv":[10.9395,4.002,11.0605,4.1855],"rotation":0,"texture":"#0","tintindex":0},"up":{"uv":[12.498,9.498,12.0645,9.377],"rotation":0,"texture":"#0","tintindex":0},"down":{"uv":[12.5605,1.502,12.127,1.623],"rotation":0,"texture":"#0","tintindex":0}}},{"from":[-5.9238796,16.035715,8.260174],"to":[6.647549,22.892857,20.260174],"rotation":{"angle":22.5,"axis":"y","origin":[0.36183453,19.464287,14.260174]},"faces":{"east":{"uv":[8.0645,0.752,9.373,1.498],"rotation":0,"texture":"#0","tintindex":0},"south":{"uv":[7.8145,6.252,9.1855,6.998],"rotation":0,"texture":"#0","tintindex":0},"north":{"uv":[7.8145,5.502,9.1855,6.248],"rotation":0,"texture":"#0","tintindex":0},"west":{"uv":[4.252,8.127,5.5605,8.873],"rotation":0,"texture":"#0","tintindex":0},"up":{"uv":[2.873,4.998,1.502,3.6895],"rotation":0,"texture":"#0","tintindex":0},"down":{"uv":[4.248,3.6895,2.877,4.998],"rotation":0,"texture":"#0","tintindex":0}}},{"from":[-6.495309,16.035715,7.688745],"to":[7.2189775,23.464287,20.831602],"rotation":{"angle":22.5,"axis":"y","origin":[0.36183453,19.464287,14.260174]},"faces":{"east":{"uv":[1.1895,7.377,2.623,8.1855],"rotation":0,"texture":"#0","tintindex":0},"south":{"uv":[7.1895,3.9395,8.6855,4.748],"rotation":0,"texture":"#0","tintindex":0},"north":{"uv":[6.5645,0.877,8.0605,1.6855],"rotation":0,"texture":"#0","tintindex":0},"west":{"uv":[7.377,1.6895,8.8105,2.498],"rotation":0,"texture":"#0","tintindex":0},"up":{"uv":[1.498,4.4355,0.002,3.002],"rotation":0,"texture":"#0","tintindex":0},"down":{"uv":[4.873,0.9395,3.377,2.373],"rotation":0,"texture":"#0","tintindex":0}}},{"from":[-11.066738,17.178572,13.403031],"to":[1.5046916,25.178572,13.403031],"rotation":{"angle":45.0,"axis":"y","origin":[0.36183453,19.464287,14.260174]},"faces":{"east":{"uv":[0.002,0.002,0.002,0.873],"rotation":0,"texture":"#0","tintindex":0},"south":{"uv":[6.8105,7.252,5.4395,8.123],"rotation":0,"texture":"#0","tintindex":0},"north":{"uv":[5.4395,7.252,6.8105,8.123],"rotation":0,"texture":"#0","tintindex":0},"west":{"uv":[0.002,0.002,0.002,0.873],"rotation":0,"texture":"#0","tintindex":0},"up":{"uv":[1.373,0.002,0.002,0.002],"rotation":0,"texture":"#0","tintindex":0},"down":{"uv":[1.373,0.002,0.002,0.002],"rotation":0,"texture":"#0","tintindex":0}}},{"from":[-5.9238796,10.892858,8.831602],"to":[6.647549,16.035715,8.831602],"rotation":{"angle":22.5,"axis":"y","origin":[0.36183453,19.464287,14.260174]},"faces":{"east":{"uv":[0.002,0.002,0.002,0.5605],"rotation":0,"texture":"#0","tintindex":0},"south":{"uv":[7.252,9.0645,8.623,9.623],"rotation":0,"texture":"#0","tintindex":0},"north":{"uv":[8.623,9.0645,7.252,9.623],"rotation":0,"texture":"#0","tintindex":0},"west":{"uv":[0.002,0.002,0.002,0.5605],"rotation":0,"texture":"#0","tintindex":0},"up":{"uv":[1.373,0.002,0.002,0.002],"rotation":0,"texture":"#0","tintindex":0},"down":{"uv":[1.373,0.002,0.002,0.002],"rotation":0,"texture":"#0","tintindex":0}}},{"from":[3.7904058,16.607143,9.97446],"to":[18.647549,25.178572,22.545887],"rotation":{"angle":0.0,"axis":"y","origin":[19.933264,15.035715,15.6887455]},"faces":{"east":{"uv":[2.6895,6.502,4.0605,7.4355],"rotation":0,"texture":"#0","tintindex":0},"south":{"uv":[4.752,5.5645,6.373,6.498],"rotation":0,"texture":"#0","tintindex":0},"north":{"uv":[3.127,5.5645,4.748,6.498],"rotation":0,"texture":"#0","tintindex":0},"west":{"uv":[4.0645,6.502,5.4355,7.4355],"rotation":0,"texture":"#0","tintindex":0},"up":{"uv":[3.373,1.373,1.752,0.002],"rotation":0,"texture":"#0","tintindex":0},"down":{"uv":[3.373,1.377,1.752,2.748],"rotation":0,"texture":"#0","tintindex":0}}},{"from":[3.2189775,16.607143,9.40303],"to":[19.218979,25.75,23.117317],"rotation":{"angle":0.0,"axis":"y","origin":[19.933264,15.035715,15.6887455]},"faces":{"east":{"uv":[5.6895,4.377,7.1855,5.373],"rotation":0,"texture":"#0","tintindex":0},"south":{"uv":[4.252,3.377,5.998,4.373],"rotation":0,"texture":"#0","tintindex":0},"north":{"uv":[4.127,2.377,5.873,3.373],"rotation":0,"texture":"#0","tintindex":0},"west":{"uv":[5.877,1.877,7.373,2.873],"rotation":0,"texture":"#0","tintindex":0},"up":{"uv":[1.748,1.498,0.002,0.002],"rotation":0,"texture":"#0","tintindex":0},"down":{"uv":[1.748,1.502,0.002,2.998],"rotation":0,"texture":"#0","tintindex":0}}},{"from":[10.647549,8.035714,22.545887],"to":[18.647549,16.607143,22.545887],"rotation":{"angle":0.0,"axis":"y","origin":[19.933264,15.035715,15.6887455]},"faces":{"east":{"uv":[0.002,0.002,0.002,0.9355],"rotation":0,"texture":"#0","tintindex":0},"south":{"uv":[4.1855,8.8145,3.3145,9.748],"rotation":0,"texture":"#0","tintindex":0},"north":{"uv":[3.3145,8.8145,4.1855,9.748],"rotation":0,"texture":"#0","tintindex":0},"west":{"uv":[0.002,0.002,0.002,0.9355],"rotation":0,"texture":"#0","tintindex":0},"up":{"uv":[0.873,0.002,0.002,0.002],"rotation":0,"texture":"#0","tintindex":0},"down":{"uv":[0.873,0.002,0.002,0.002],"rotation":0,"texture":"#0","tintindex":0}}},{"from":[3.7904058,13.178572,9.97446],"to":[18.647549,16.607143,9.97446],"rotation":{"angle":0.0,"axis":"y","origin":[19.933264,15.035715,15.6887455]},"faces":{"east":{"uv":[0.002,0.002,0.002,0.373],"rotation":0,"texture":"#0","tintindex":0},"south":{"uv":[10.873,5.002,9.252,5.373],"rotation":0,"texture":"#0","tintindex":0},"north":{"uv":[9.252,5.002,10.873,5.373],"rotation":0,"texture":"#0","tintindex":0},"west":{"uv":[0.002,0.002,0.002,0.373],"rotation":0,"texture":"#0","tintindex":0},"up":{"uv":[1.623,0.002,0.002,0.002],"rotation":0,"texture":"#0","tintindex":0},"down":{"uv":[1.623,0.002,0.002,0.002],"rotation":0,"texture":"#0","tintindex":0}}},{"from":[1.5046916,19.464287,16.260174],"to":[23.218979,28.035715,16.260174],"rotation":{"angle":-22.5,"axis":"y","origin":[10.933264,23.75,16.260174]},"faces":{"east":{"uv":[0.002,0.002,0.002,0.9355],"rotation":0,"texture":"#0","tintindex":0},"south":{"uv":[4.123,2.752,1.752,3.6855],"rotation":0,"texture":"#0","tintindex":0},"north":{"uv":[1.752,2.752,4.123,3.6855],"rotation":0,"texture":"#0","tintindex":0},"west":{"uv":[0.002,0.002,0.002,0.9355],"rotation":0,"texture":"#0","tintindex":0},"up":{"uv":[2.373,0.002,0.002,0.002],"rotation":0,"texture":"#0","tintindex":0},"down":{"uv":[2.373,0.002,0.002,0.002],"rotation":0,"texture":"#0","tintindex":0}}}],"display":{"head":{"translation":[0.0,-6.4,0.0],"scale":[4.0,4.0,4.0]}}}