{"textures":{"0":"modelengine:entity/skog"},"elements":[{"from":[9.474627,-0.756732,7.5895123],"to":[14.617483,1.5289822,8.732369],"rotation":{"angle":-22.5,"axis":"z","origin":[13.737147,5.187861,13.690257]},"faces":{"east":{"uv":[5.877,2.877,5.998,3.123],"rotation":0,"texture":"#0","tintindex":0},"south":{"uv":[11.877,9.9395,12.4355,10.1855],"rotation":0,"texture":"#0","tintindex":0},"north":{"uv":[11.877,0.4395,12.4355,0.6855],"rotation":0,"texture":"#0","tintindex":0},"west":{"uv":[5.877,3.127,5.998,3.373],"rotation":0,"texture":"#0","tintindex":0},"up":{"uv":[9.8105,5.498,9.252,5.377],"rotation":0,"texture":"#0","tintindex":0},"down":{"uv":[10.373,5.377,9.8145,5.498],"rotation":0,"texture":"#0","tintindex":0}}},{"from":[6.6229515,1.398788,7.018084],"to":[8.908666,8.82736,9.303799],"rotation":{"angle":0.0,"axis":"y","origin":[12.0228615,9.473576,15.975971]},"faces":{"east":{"uv":[1.4395,11.6895,1.6855,12.498],"rotation":0,"texture":"#0","tintindex":0},"south":{"uv":[4.252,11.6895,4.498,12.498],"rotation":0,"texture":"#0","tintindex":0},"north":{"uv":[10.252,11.627,10.498,12.4355],"rotation":0,"texture":"#0","tintindex":0},"west":{"uv":[11.6895,10.5645,11.9355,11.373],"rotation":0,"texture":"#0","tintindex":0},"up":{"uv":[12.3105,8.623,12.0645,8.377],"rotation":0,"texture":"#0","tintindex":0},"down":{"uv":[12.3105,8.627,12.0645,8.873],"rotation":0,"texture":"#0","tintindex":0}}}],"display":{"head":{"translation":[0.0,-6.4,0.0],"scale":[4.0,4.0,4.0]}}}