{"textures":{"0":"modelengine:entity/skog"},"elements":[{"from":[11.332817,2.4081583,7.874793],"to":[16.475674,4.6938725,9.017651],"rotation":{"angle":-22.5,"axis":"z","origin":[11.490055,10.400308,10.38237]},"faces":{"east":{"uv":[8.627,9.0645,8.748,9.3105],"rotation":0,"texture":"#0","tintindex":0},"south":{"uv":[12.002,6.252,12.5605,6.498],"rotation":0,"texture":"#0","tintindex":0},"north":{"uv":[12.002,6.002,12.5605,6.248],"rotation":0,"texture":"#0","tintindex":0},"west":{"uv":[8.627,9.3145,8.748,9.5605],"rotation":0,"texture":"#0","tintindex":0},"up":{"uv":[11.8105,3.6855,11.252,3.5645],"rotation":0,"texture":"#0","tintindex":0},"down":{"uv":[12.373,3.877,11.8145,3.998],"rotation":0,"texture":"#0","tintindex":0}}},{"from":[7.3850803,3.1485157,7.3033648],"to":[9.6707945,10.577087,9.589079],"rotation":{"angle":0.0,"axis":"y","origin":[9.775769,14.686022,12.668085]},"faces":{"east":{"uv":[11.752,6.4395,11.998,7.248],"rotation":0,"texture":"#0","tintindex":0},"south":{"uv":[11.8145,3.002,12.0605,3.8105],"rotation":0,"texture":"#0","tintindex":0},"north":{"uv":[11.752,2.1895,11.998,2.998],"rotation":0,"texture":"#0","tintindex":0},"west":{"uv":[6.377,11.8145,6.623,12.623],"rotation":0,"texture":"#0","tintindex":0},"up":{"uv":[12.3105,9.123,12.0645,8.877],"rotation":0,"texture":"#0","tintindex":0},"down":{"uv":[12.3105,9.127,12.0645,9.373],"rotation":0,"texture":"#0","tintindex":0}}}],"display":{"head":{"translation":[0.0,-6.4,0.0],"scale":[4.0,4.0,4.0]}}}