{"textures":{"0":"modelengine:entity/skog"},"elements":[{"from":[7.142857,6.0,6.285714],"to":[11.142858,10.0,9.714286],"rotation":{"angle":0.0,"axis":"y","origin":[8.0,8.0,8.0]},"faces":{"east":{"uv":[12.1855,7.252,11.8145,7.6855],"rotation":0,"texture":"#0","tintindex":0},"south":{"uv":[12.1855,4.002,11.752,4.4355],"rotation":0,"texture":"#0","tintindex":0},"north":{"uv":[12.123,1.252,11.6895,1.6855],"rotation":0,"texture":"#0","tintindex":0},"west":{"uv":[7.4355,11.8145,7.0645,12.248],"rotation":0,"texture":"#0","tintindex":0},"up":{"uv":[8.9395,12.1855,9.373,11.8145],"rotation":0,"texture":"#0","tintindex":0},"down":{"uv":[11.8145,11.377,12.248,11.748],"rotation":0,"texture":"#0","tintindex":0}}},{"from":[2.5714283,-0.8571434,8.0],"to":[12.285715,6.0,8.0],"rotation":{"angle":0.0,"axis":"y","origin":[8.0,8.0,8.0]},"faces":{"east":{"uv":[0.002,0.002,0.002,0.748],"rotation":0,"texture":"#0","tintindex":0},"south":{"uv":[6.123,8.9395,5.0645,9.6855],"rotation":0,"texture":"#0","tintindex":0},"north":{"uv":[5.0645,8.9395,6.123,9.6855],"rotation":0,"texture":"#0","tintindex":0},"west":{"uv":[0.002,0.002,0.002,0.748],"rotation":0,"texture":"#0","tintindex":0},"up":{"uv":[0.002,0.002,1.0605,0.002],"rotation":0,"texture":"#0","tintindex":0},"down":{"uv":[0.002,0.002,1.0605,0.002],"rotation":0,"texture":"#0","tintindex":0}}}],"display":{"head":{"translation":[0.0,-6.4,0.0],"scale":[4.0,4.0,4.0]}}}