{"textures":{"0":"modelengine:entity/skog"},"elements":[{"from":[0.50874996,3.179329,7.612388],"to":[5.6516075,5.465043,8.755245],"rotation":{"angle":22.5,"axis":"z","origin":[5.49437,11.171478,10.119965]},"faces":{"east":{"uv":[8.748,9.3145,8.627,9.5605],"rotation":0,"texture":"#0","tintindex":0},"south":{"uv":[12.5605,6.252,12.002,6.498],"rotation":0,"texture":"#0","tintindex":0},"north":{"uv":[12.5605,6.002,12.002,6.248],"rotation":0,"texture":"#0","tintindex":0},"west":{"uv":[8.748,9.0645,8.627,9.3105],"rotation":0,"texture":"#0","tintindex":0},"up":{"uv":[11.252,3.6855,11.8105,3.5645],"rotation":0,"texture":"#0","tintindex":0},"down":{"uv":[11.8145,3.877,12.373,3.998],"rotation":0,"texture":"#0","tintindex":0}}},{"from":[7.3136306,3.9196863,7.0409594],"to":[9.599345,11.348258,9.3266735],"rotation":{"angle":0.0,"axis":"y","origin":[7.208656,15.457193,12.40568]},"faces":{"east":{"uv":[6.623,11.8145,6.377,12.623],"rotation":0,"texture":"#0","tintindex":0},"south":{"uv":[12.0605,3.002,11.8145,3.8105],"rotation":0,"texture":"#0","tintindex":0},"north":{"uv":[11.998,2.1895,11.752,2.998],"rotation":0,"texture":"#0","tintindex":0},"west":{"uv":[11.998,6.4395,11.752,7.248],"rotation":0,"texture":"#0","tintindex":0},"up":{"uv":[12.0645,9.123,12.3105,8.877],"rotation":0,"texture":"#0","tintindex":0},"down":{"uv":[12.0645,9.127,12.3105,9.373],"rotation":0,"texture":"#0","tintindex":0}}}],"display":{"head":{"translation":[0.0,-6.4,0.0],"scale":[4.0,4.0,4.0]}}}