{"textures":{"0":"modelengine:entity/skog"},"elements":[{"from":[5.428571,6.0,6.285714],"to":[10.571428,10.0,9.714286],"rotation":{"angle":0.0,"axis":"y","origin":[8.0,8.0,8.0]},"faces":{"east":{"uv":[8.4355,11.9395,8.0645,12.373],"rotation":0,"texture":"#0","tintindex":0},"south":{"uv":[11.873,9.8145,11.3145,10.248],"rotation":0,"texture":"#0","tintindex":0},"north":{"uv":[11.8105,7.4395,11.252,7.873],"rotation":0,"texture":"#0","tintindex":0},"west":{"uv":[12.3105,1.6895,11.9395,2.123],"rotation":0,"texture":"#0","tintindex":0},"up":{"uv":[8.6895,4.748,9.248,4.377],"rotation":0,"texture":"#0","tintindex":0},"down":{"uv":[11.4395,6.0645,11.998,6.4355],"rotation":0,"texture":"#0","tintindex":0}}}],"display":{"head":{"translation":[0.0,-6.4,0.0],"scale":[4.0,4.0,4.0]}}}