{"textures":{"0":"modelengine:entity/skog"},"elements":[{"from":[6.7373133,-0.5523329,2.4749227],"to":[11.880171,8.019096,10.474923],"rotation":{"angle":0.0,"axis":"y","origin":[11.0,13.285715,4.0]},"faces":{"east":{"uv":[3.3105,8.8145,2.4395,9.748],"rotation":0,"texture":"#0","tintindex":0},"south":{"uv":[10.1855,9.3145,9.627,10.248],"rotation":0,"texture":"#0","tintindex":0},"north":{"uv":[10.1855,8.377,9.627,9.3105],"rotation":0,"texture":"#0","tintindex":0},"west":{"uv":[9.6855,1.502,8.8145,2.4355],"rotation":0,"texture":"#0","tintindex":0},"up":{"uv":[9.0645,10.5605,9.623,9.6895],"rotation":0,"texture":"#0","tintindex":0},"down":{"uv":[0.002,9.752,0.5605,10.623],"rotation":0,"texture":"#0","tintindex":0}}},{"from":[9.023027,2.8762388,7.6177797],"to":[13.594456,4.0190964,12.189209],"rotation":{"angle":0.0,"axis":"y","origin":[11.0,13.285715,4.0]},"faces":{"east":{"uv":[14.5645,5.5645,14.0645,5.6895],"rotation":0,"texture":"#0","tintindex":0},"south":{"uv":[14.5645,5.6895,14.0645,5.8145],"rotation":0,"texture":"#0","tintindex":0},"north":{"uv":[14.5645,5.8145,14.0645,5.9395],"rotation":0,"texture":"#0","tintindex":0},"west":{"uv":[14.5645,5.4395,14.0645,5.5645],"rotation":0,"texture":"#0","tintindex":0},"up":{"uv":[14.5645,6.002,15.0645,5.502],"rotation":0,"texture":"#0","tintindex":0},"down":{"uv":[15.127,5.502,15.627,6.002],"rotation":0,"texture":"#0","tintindex":0}}},{"from":[11.880171,0.019095898,4.189208],"to":[13.594456,1.1619534,8.760637],"rotation":{"angle":0.0,"axis":"y","origin":[11.0,13.285715,4.0]},"faces":{"east":{"uv":[15.002,9.752,14.502,9.877],"rotation":0,"texture":"#0","tintindex":0},"south":{"uv":[15.377,9.752,15.1895,9.877],"rotation":0,"texture":"#0","tintindex":0},"north":{"uv":[15.1895,9.752,15.002,9.877],"rotation":0,"texture":"#0","tintindex":0},"west":{"uv":[15.1895,9.877,14.6895,10.002],"rotation":0,"texture":"#0","tintindex":0},"up":{"uv":[15.1895,10.377,15.377,9.877],"rotation":0,"texture":"#0","tintindex":0},"down":{"uv":[15.4395,9.877,15.627,10.377],"rotation":0,"texture":"#0","tintindex":0}}},{"from":[1.9547372,-1.4288073,4.189208],"to":[5.9547377,5.4283357,8.760637],"rotation":{"angle":22.5,"axis":"z","origin":[2.142857,9.571428,9.714286]},"faces":{"east":{"uv":[11.123,1.002,10.627,1.748],"rotation":0,"texture":"#0","tintindex":0},"south":{"uv":[5.373,10.752,4.9395,11.498],"rotation":0,"texture":"#0","tintindex":0},"north":{"uv":[2.873,10.752,2.4395,11.498],"rotation":0,"texture":"#0","tintindex":0},"west":{"uv":[0.498,10.627,0.002,11.373],"rotation":0,"texture":"#0","tintindex":0},"up":{"uv":[10.9395,11.998,11.373,11.502],"rotation":0,"texture":"#0","tintindex":0},"down":{"uv":[11.377,11.502,11.8105,11.998],"rotation":0,"texture":"#0","tintindex":0}}},{"from":[10.165885,-5.123761,2.4749227],"to":[11.880171,-0.5523329,10.474923],"rotation":{"angle":0.0,"axis":"y","origin":[11.0,13.285715,4.0]},"faces":{"east":{"uv":[10.8105,0.002,9.9395,0.498],"rotation":0,"texture":"#0","tintindex":0},"south":{"uv":[10.123,11.0645,9.9395,11.5605],"rotation":0,"texture":"#0","tintindex":0},"north":{"uv":[2.623,8.1895,2.4395,8.6855],"rotation":0,"texture":"#0","tintindex":0},"west":{"uv":[5.748,1.877,4.877,2.373],"rotation":0,"texture":"#0","tintindex":0},"up":{"uv":[7.4395,12.6855,7.623,11.8145],"rotation":0,"texture":"#0","tintindex":0},"down":{"uv":[11.8145,11.752,11.998,12.623],"rotation":0,"texture":"#0","tintindex":0}}},{"from":[10.165885,-9.123762,7.046351],"to":[11.880171,-5.123761,10.474923],"rotation":{"angle":0.0,"axis":"y","origin":[11.0,13.285715,4.0]},"faces":{"east":{"uv":[12.248,5.5645,11.877,5.998],"rotation":0,"texture":"#0","tintindex":0},"south":{"uv":[11.623,7.877,11.4395,8.3105],"rotation":0,"texture":"#0","tintindex":0},"north":{"uv":[7.1855,3.9395,7.002,4.373],"rotation":0,"texture":"#0","tintindex":0},"west":{"uv":[12.248,0.002,11.877,0.4355],"rotation":0,"texture":"#0","tintindex":0},"up":{"uv":[12.0645,4.8105,12.248,4.4395],"rotation":0,"texture":"#0","tintindex":0},"down":{"uv":[12.0645,4.8145,12.248,5.1855],"rotation":0,"texture":"#0","tintindex":0}}},{"from":[8.137271,-2.21564,3.046351],"to":[12.137271,2.9272175,9.903494],"rotation":{"angle":-22.5,"axis":"z","origin":[4.714286,3.8571424,9.714286]},"faces":{"east":{"uv":[10.9355,8.377,10.1895,8.9355],"rotation":0,"texture":"#0","tintindex":0},"south":{"uv":[6.8105,11.252,6.377,11.8105],"rotation":0,"texture":"#0","tintindex":0},"north":{"uv":[3.123,5.9395,2.6895,6.498],"rotation":0,"texture":"#0","tintindex":0},"west":{"uv":[10.9355,6.627,10.1895,7.1855],"rotation":0,"texture":"#0","tintindex":0},"up":{"uv":[10.627,11.498,11.0605,10.752],"rotation":0,"texture":"#0","tintindex":0},"down":{"uv":[10.8145,2.9395,11.248,3.6855],"rotation":0,"texture":"#0","tintindex":0}}}],"display":{"head":{"translation":[0.0,-6.4,0.0],"scale":[4.0,4.0,4.0]}}}