{"textures":{"0":"modelengine:entity/skog"},"elements":[{"from":[9.857143,2.5714283,2.8571424],"to":[12.142858,11.142858,12.0],"rotation":{"angle":0.0,"axis":"y","origin":[8.0,10.285714,5.714286]},"faces":{"east":{"uv":[8.748,8.127,7.752,9.0605],"rotation":0,"texture":"#0","tintindex":0},"south":{"uv":[9.623,11.252,9.377,12.1855],"rotation":0,"texture":"#0","tintindex":0},"north":{"uv":[1.998,11.1895,1.752,12.123],"rotation":0,"texture":"#0","tintindex":0},"west":{"uv":[7.748,8.127,6.752,9.0605],"rotation":0,"texture":"#0","tintindex":0},"up":{"uv":[0.5645,10.748,0.8105,9.752],"rotation":0,"texture":"#0","tintindex":0},"down":{"uv":[4.5645,11.127,4.8105,12.123],"rotation":0,"texture":"#0","tintindex":0}}},{"from":[6.428571,2.5714283,2.8571424],"to":[9.857143,11.142858,5.142857],"rotation":{"angle":0.0,"axis":"y","origin":[8.0,10.285714,5.714286]},"faces":{"east":{"uv":[11.6855,10.5645,11.4395,11.498],"rotation":0,"texture":"#0","tintindex":0},"south":{"uv":[10.998,9.8145,10.627,10.748],"rotation":0,"texture":"#0","tintindex":0},"north":{"uv":[1.1855,8.6895,0.8145,9.623],"rotation":0,"texture":"#0","tintindex":0},"west":{"uv":[11.6855,8.6895,11.4395,9.623],"rotation":0,"texture":"#0","tintindex":0},"up":{"uv":[12.002,12.248,12.373,12.002],"rotation":0,"texture":"#0","tintindex":0},"down":{"uv":[12.0645,0.6895,12.4355,0.9355],"rotation":0,"texture":"#0","tintindex":0}}},{"from":[6.428571,2.5714283,9.714286],"to":[9.857143,11.142858,12.0],"rotation":{"angle":0.0,"axis":"y","origin":[8.0,10.285714,5.714286]},"faces":{"east":{"uv":[2.8105,11.502,2.5645,12.4355],"rotation":0,"texture":"#0","tintindex":0},"south":{"uv":[1.248,10.752,0.877,11.6855],"rotation":0,"texture":"#0","tintindex":0},"north":{"uv":[0.873,10.752,0.502,11.6855],"rotation":0,"texture":"#0","tintindex":0},"west":{"uv":[2.5605,11.502,2.3145,12.4355],"rotation":0,"texture":"#0","tintindex":0},"up":{"uv":[12.0645,1.1855,12.4355,0.9395],"rotation":0,"texture":"#0","tintindex":0},"down":{"uv":[12.0645,2.877,12.4355,3.123],"rotation":0,"texture":"#0","tintindex":0}}},{"from":[4.714286,3.142857,5.142857],"to":[9.857143,10.571428,9.714286],"rotation":{"angle":0.0,"axis":"y","origin":[8.0,10.285714,5.714286]},"faces":{"east":{"uv":[3.998,10.5645,3.502,11.373],"rotation":0,"texture":"#0","tintindex":0},"south":{"uv":[4.623,9.8145,4.0645,10.623],"rotation":0,"texture":"#0","tintindex":0},"north":{"uv":[7.123,9.752,6.5645,10.5605],"rotation":0,"texture":"#0","tintindex":0},"west":{"uv":[10.123,10.252,9.627,11.0605],"rotation":0,"texture":"#0","tintindex":0},"up":{"uv":[11.127,1.1855,11.6855,0.6895],"rotation":0,"texture":"#0","tintindex":0},"down":{"uv":[11.127,1.1895,11.6855,1.6855],"rotation":0,"texture":"#0","tintindex":0}}},{"from":[3.5714283,4.8571424,2.8571424],"to":[6.428571,11.142858,5.142857],"rotation":{"angle":0.0,"axis":"y","origin":[8.0,10.285714,5.714286]},"faces":{"east":{"uv":[7.0605,11.8145,6.8145,12.498],"rotation":0,"texture":"#0","tintindex":0},"south":{"uv":[5.5605,11.5645,5.252,12.248],"rotation":0,"texture":"#0","tintindex":0},"north":{"uv":[3.498,11.502,3.1895,12.1855],"rotation":0,"texture":"#0","tintindex":0},"west":{"uv":[1.748,3.002,1.502,3.6855],"rotation":0,"texture":"#0","tintindex":0},"up":{"uv":[11.127,4.6855,11.4355,4.4395],"rotation":0,"texture":"#0","tintindex":0},"down":{"uv":[12.0645,3.127,12.373,3.373],"rotation":0,"texture":"#0","tintindex":0}}},{"from":[9.857143,11.142858,2.8571424],"to":[12.142858,16.285715,7.428571],"rotation":{"angle":0.0,"axis":"y","origin":[8.0,10.285714,5.714286]},"faces":{"east":{"uv":[8.6855,3.3145,8.1895,3.873],"rotation":0,"texture":"#0","tintindex":0},"south":{"uv":[5.998,12.002,5.752,12.5605],"rotation":0,"texture":"#0","tintindex":0},"north":{"uv":[5.0605,12.002,4.8145,12.5605],"rotation":0,"texture":"#0","tintindex":0},"west":{"uv":[1.6855,6.8145,1.1895,7.373],"rotation":0,"texture":"#0","tintindex":0},"up":{"uv":[12.002,6.998,12.248,6.502],"rotation":0,"texture":"#0","tintindex":0},"down":{"uv":[8.4395,12.002,8.6855,12.498],"rotation":0,"texture":"#0","tintindex":0}}}],"display":{"head":{"translation":[0.0,-6.4,0.0],"scale":[4.0,4.0,4.0]}}}