{"textures":{"0":"modelengine:entity/wizpiglin_2_rift"},"elements":[{"from":[3.1999998,7.7714286,1.9999995],"to":[12.8,7.7714286,14.0],"rotation":{"angle":0.0,"axis":"y","origin":[8.0,7.7714286,8.0]},"faces":{"east":{"uv":[0.0,0.0,2.625,0.0],"rotation":0,"texture":"#0","tintindex":0},"south":{"uv":[0.0,0.0,2.125,0.0],"rotation":0,"texture":"#0","tintindex":0},"north":{"uv":[0.0,0.0,2.125,0.0],"rotation":0,"texture":"#0","tintindex":0},"west":{"uv":[0.0,0.0,2.625,0.0],"rotation":0,"texture":"#0","tintindex":0},"up":{"uv":[10.875,2.625,8.75,0.0],"rotation":0,"texture":"#0","tintindex":0},"down":{"uv":[10.875,0.0,8.75,2.625],"rotation":0,"texture":"#0","tintindex":0}}}],"display":{"head":{"translation":[0.0,-6.4,0.0],"scale":[4.0,4.0,4.0]}}}