{"textures":{"0":"modelengine:entity/wizpiglin_2_rift"},"elements":[{"from":[0.0,7.7714286,0.0],"to":[16.0,7.7714286,16.0],"rotation":{"angle":0.0,"axis":"y","origin":[-14.896156,11.19163,6.6030736]},"faces":{"east":{"uv":[0.0,0.0,3.5,0.0],"rotation":0,"texture":"#0","tintindex":0},"south":{"uv":[0.0,0.0,3.5,0.0],"rotation":0,"texture":"#0","tintindex":0},"north":{"uv":[0.0,0.0,3.5,0.0],"rotation":0,"texture":"#0","tintindex":0},"west":{"uv":[0.0,0.0,3.5,0.0],"rotation":0,"texture":"#0","tintindex":0},"up":{"uv":[3.5,9.625,0.0,6.125],"rotation":0,"texture":"#0","tintindex":0},"down":{"uv":[3.5,6.125,0.0,9.625],"rotation":0,"texture":"#0","tintindex":0}}}],"display":{"head":{"translation":[0.0,-6.4,0.0],"scale":[4.0,4.0,4.0]}}}