{"textures":{"0":"modelengine:entity/wizpiglin_2_rift"},"elements":[{"from":[-2.0,8.0,-6.000001],"to":[18.0,8.0,22.0],"rotation":{"angle":22.5,"axis":"y","origin":[8.0,8.0,8.0]},"faces":{"east":{"uv":[0.0,0.0,6.125,0.0],"rotation":0,"texture":"#0","tintindex":0},"south":{"uv":[0.0,0.0,4.375,0.0],"rotation":0,"texture":"#0","tintindex":0},"north":{"uv":[0.0,0.0,4.375,0.0],"rotation":0,"texture":"#0","tintindex":0},"west":{"uv":[0.0,0.0,6.125,0.0],"rotation":0,"texture":"#0","tintindex":0},"up":{"uv":[4.375,6.125,0.0,0.0],"rotation":0,"texture":"#0","tintindex":0},"down":{"uv":[4.375,0.0,0.0,6.125],"rotation":0,"texture":"#0","tintindex":0}}}],"display":{"head":{"translation":[0.0,-6.4,0.0],"scale":[4.0,4.0,4.0]}}}