{"textures":{"0":"modelengine:entity/skog_roots2"},"elements":[{"from":[3.4285712,1.7142854,1.1428566],"to":[12.571428,1.7142854,7.428571],"rotation":{"angle":-22.5,"axis":"x","origin":[8.0,1.7142854,4.285714]},"faces":{"east":{"uv":[0.0,0.0,2.75,0.0],"rotation":0,"texture":"#0","tintindex":0},"south":{"uv":[0.0,0.0,4.0,0.0],"rotation":0,"texture":"#0","tintindex":0},"north":{"uv":[0.0,0.0,4.0,0.0],"rotation":0,"texture":"#0","tintindex":0},"west":{"uv":[0.0,0.0,2.75,0.0],"rotation":0,"texture":"#0","tintindex":0},"up":{"uv":[4.0,2.75,0.0,0.0],"rotation":0,"texture":"#0","tintindex":0},"down":{"uv":[4.0,2.75,0.0,5.5],"rotation":0,"texture":"#0","tintindex":0}}},{"from":[3.4285712,1.7142854,8.571428],"to":[12.571428,1.7142854,14.857143],"rotation":{"angle":22.5,"axis":"x","origin":[8.0,1.7142854,11.714286]},"faces":{"east":{"uv":[2.75,0.0,0.0,0.0],"rotation":0,"texture":"#0","tintindex":0},"south":{"uv":[4.0,0.0,0.0,0.0],"rotation":0,"texture":"#0","tintindex":0},"north":{"uv":[4.0,0.0,0.0,0.0],"rotation":0,"texture":"#0","tintindex":0},"west":{"uv":[2.75,0.0,0.0,0.0],"rotation":0,"texture":"#0","tintindex":0},"up":{"uv":[4.0,0.0,0.0,2.75],"rotation":0,"texture":"#0","tintindex":0},"down":{"uv":[4.0,5.5,0.0,2.75],"rotation":0,"texture":"#0","tintindex":0}}},{"from":[1.1428566,1.7142854,3.4285712],"to":[7.428571,1.7142854,12.571428],"rotation":{"angle":22.5,"axis":"z","origin":[4.285714,1.7142854,8.0]},"faces":{"east":{"uv":[4.0,0.0,0.0,0.0],"rotation":0,"texture":"#0","tintindex":0},"south":{"uv":[2.75,0.0,0.0,0.0],"rotation":0,"texture":"#0","tintindex":0},"north":{"uv":[2.75,0.0,0.0,0.0],"rotation":0,"texture":"#0","tintindex":0},"west":{"uv":[4.0,0.0,0.0,0.0],"rotation":0,"texture":"#0","tintindex":0},"up":{"uv":[4.0,0.0,0.0,2.75],"rotation":90,"texture":"#0","tintindex":0},"down":{"uv":[4.0,5.5,0.0,2.75],"rotation":270,"texture":"#0","tintindex":0}}},{"from":[8.571428,1.7142854,3.4285712],"to":[14.857143,1.7142854,12.571428],"rotation":{"angle":-22.5,"axis":"z","origin":[11.714286,1.7142854,8.0]},"faces":{"east":{"uv":[0.0,0.0,4.0,0.0],"rotation":0,"texture":"#0","tintindex":0},"south":{"uv":[0.0,0.0,2.75,0.0],"rotation":0,"texture":"#0","tintindex":0},"north":{"uv":[0.0,0.0,2.75,0.0],"rotation":0,"texture":"#0","tintindex":0},"west":{"uv":[0.0,0.0,4.0,0.0],"rotation":0,"texture":"#0","tintindex":0},"up":{"uv":[4.0,2.75,0.0,0.0],"rotation":90,"texture":"#0","tintindex":0},"down":{"uv":[4.0,2.75,0.0,5.5],"rotation":270,"texture":"#0","tintindex":0}}}],"display":{"head":{"translation":[0.0,-6.4,0.0],"scale":[4.0,4.0,4.0]}}}