{"textures":{"0":"modelengine:entity/skog_roots2"},"elements":[{"from":[6.790675,-4.5714293,3.5274754],"to":[8.504961,4.5714283,3.5274754],"rotation":{"angle":0.0,"axis":"y","origin":[7.362104,-4.5714293,8.098904]},"faces":{"east":{"uv":[0.0,0.0,0.0,4.0],"rotation":0,"texture":"#0","tintindex":0},"south":{"uv":[4.0,0.0,4.75,4.0],"rotation":0,"texture":"#0","tintindex":0},"north":{"uv":[4.0,0.0,4.75,4.0],"rotation":0,"texture":"#0","tintindex":0},"west":{"uv":[0.0,0.0,0.0,4.0],"rotation":0,"texture":"#0","tintindex":0},"up":{"uv":[0.75,0.0,0.0,0.0],"rotation":0,"texture":"#0","tintindex":0},"down":{"uv":[0.75,0.0,0.0,0.0],"rotation":0,"texture":"#0","tintindex":0}}},{"from":[6.712054,-4.5714293,3.3981724],"to":[8.426339,4.5714283,3.3981724],"rotation":{"angle":-22.5,"axis":"y","origin":[7.283482,-4.5714293,7.969601]},"faces":{"east":{"uv":[0.0,0.0,0.0,4.0],"rotation":0,"texture":"#0","tintindex":0},"south":{"uv":[4.75,0.0,5.5,4.0],"rotation":0,"texture":"#0","tintindex":0},"north":{"uv":[4.75,0.0,5.5,4.0],"rotation":0,"texture":"#0","tintindex":0},"west":{"uv":[0.0,0.0,0.0,4.0],"rotation":0,"texture":"#0","tintindex":0},"up":{"uv":[0.75,0.0,0.0,0.0],"rotation":0,"texture":"#0","tintindex":0},"down":{"uv":[0.75,0.0,0.0,0.0],"rotation":0,"texture":"#0","tintindex":0}}},{"from":[6.688899,-4.5714293,3.2486243],"to":[8.403185,4.5714283,3.2486243],"rotation":{"angle":-45.0,"axis":"y","origin":[7.2603273,-4.5714293,7.820053]},"faces":{"east":{"uv":[0.0,0.0,0.0,4.0],"rotation":0,"texture":"#0","tintindex":0},"south":{"uv":[0.0,5.5,0.75,9.5],"rotation":0,"texture":"#0","tintindex":0},"north":{"uv":[0.0,5.5,0.75,9.5],"rotation":0,"texture":"#0","tintindex":0},"west":{"uv":[0.0,0.0,0.0,4.0],"rotation":0,"texture":"#0","tintindex":0},"up":{"uv":[0.75,0.0,0.0,0.0],"rotation":0,"texture":"#0","tintindex":0},"down":{"uv":[0.75,0.0,0.0,0.0],"rotation":0,"texture":"#0","tintindex":0}}},{"from":[6.7247357,-4.5714293,3.1015992],"to":[8.439022,4.5714283,3.1015992],"rotation":{"angle":-45.0,"axis":"y","origin":[7.2961645,-4.5714293,7.6730285]},"faces":{"east":{"uv":[0.0,0.0,0.0,4.0],"rotation":0,"texture":"#0","tintindex":0},"south":{"uv":[0.75,5.5,1.5,9.5],"rotation":0,"texture":"#0","tintindex":0},"north":{"uv":[0.75,5.5,1.5,9.5],"rotation":0,"texture":"#0","tintindex":0},"west":{"uv":[0.0,0.0,0.0,4.0],"rotation":0,"texture":"#0","tintindex":0},"up":{"uv":[0.75,0.0,0.0,0.0],"rotation":0,"texture":"#0","tintindex":0},"down":{"uv":[0.75,0.0,0.0,0.0],"rotation":0,"texture":"#0","tintindex":0}}},{"from":[6.8141093,-4.5714293,2.9794807],"to":[8.528395,4.5714283,2.9794807],"rotation":{"angle":-45.0,"axis":"y","origin":[7.3855376,-4.5714293,7.550909]},"faces":{"east":{"uv":[0.0,0.0,0.0,4.0],"rotation":0,"texture":"#0","tintindex":0},"south":{"uv":[2.25,5.5,3.0,9.5],"rotation":0,"texture":"#0","tintindex":0},"north":{"uv":[2.25,5.5,3.0,9.5],"rotation":0,"texture":"#0","tintindex":0},"west":{"uv":[0.0,0.0,0.0,4.0],"rotation":0,"texture":"#0","tintindex":0},"up":{"uv":[0.75,0.0,0.0,0.0],"rotation":0,"texture":"#0","tintindex":0},"down":{"uv":[0.75,0.0,0.0,0.0],"rotation":0,"texture":"#0","tintindex":0}}},{"from":[6.7901473,-4.5714293,12.145554],"to":[8.504433,4.5714283,12.145554],"rotation":{"angle":0.0,"axis":"y","origin":[7.3615756,-4.5714293,7.5741243]},"faces":{"east":{"uv":[0.0,0.0,0.0,4.0],"rotation":0,"texture":"#0","tintindex":0},"south":{"uv":[6.25,0.0,7.0,4.0],"rotation":0,"texture":"#0","tintindex":0},"north":{"uv":[6.25,0.0,7.0,4.0],"rotation":0,"texture":"#0","tintindex":0},"west":{"uv":[0.0,0.0,0.0,4.0],"rotation":0,"texture":"#0","tintindex":0},"up":{"uv":[0.75,0.0,0.0,0.0],"rotation":0,"texture":"#0","tintindex":0},"down":{"uv":[0.75,0.0,0.0,0.0],"rotation":0,"texture":"#0","tintindex":0}}},{"from":[6.724208,-4.5714293,12.571428],"to":[8.438494,4.5714283,12.571428],"rotation":{"angle":45.0,"axis":"y","origin":[7.295636,-4.5714293,8.0]},"faces":{"east":{"uv":[0.0,0.0,0.0,4.0],"rotation":0,"texture":"#0","tintindex":0},"south":{"uv":[7.0,0.0,7.75,4.0],"rotation":0,"texture":"#0","tintindex":0},"north":{"uv":[7.0,0.0,7.75,4.0],"rotation":0,"texture":"#0","tintindex":0},"west":{"uv":[0.0,0.0,0.0,4.0],"rotation":0,"texture":"#0","tintindex":0},"up":{"uv":[0.75,0.0,0.0,0.0],"rotation":0,"texture":"#0","tintindex":0},"down":{"uv":[0.75,0.0,0.0,0.0],"rotation":0,"texture":"#0","tintindex":0}}},{"from":[6.6883707,-4.5714293,12.424404],"to":[8.402657,4.5714283,12.424404],"rotation":{"angle":45.0,"axis":"y","origin":[7.259799,-4.5714293,7.852975]},"faces":{"east":{"uv":[0.0,0.0,0.0,4.0],"rotation":0,"texture":"#0","tintindex":0},"south":{"uv":[7.75,0.0,8.5,4.0],"rotation":0,"texture":"#0","tintindex":0},"north":{"uv":[7.75,0.0,8.5,4.0],"rotation":0,"texture":"#0","tintindex":0},"west":{"uv":[0.0,0.0,0.0,4.0],"rotation":0,"texture":"#0","tintindex":0},"up":{"uv":[0.75,0.0,0.0,0.0],"rotation":0,"texture":"#0","tintindex":0},"down":{"uv":[0.75,0.0,0.0,0.0],"rotation":0,"texture":"#0","tintindex":0}}},{"from":[6.7115254,-4.5714293,12.274857],"to":[8.425811,4.5714283,12.274857],"rotation":{"angle":22.5,"axis":"y","origin":[7.282954,-4.5714293,7.7034273]},"faces":{"east":{"uv":[0.0,0.0,0.0,4.0],"rotation":0,"texture":"#0","tintindex":0},"south":{"uv":[3.75,8.0,4.5,12.0],"rotation":0,"texture":"#0","tintindex":0},"north":{"uv":[3.75,8.0,4.5,12.0],"rotation":0,"texture":"#0","tintindex":0},"west":{"uv":[0.0,0.0,0.0,4.0],"rotation":0,"texture":"#0","tintindex":0},"up":{"uv":[0.75,0.0,0.0,0.0],"rotation":0,"texture":"#0","tintindex":0},"down":{"uv":[0.75,0.0,0.0,0.0],"rotation":0,"texture":"#0","tintindex":0}}},{"from":[6.869297,-4.5714293,3.3981724],"to":[8.583583,4.5714283,3.3981724],"rotation":{"angle":22.5,"axis":"y","origin":[8.012155,-4.5714293,7.969601]},"faces":{"east":{"uv":[0.0,0.0,0.0,4.0],"rotation":0,"texture":"#0","tintindex":0},"south":{"uv":[4.5,8.0,5.25,12.0],"rotation":0,"texture":"#0","tintindex":0},"north":{"uv":[4.5,8.0,5.25,12.0],"rotation":0,"texture":"#0","tintindex":0},"west":{"uv":[0.0,0.0,0.0,4.0],"rotation":0,"texture":"#0","tintindex":0},"up":{"uv":[0.75,0.0,0.0,0.0],"rotation":0,"texture":"#0","tintindex":0},"down":{"uv":[0.75,0.0,0.0,0.0],"rotation":0,"texture":"#0","tintindex":0}}},{"from":[6.892452,-4.5714293,3.2486243],"to":[8.606737,4.5714283,3.2486243],"rotation":{"angle":45.0,"axis":"y","origin":[8.035309,-4.5714293,7.820053]},"faces":{"east":{"uv":[0.0,0.0,0.0,4.0],"rotation":0,"texture":"#0","tintindex":0},"south":{"uv":[6.0,8.0,6.75,12.0],"rotation":0,"texture":"#0","tintindex":0},"north":{"uv":[6.0,8.0,6.75,12.0],"rotation":0,"texture":"#0","tintindex":0},"west":{"uv":[0.0,0.0,0.0,4.0],"rotation":0,"texture":"#0","tintindex":0},"up":{"uv":[0.75,0.0,0.0,0.0],"rotation":0,"texture":"#0","tintindex":0},"down":{"uv":[0.75,0.0,0.0,0.0],"rotation":0,"texture":"#0","tintindex":0}}},{"from":[6.8566146,-4.5714293,3.1015992],"to":[8.5709,4.5714283,3.1015992],"rotation":{"angle":45.0,"axis":"y","origin":[7.9994717,-4.5714293,7.6730285]},"faces":{"east":{"uv":[0.0,0.0,0.0,4.0],"rotation":0,"texture":"#0","tintindex":0},"south":{"uv":[7.5,8.0,8.25,12.0],"rotation":0,"texture":"#0","tintindex":0},"north":{"uv":[7.5,8.0,8.25,12.0],"rotation":0,"texture":"#0","tintindex":0},"west":{"uv":[0.0,0.0,0.0,4.0],"rotation":0,"texture":"#0","tintindex":0},"up":{"uv":[0.75,0.0,0.0,0.0],"rotation":0,"texture":"#0","tintindex":0},"down":{"uv":[0.75,0.0,0.0,0.0],"rotation":0,"texture":"#0","tintindex":0}}},{"from":[6.7672415,-4.5714293,2.9794807],"to":[8.481527,4.5714283,2.9794807],"rotation":{"angle":45.0,"axis":"y","origin":[7.9100986,-4.5714293,7.550909]},"faces":{"east":{"uv":[0.0,0.0,0.0,4.0],"rotation":0,"texture":"#0","tintindex":0},"south":{"uv":[8.5,0.0,9.25,4.0],"rotation":0,"texture":"#0","tintindex":0},"north":{"uv":[8.5,0.0,9.25,4.0],"rotation":0,"texture":"#0","tintindex":0},"west":{"uv":[0.0,0.0,0.0,4.0],"rotation":0,"texture":"#0","tintindex":0},"up":{"uv":[0.75,0.0,0.0,0.0],"rotation":0,"texture":"#0","tintindex":0},"down":{"uv":[0.75,0.0,0.0,0.0],"rotation":0,"texture":"#0","tintindex":0}}},{"from":[6.8698254,-4.5714293,12.274857],"to":[8.584111,4.5714283,12.274857],"rotation":{"angle":-22.5,"axis":"y","origin":[8.012682,-4.5714293,7.7034273]},"faces":{"east":{"uv":[0.0,0.0,0.0,4.0],"rotation":0,"texture":"#0","tintindex":0},"south":{"uv":[9.25,0.0,10.0,4.0],"rotation":0,"texture":"#0","tintindex":0},"north":{"uv":[9.25,0.0,10.0,4.0],"rotation":0,"texture":"#0","tintindex":0},"west":{"uv":[0.0,0.0,0.0,4.0],"rotation":0,"texture":"#0","tintindex":0},"up":{"uv":[0.75,0.0,0.0,0.0],"rotation":0,"texture":"#0","tintindex":0},"down":{"uv":[0.75,0.0,0.0,0.0],"rotation":0,"texture":"#0","tintindex":0}}},{"from":[6.8929796,-4.5714293,12.424404],"to":[8.607265,4.5714283,12.424404],"rotation":{"angle":-45.0,"axis":"y","origin":[8.035837,-4.5714293,7.852975]},"faces":{"east":{"uv":[0.0,0.0,0.0,4.0],"rotation":0,"texture":"#0","tintindex":0},"south":{"uv":[0.0,9.5,0.75,13.5],"rotation":0,"texture":"#0","tintindex":0},"north":{"uv":[0.0,9.5,0.75,13.5],"rotation":0,"texture":"#0","tintindex":0},"west":{"uv":[0.0,0.0,0.0,4.0],"rotation":0,"texture":"#0","tintindex":0},"up":{"uv":[0.75,0.0,0.0,0.0],"rotation":0,"texture":"#0","tintindex":0},"down":{"uv":[0.75,0.0,0.0,0.0],"rotation":0,"texture":"#0","tintindex":0}}},{"from":[6.857143,-4.5714293,12.571428],"to":[8.571428,4.5714283,12.571428],"rotation":{"angle":-45.0,"axis":"y","origin":[8.0,-4.5714293,8.0]},"faces":{"east":{"uv":[0.0,0.0,0.0,4.0],"rotation":0,"texture":"#0","tintindex":0},"south":{"uv":[1.5,9.5,2.25,13.5],"rotation":0,"texture":"#0","tintindex":0},"north":{"uv":[1.5,9.5,2.25,13.5],"rotation":0,"texture":"#0","tintindex":0},"west":{"uv":[0.0,0.0,0.0,4.0],"rotation":0,"texture":"#0","tintindex":0},"up":{"uv":[0.75,0.0,0.0,0.0],"rotation":0,"texture":"#0","tintindex":0},"down":{"uv":[0.75,0.0,0.0,0.0],"rotation":0,"texture":"#0","tintindex":0}}}],"display":{"head":{"translation":[0.0,-6.4,0.0],"scale":[4.0,4.0,4.0]}}}