{"textures":{"0":"modelengine:entity/skog_roots2"},"elements":[{"from":[7.039963,3.173861,7.04],"to":[8.959963,3.173861,8.96],"rotation":{"angle":0.0,"axis":"y","origin":[8.319963,8.293861,7.04]},"faces":{"east":{"uv":[0.0,0.0,0.0,0.75],"rotation":270,"texture":"#0","tintindex":0},"south":{"uv":[0.75,0.0,0.0,0.0],"rotation":180,"texture":"#0","tintindex":0},"north":{"uv":[0.75,0.0,0.0,0.0],"rotation":0,"texture":"#0","tintindex":0},"west":{"uv":[0.0,0.0,0.0,0.75],"rotation":90,"texture":"#0","tintindex":0},"up":{"uv":[2.25,9.5,3.0,10.25],"rotation":180,"texture":"#0","tintindex":0},"down":{"uv":[2.25,9.5,3.0,10.25],"rotation":0,"texture":"#0","tintindex":0}}},{"from":[7.1280193,3.0290418,7.04],"to":[9.048019,3.0290418,8.96],"rotation":{"angle":-22.5,"axis":"z","origin":[8.408019,8.149042,7.04]},"faces":{"east":{"uv":[0.0,0.0,0.0,0.75],"rotation":270,"texture":"#0","tintindex":0},"south":{"uv":[0.75,0.0,0.0,0.0],"rotation":180,"texture":"#0","tintindex":0},"north":{"uv":[0.75,0.0,0.0,0.0],"rotation":0,"texture":"#0","tintindex":0},"west":{"uv":[0.0,0.0,0.0,0.75],"rotation":90,"texture":"#0","tintindex":0},"up":{"uv":[9.75,8.0,10.5,8.75],"rotation":0,"texture":"#0","tintindex":0},"down":{"uv":[9.75,8.0,10.5,8.75],"rotation":0,"texture":"#0","tintindex":0}}},{"from":[7.1539526,2.861548,7.04],"to":[9.073953,2.861548,8.96],"rotation":{"angle":-45.0,"axis":"z","origin":[8.433952,7.9815483,7.04]},"faces":{"east":{"uv":[0.0,0.0,0.0,0.75],"rotation":270,"texture":"#0","tintindex":0},"south":{"uv":[0.75,0.0,0.0,0.0],"rotation":180,"texture":"#0","tintindex":0},"north":{"uv":[0.75,0.0,0.0,0.0],"rotation":0,"texture":"#0","tintindex":0},"west":{"uv":[0.0,0.0,0.0,0.75],"rotation":90,"texture":"#0","tintindex":0},"up":{"uv":[9.75,9.5,10.5,10.25],"rotation":180,"texture":"#0","tintindex":0},"down":{"uv":[9.75,9.5,10.5,10.25],"rotation":0,"texture":"#0","tintindex":0}}},{"from":[7.1138153,2.6968803,7.04],"to":[9.033815,2.6968803,8.96],"rotation":{"angle":-45.0,"axis":"z","origin":[8.393815,7.8168807,7.04]},"faces":{"east":{"uv":[0.0,0.0,0.0,0.75],"rotation":270,"texture":"#0","tintindex":0},"south":{"uv":[0.75,0.0,0.0,0.0],"rotation":180,"texture":"#0","tintindex":0},"north":{"uv":[0.75,0.0,0.0,0.0],"rotation":0,"texture":"#0","tintindex":0},"west":{"uv":[0.0,0.0,0.0,0.75],"rotation":90,"texture":"#0","tintindex":0},"up":{"uv":[10.0,0.75,10.75,1.5],"rotation":180,"texture":"#0","tintindex":0},"down":{"uv":[10.0,0.75,10.75,1.5],"rotation":0,"texture":"#0","tintindex":0}}},{"from":[7.013717,2.5601068,7.04],"to":[8.933717,2.5601068,8.96],"rotation":{"angle":-45.0,"axis":"z","origin":[8.293717,7.680107,7.04]},"faces":{"east":{"uv":[0.0,0.0,0.0,0.75],"rotation":270,"texture":"#0","tintindex":0},"south":{"uv":[0.75,0.0,0.0,0.0],"rotation":180,"texture":"#0","tintindex":0},"north":{"uv":[0.75,0.0,0.0,0.0],"rotation":0,"texture":"#0","tintindex":0},"west":{"uv":[0.0,0.0,0.0,0.75],"rotation":90,"texture":"#0","tintindex":0},"up":{"uv":[10.0,2.25,10.75,3.0],"rotation":180,"texture":"#0","tintindex":0},"down":{"uv":[10.0,2.25,10.75,3.0],"rotation":0,"texture":"#0","tintindex":0}}},{"from":[7.0405545,12.826109,7.04],"to":[8.960554,12.826109,8.96],"rotation":{"angle":0.0,"axis":"y","origin":[8.320555,7.706108,7.04]},"faces":{"east":{"uv":[0.0,0.0,0.0,0.75],"rotation":270,"texture":"#0","tintindex":0},"south":{"uv":[0.75,0.0,0.0,0.0],"rotation":180,"texture":"#0","tintindex":0},"north":{"uv":[0.75,0.0,0.0,0.0],"rotation":0,"texture":"#0","tintindex":0},"west":{"uv":[0.0,0.0,0.0,0.75],"rotation":90,"texture":"#0","tintindex":0},"up":{"uv":[10.0,4.5,10.75,5.25],"rotation":180,"texture":"#0","tintindex":0},"down":{"uv":[10.0,4.5,10.75,5.25],"rotation":0,"texture":"#0","tintindex":0}}},{"from":[7.1144066,13.303089,7.04],"to":[9.034407,13.303089,8.96],"rotation":{"angle":45.0,"axis":"z","origin":[8.394406,8.183089,7.04]},"faces":{"east":{"uv":[0.0,0.0,0.0,0.75],"rotation":270,"texture":"#0","tintindex":0},"south":{"uv":[0.75,0.0,0.0,0.0],"rotation":180,"texture":"#0","tintindex":0},"north":{"uv":[0.75,0.0,0.0,0.0],"rotation":0,"texture":"#0","tintindex":0},"west":{"uv":[0.0,0.0,0.0,0.75],"rotation":90,"texture":"#0","tintindex":0},"up":{"uv":[10.0,6.0,10.75,6.75],"rotation":180,"texture":"#0","tintindex":0},"down":{"uv":[10.0,6.0,10.75,6.75],"rotation":0,"texture":"#0","tintindex":0}}},{"from":[7.1545444,13.138421,7.04],"to":[9.074544,13.138421,8.96],"rotation":{"angle":45.0,"axis":"z","origin":[8.434545,8.018421,7.04]},"faces":{"east":{"uv":[0.0,0.0,0.0,0.75],"rotation":270,"texture":"#0","tintindex":0},"south":{"uv":[0.75,0.0,0.0,0.0],"rotation":180,"texture":"#0","tintindex":0},"north":{"uv":[0.75,0.0,0.0,0.0],"rotation":0,"texture":"#0","tintindex":0},"west":{"uv":[0.0,0.0,0.0,0.75],"rotation":90,"texture":"#0","tintindex":0},"up":{"uv":[2.25,10.25,3.0,11.0],"rotation":180,"texture":"#0","tintindex":0},"down":{"uv":[2.25,10.25,3.0,11.0],"rotation":0,"texture":"#0","tintindex":0}}},{"from":[7.1286106,12.970928,7.04],"to":[9.048611,12.970928,8.96],"rotation":{"angle":22.5,"axis":"z","origin":[8.408611,7.8509274,7.04]},"faces":{"east":{"uv":[0.0,0.0,0.0,0.75],"rotation":270,"texture":"#0","tintindex":0},"south":{"uv":[0.75,0.0,0.0,0.0],"rotation":180,"texture":"#0","tintindex":0},"north":{"uv":[0.75,0.0,0.0,0.0],"rotation":0,"texture":"#0","tintindex":0},"west":{"uv":[0.0,0.0,0.0,0.75],"rotation":90,"texture":"#0","tintindex":0},"up":{"uv":[9.75,10.25,10.5,11.0],"rotation":180,"texture":"#0","tintindex":0},"down":{"uv":[9.75,10.25,10.5,11.0],"rotation":0,"texture":"#0","tintindex":0}}},{"from":[6.9519067,0.97189856,6.8685713],"to":[6.9519067,3.2576127,8.788571],"rotation":{"angle":-45.0,"axis":"y","origin":[6.9519067,2.1718988,8.0]},"faces":{"east":{"uv":[14.25,2.0,13.25,2.84],"rotation":270,"texture":"#0","tintindex":0},"south":{"uv":[0.0,0.0,0.0,1.0],"rotation":180,"texture":"#0","tintindex":0},"north":{"uv":[0.0,0.0,0.0,1.0],"rotation":0,"texture":"#0","tintindex":0},"west":{"uv":[13.25,2.0,14.25,2.84],"rotation":90,"texture":"#0","tintindex":0},"up":{"uv":[12.5,6.75,12.5,7.59],"rotation":180,"texture":"#0","tintindex":0},"down":{"uv":[12.5,6.75,12.5,7.59],"rotation":0,"texture":"#0","tintindex":0}}},{"from":[6.9259734,2.861548,7.04],"to":[8.845973,2.861548,8.96],"rotation":{"angle":45.0,"axis":"z","origin":[7.5659733,7.9815483,7.04]},"faces":{"east":{"uv":[0.0,0.0,0.0,0.75],"rotation":270,"texture":"#0","tintindex":0},"south":{"uv":[0.75,0.0,0.0,0.0],"rotation":180,"texture":"#0","tintindex":0},"north":{"uv":[0.75,0.0,0.0,0.0],"rotation":0,"texture":"#0","tintindex":0},"west":{"uv":[0.0,0.0,0.0,0.75],"rotation":90,"texture":"#0","tintindex":0},"up":{"uv":[10.5,9.0,11.25,9.75],"rotation":180,"texture":"#0","tintindex":0},"down":{"uv":[10.5,9.0,11.25,9.75],"rotation":0,"texture":"#0","tintindex":0}}},{"from":[6.9519067,3.0290418,7.04],"to":[8.871907,3.0290418,8.96],"rotation":{"angle":22.5,"axis":"z","origin":[7.5919065,8.149042,7.04]},"faces":{"east":{"uv":[0.0,0.0,0.0,0.75],"rotation":270,"texture":"#0","tintindex":0},"south":{"uv":[0.75,0.0,0.0,0.0],"rotation":180,"texture":"#0","tintindex":0},"north":{"uv":[0.75,0.0,0.0,0.0],"rotation":0,"texture":"#0","tintindex":0},"west":{"uv":[0.0,0.0,0.0,0.75],"rotation":90,"texture":"#0","tintindex":0},"up":{"uv":[10.5,7.5,11.25,8.25],"rotation":180,"texture":"#0","tintindex":0},"down":{"uv":[10.5,7.5,11.25,8.25],"rotation":0,"texture":"#0","tintindex":0}}},{"from":[6.9661107,2.6968803,7.04],"to":[8.886111,2.6968803,8.96],"rotation":{"angle":45.0,"axis":"z","origin":[7.606111,7.8168807,7.04]},"faces":{"east":{"uv":[0.0,0.0,0.0,0.75],"rotation":270,"texture":"#0","tintindex":0},"south":{"uv":[0.75,0.0,0.0,0.0],"rotation":180,"texture":"#0","tintindex":0},"north":{"uv":[0.75,0.0,0.0,0.0],"rotation":0,"texture":"#0","tintindex":0},"west":{"uv":[0.0,0.0,0.0,0.75],"rotation":90,"texture":"#0","tintindex":0},"up":{"uv":[10.5,10.5,11.25,11.25],"rotation":180,"texture":"#0","tintindex":0},"down":{"uv":[10.5,10.5,11.25,11.25],"rotation":0,"texture":"#0","tintindex":0}}},{"from":[7.066209,2.5601068,7.04],"to":[8.986209,2.5601068,8.96],"rotation":{"angle":45.0,"axis":"z","origin":[7.706209,7.680107,7.04]},"faces":{"east":{"uv":[0.0,0.0,0.0,0.75],"rotation":270,"texture":"#0","tintindex":0},"south":{"uv":[0.75,0.0,0.0,0.0],"rotation":180,"texture":"#0","tintindex":0},"north":{"uv":[0.75,0.0,0.0,0.0],"rotation":0,"texture":"#0","tintindex":0},"west":{"uv":[0.0,0.0,0.0,0.75],"rotation":90,"texture":"#0","tintindex":0},"up":{"uv":[10.75,0.5,11.5,1.25],"rotation":180,"texture":"#0","tintindex":0},"down":{"uv":[10.75,0.75,11.5,1.5],"rotation":0,"texture":"#0","tintindex":0}}},{"from":[6.951315,12.970928,7.04],"to":[8.871315,12.970928,8.96],"rotation":{"angle":-22.5,"axis":"z","origin":[7.5913153,7.8509274,7.04]},"faces":{"east":{"uv":[0.0,0.0,0.0,0.75],"rotation":270,"texture":"#0","tintindex":0},"south":{"uv":[0.75,0.0,0.0,0.0],"rotation":180,"texture":"#0","tintindex":0},"north":{"uv":[0.75,0.0,0.0,0.0],"rotation":0,"texture":"#0","tintindex":0},"west":{"uv":[0.0,0.0,0.0,0.75],"rotation":90,"texture":"#0","tintindex":0},"up":{"uv":[10.75,3.0,11.5,3.75],"rotation":180,"texture":"#0","tintindex":0},"down":{"uv":[10.75,3.0,11.5,3.75],"rotation":0,"texture":"#0","tintindex":0}}},{"from":[6.9253817,13.138421,7.04],"to":[8.845382,13.138421,8.96],"rotation":{"angle":-45.0,"axis":"z","origin":[7.565382,8.018421,7.04]},"faces":{"east":{"uv":[0.0,0.0,0.0,0.75],"rotation":270,"texture":"#0","tintindex":0},"south":{"uv":[0.75,0.0,0.0,0.0],"rotation":180,"texture":"#0","tintindex":0},"north":{"uv":[0.75,0.0,0.0,0.0],"rotation":0,"texture":"#0","tintindex":0},"west":{"uv":[0.0,0.0,0.0,0.75],"rotation":90,"texture":"#0","tintindex":0},"up":{"uv":[10.75,4.5,11.5,5.25],"rotation":180,"texture":"#0","tintindex":0},"down":{"uv":[10.75,4.5,11.5,5.25],"rotation":0,"texture":"#0","tintindex":0}}},{"from":[6.9655194,13.303089,7.04],"to":[8.885519,13.303089,8.96],"rotation":{"angle":-45.0,"axis":"z","origin":[7.6055193,8.183089,7.04]},"faces":{"east":{"uv":[0.0,0.0,0.0,0.75],"rotation":270,"texture":"#0","tintindex":0},"south":{"uv":[0.75,0.0,0.0,0.0],"rotation":180,"texture":"#0","tintindex":0},"north":{"uv":[0.75,0.0,0.0,0.0],"rotation":0,"texture":"#0","tintindex":0},"west":{"uv":[0.0,0.0,0.0,0.75],"rotation":90,"texture":"#0","tintindex":0},"up":{"uv":[10.75,6.0,11.5,6.75],"rotation":180,"texture":"#0","tintindex":0},"down":{"uv":[10.75,5.75,11.5,6.5],"rotation":0,"texture":"#0","tintindex":0}}}],"display":{"head":{"translation":[0.0,-6.4,0.0],"scale":[4.0,4.0,4.0]}}}