{"textures":{"0":"modelengine:entity/voras_chest"},"elements":[{"from":[1.1428566,8.0,0.0],"to":[16.0,9.714286,8.0],"rotation":{"angle":0.0,"axis":"y","origin":[8.0,4.0,4.0]},"faces":{"east":{"uv":[7.25,6.75,9.0,7.125],"rotation":0,"texture":"#0","tintindex":0},"south":{"uv":[1.25,6.375,4.5,6.75],"rotation":0,"texture":"#0","tintindex":0},"north":{"uv":[1.25,6.0,4.5,6.375],"rotation":0,"texture":"#0","tintindex":0},"west":{"uv":[3.75,7.375,5.5,7.75],"rotation":0,"texture":"#0","tintindex":0},"up":{"uv":[3.25,1.75,0.0,0.0],"rotation":0,"texture":"#0","tintindex":0},"down":{"uv":[3.25,1.75,0.0,3.5],"rotation":0,"texture":"#0","tintindex":0}}},{"from":[5.714286,9.714286,0.5714283],"to":[11.428572,12.571428,4.5714283],"rotation":{"angle":-22.5,"axis":"x","origin":[8.571428,11.142858,2.5714283]},"faces":{"east":{"uv":[4.5,6.0,5.375,6.625],"rotation":0,"texture":"#0","tintindex":0},"south":{"uv":[7.125,2.5,8.375,3.125],"rotation":0,"texture":"#0","tintindex":0},"north":{"uv":[2.5,7.125,3.75,7.75],"rotation":0,"texture":"#0","tintindex":0},"west":{"uv":[5.5,7.375,6.375,8.0],"rotation":0,"texture":"#0","tintindex":0},"up":{"uv":[1.25,7.875,0.0,7.0],"rotation":0,"texture":"#0","tintindex":0},"down":{"uv":[2.5,7.125,1.25,8.0],"rotation":0,"texture":"#0","tintindex":0}}},{"from":[9.142858,7.428571,-1.1428576],"to":[12.0,10.857143,1.7142854],"rotation":{"angle":0.0,"axis":"y","origin":[8.571428,4.0,4.0]},"faces":{"east":{"uv":[7.0,7.375,7.625,8.125],"rotation":0,"texture":"#0","tintindex":0},"south":{"uv":[7.625,0.0,8.25,0.75],"rotation":0,"texture":"#0","tintindex":0},"north":{"uv":[6.375,7.375,7.0,8.125],"rotation":0,"texture":"#0","tintindex":0},"west":{"uv":[7.625,0.75,8.25,1.5],"rotation":0,"texture":"#0","tintindex":0},"up":{"uv":[3.875,8.375,3.25,7.75],"rotation":0,"texture":"#0","tintindex":0},"down":{"uv":[4.5,7.75,3.875,8.375],"rotation":0,"texture":"#0","tintindex":0}}},{"from":[5.714286,12.571428,4.5714283],"to":[11.428572,12.571428,6.285714],"rotation":{"angle":-22.5,"axis":"x","origin":[8.571428,11.142858,2.5714283]},"faces":{"east":{"uv":[0.0,0.0,0.375,0.0],"rotation":0,"texture":"#0","tintindex":0},"south":{"uv":[0.0,0.0,1.25,0.0],"rotation":0,"texture":"#0","tintindex":0},"north":{"uv":[0.0,0.0,1.25,0.0],"rotation":0,"texture":"#0","tintindex":0},"west":{"uv":[0.0,0.0,0.375,0.0],"rotation":0,"texture":"#0","tintindex":0},"up":{"uv":[8.875,1.875,7.625,1.5],"rotation":0,"texture":"#0","tintindex":0},"down":{"uv":[8.875,1.5,7.625,1.875],"rotation":0,"texture":"#0","tintindex":0}}},{"from":[12.20203,7.428571,-1.6306028],"to":[12.20203,10.857143,-1.0591736],"rotation":{"angle":-45.0,"axis":"y","origin":[12.20203,9.142858,-1.3448887]},"faces":{"east":{"uv":[7.125,8.625,7.25,9.375],"rotation":0,"texture":"#0","tintindex":0},"south":{"uv":[0.0,0.0,0.0,0.75],"rotation":0,"texture":"#0","tintindex":0},"north":{"uv":[0.0,0.0,0.0,0.75],"rotation":0,"texture":"#0","tintindex":0},"west":{"uv":[7.125,8.625,7.25,9.375],"rotation":0,"texture":"#0","tintindex":0},"up":{"uv":[0.0,0.125,0.0,0.0],"rotation":0,"texture":"#0","tintindex":0},"down":{"uv":[0.0,0.0,0.0,0.125],"rotation":0,"texture":"#0","tintindex":0}}},{"from":[12.20203,10.773459,-1.1428576],"to":[12.20203,11.344888,1.7142854],"rotation":{"angle":-45.0,"axis":"z","origin":[12.20203,11.059174,0.85714245]},"faces":{"east":{"uv":[2.625,3.625,3.25,3.75],"rotation":0,"texture":"#0","tintindex":0},"south":{"uv":[0.0,0.0,0.0,0.125],"rotation":0,"texture":"#0","tintindex":0},"north":{"uv":[0.0,0.0,0.0,0.125],"rotation":0,"texture":"#0","tintindex":0},"west":{"uv":[2.625,3.625,3.25,3.75],"rotation":0,"texture":"#0","tintindex":0},"up":{"uv":[0.0,0.625,0.0,0.0],"rotation":0,"texture":"#0","tintindex":0},"down":{"uv":[0.0,0.0,0.0,0.625],"rotation":0,"texture":"#0","tintindex":0}}},{"from":[9.428572,11.142858,0.28571415],"to":[11.714286,12.857143,2.5714283],"rotation":{"angle":-22.5,"axis":"x","origin":[8.571428,11.142858,2.5714283]},"faces":{"east":{"uv":[1.5,8.375,2.0,8.75],"rotation":0,"texture":"#0","tintindex":0},"south":{"uv":[8.375,2.375,8.875,2.75],"rotation":0,"texture":"#0","tintindex":0},"north":{"uv":[1.0,8.375,1.5,8.75],"rotation":0,"texture":"#0","tintindex":0},"west":{"uv":[8.375,2.75,8.875,3.125],"rotation":0,"texture":"#0","tintindex":0},"up":{"uv":[7.0,8.625,6.5,8.125],"rotation":0,"texture":"#0","tintindex":0},"down":{"uv":[7.5,8.125,7.0,8.625],"rotation":0,"texture":"#0","tintindex":0}}},{"from":[5.428571,11.142858,0.28571415],"to":[7.714286,12.857143,2.5714283],"rotation":{"angle":-22.5,"axis":"x","origin":[8.571428,11.142858,2.5714283]},"faces":{"east":{"uv":[8.875,2.75,8.375,3.125],"rotation":0,"texture":"#0","tintindex":0},"south":{"uv":[8.875,2.375,8.375,2.75],"rotation":0,"texture":"#0","tintindex":0},"north":{"uv":[1.5,8.375,1.0,8.75],"rotation":0,"texture":"#0","tintindex":0},"west":{"uv":[2.0,8.375,1.5,8.75],"rotation":0,"texture":"#0","tintindex":0},"up":{"uv":[6.5,8.625,7.0,8.125],"rotation":0,"texture":"#0","tintindex":0},"down":{"uv":[7.0,8.125,7.5,8.625],"rotation":0,"texture":"#0","tintindex":0}}},{"from":[5.142857,7.428571,-1.1428576],"to":[8.0,10.857143,1.7142854],"rotation":{"angle":0.0,"axis":"y","origin":[8.571428,4.0,4.0]},"faces":{"east":{"uv":[8.25,0.75,7.625,1.5],"rotation":0,"texture":"#0","tintindex":0},"south":{"uv":[8.25,0.0,7.625,0.75],"rotation":0,"texture":"#0","tintindex":0},"north":{"uv":[7.0,7.375,6.375,8.125],"rotation":0,"texture":"#0","tintindex":0},"west":{"uv":[7.625,7.375,7.0,8.125],"rotation":0,"texture":"#0","tintindex":0},"up":{"uv":[3.25,8.375,3.875,7.75],"rotation":0,"texture":"#0","tintindex":0},"down":{"uv":[3.875,7.75,4.5,8.375],"rotation":0,"texture":"#0","tintindex":0}}},{"from":[4.9408264,10.773459,-1.1428576],"to":[4.9408264,11.344888,1.7142854],"rotation":{"angle":45.0,"axis":"z","origin":[4.9408264,11.059174,0.85714245]},"faces":{"east":{"uv":[3.25,3.625,2.625,3.75],"rotation":0,"texture":"#0","tintindex":0},"south":{"uv":[0.0,0.0,0.0,0.125],"rotation":0,"texture":"#0","tintindex":0},"north":{"uv":[0.0,0.0,0.0,0.125],"rotation":0,"texture":"#0","tintindex":0},"west":{"uv":[3.25,3.625,2.625,3.75],"rotation":0,"texture":"#0","tintindex":0},"up":{"uv":[0.0,0.625,0.0,0.0],"rotation":0,"texture":"#0","tintindex":0},"down":{"uv":[0.0,0.0,0.0,0.625],"rotation":0,"texture":"#0","tintindex":0}}},{"from":[4.9408264,7.428571,-1.6306028],"to":[4.9408264,10.857143,-1.0591736],"rotation":{"angle":45.0,"axis":"y","origin":[4.9408264,9.142858,-1.3448887]},"faces":{"east":{"uv":[7.25,8.625,7.125,9.375],"rotation":0,"texture":"#0","tintindex":0},"south":{"uv":[0.0,0.0,0.0,0.75],"rotation":0,"texture":"#0","tintindex":0},"north":{"uv":[0.0,0.0,0.0,0.75],"rotation":0,"texture":"#0","tintindex":0},"west":{"uv":[7.25,8.625,7.125,9.375],"rotation":0,"texture":"#0","tintindex":0},"up":{"uv":[0.0,0.125,0.0,0.0],"rotation":0,"texture":"#0","tintindex":0},"down":{"uv":[0.0,0.0,0.0,0.125],"rotation":0,"texture":"#0","tintindex":0}}},{"from":[1.1428566,9.714286,1.7142854],"to":[14.857143,11.428572,6.285714],"rotation":{"angle":0.0,"axis":"y","origin":[8.0,4.0,4.0]},"faces":{"east":{"uv":[0.0,7.875,1.0,8.25],"rotation":0,"texture":"#0","tintindex":0},"south":{"uv":[4.25,6.75,7.25,7.125],"rotation":0,"texture":"#0","tintindex":0},"north":{"uv":[1.25,6.75,4.25,7.125],"rotation":0,"texture":"#0","tintindex":0},"west":{"uv":[7.875,7.375,8.875,7.75],"rotation":0,"texture":"#0","tintindex":0},"up":{"uv":[5.625,6.0,2.625,5.0],"rotation":0,"texture":"#0","tintindex":0},"down":{"uv":[8.25,3.75,5.25,4.75],"rotation":0,"texture":"#0","tintindex":0}}},{"from":[14.857143,8.0,-0.57142925],"to":[16.0,12.0,0.0],"rotation":{"angle":0.0,"axis":"y","origin":[8.0,4.0,4.0]},"faces":{"east":{"uv":[8.625,3.5,8.75,4.375],"rotation":0,"texture":"#0","tintindex":0},"south":{"uv":[8.25,0.0,8.5,0.875],"rotation":0,"texture":"#0","tintindex":0},"north":{"uv":[0.0,8.25,0.25,9.125],"rotation":0,"texture":"#0","tintindex":0},"west":{"uv":[8.625,4.375,8.75,5.25],"rotation":0,"texture":"#0","tintindex":0},"up":{"uv":[1.25,8.0,1.0,7.875],"rotation":0,"texture":"#0","tintindex":0},"down":{"uv":[8.125,2.375,7.875,2.5],"rotation":0,"texture":"#0","tintindex":0}}},{"from":[14.857143,8.0,8.0],"to":[16.0,12.0,8.571428],"rotation":{"angle":0.0,"axis":"y","origin":[8.0,4.0,4.0]},"faces":{"east":{"uv":[8.625,5.25,8.75,6.125],"rotation":0,"texture":"#0","tintindex":0},"south":{"uv":[0.5,8.25,0.75,9.125],"rotation":0,"texture":"#0","tintindex":0},"north":{"uv":[0.25,8.25,0.5,9.125],"rotation":0,"texture":"#0","tintindex":0},"west":{"uv":[6.5,8.625,6.625,9.5],"rotation":0,"texture":"#0","tintindex":0},"up":{"uv":[8.375,2.5,8.125,2.375],"rotation":0,"texture":"#0","tintindex":0},"down":{"uv":[8.5,1.375,8.25,1.5],"rotation":0,"texture":"#0","tintindex":0}}},{"from":[14.857143,11.428572,0.0],"to":[16.0,12.0,8.0],"rotation":{"angle":0.0,"axis":"y","origin":[8.0,4.0,4.0]},"faces":{"east":{"uv":[7.125,3.375,8.875,3.5],"rotation":0,"texture":"#0","tintindex":0},"south":{"uv":[8.75,0.0,9.0,0.125],"rotation":0,"texture":"#0","tintindex":0},"north":{"uv":[8.5,1.375,8.75,1.5],"rotation":0,"texture":"#0","tintindex":0},"west":{"uv":[7.625,2.25,9.375,2.375],"rotation":0,"texture":"#0","tintindex":0},"up":{"uv":[3.0,9.5,2.75,7.75],"rotation":0,"texture":"#0","tintindex":0},"down":{"uv":[3.25,7.75,3.0,9.5],"rotation":0,"texture":"#0","tintindex":0}}},{"from":[1.1428566,8.0,-0.57142925],"to":[2.2857141,12.0,0.0],"rotation":{"angle":0.0,"axis":"y","origin":[8.0,4.0,4.0]},"faces":{"east":{"uv":[8.75,4.375,8.625,5.25],"rotation":0,"texture":"#0","tintindex":0},"south":{"uv":[8.5,0.0,8.25,0.875],"rotation":0,"texture":"#0","tintindex":0},"north":{"uv":[0.25,8.25,0.0,9.125],"rotation":0,"texture":"#0","tintindex":0},"west":{"uv":[8.75,3.5,8.625,4.375],"rotation":0,"texture":"#0","tintindex":0},"up":{"uv":[1.0,8.0,1.25,7.875],"rotation":0,"texture":"#0","tintindex":0},"down":{"uv":[7.875,2.375,8.125,2.5],"rotation":0,"texture":"#0","tintindex":0}}},{"from":[1.1428566,11.428572,0.0],"to":[2.2857141,12.0,8.0],"rotation":{"angle":0.0,"axis":"y","origin":[8.0,4.0,4.0]},"faces":{"east":{"uv":[9.375,2.25,7.625,2.375],"rotation":0,"texture":"#0","tintindex":0},"south":{"uv":[9.0,0.0,8.75,0.125],"rotation":0,"texture":"#0","tintindex":0},"north":{"uv":[8.75,1.375,8.5,1.5],"rotation":0,"texture":"#0","tintindex":0},"west":{"uv":[8.875,3.375,7.125,3.5],"rotation":0,"texture":"#0","tintindex":0},"up":{"uv":[2.75,9.5,3.0,7.75],"rotation":0,"texture":"#0","tintindex":0},"down":{"uv":[3.0,7.75,3.25,9.5],"rotation":0,"texture":"#0","tintindex":0}}},{"from":[1.1428566,8.0,8.0],"to":[2.2857141,12.0,8.571428],"rotation":{"angle":0.0,"axis":"y","origin":[8.0,4.0,4.0]},"faces":{"east":{"uv":[6.625,8.625,6.5,9.5],"rotation":0,"texture":"#0","tintindex":0},"south":{"uv":[0.75,8.25,0.5,9.125],"rotation":0,"texture":"#0","tintindex":0},"north":{"uv":[0.5,8.25,0.25,9.125],"rotation":0,"texture":"#0","tintindex":0},"west":{"uv":[8.75,5.25,8.625,6.125],"rotation":0,"texture":"#0","tintindex":0},"up":{"uv":[8.125,2.5,8.375,2.375],"rotation":0,"texture":"#0","tintindex":0},"down":{"uv":[8.25,1.375,8.5,1.5],"rotation":0,"texture":"#0","tintindex":0}}},{"from":[14.857143,9.714286,1.7142854],"to":[16.0,11.428572,6.285714],"rotation":{"angle":0.0,"axis":"y","origin":[8.0,4.0,4.0]},"faces":{"east":{"uv":[7.875,7.75,8.875,8.125],"rotation":0,"texture":"#0","tintindex":0},"south":{"uv":[8.375,8.625,8.625,9.0],"rotation":0,"texture":"#0","tintindex":0},"north":{"uv":[8.625,8.125,8.875,8.5],"rotation":0,"texture":"#0","tintindex":0},"west":{"uv":[1.0,8.0,2.0,8.375],"rotation":0,"texture":"#0","tintindex":0},"up":{"uv":[8.125,9.125,7.875,8.125],"rotation":0,"texture":"#0","tintindex":0},"down":{"uv":[8.375,8.125,8.125,9.125],"rotation":0,"texture":"#0","tintindex":0}}},{"from":[4.0,1.7142854,4.0],"to":[4.0,8.571428,8.0],"rotation":{"angle":22.5,"axis":"y","origin":[4.0,5.142857,6.0]},"faces":{"east":{"uv":[11.625,0.0,12.5,1.5],"rotation":0,"texture":"#0","tintindex":0},"south":{"uv":[11.625,0.0,11.625,1.5],"rotation":0,"texture":"#0","tintindex":0},"north":{"uv":[11.625,0.0,11.625,1.5],"rotation":0,"texture":"#0","tintindex":0},"west":{"uv":[11.625,0.0,12.5,1.5],"rotation":0,"texture":"#0","tintindex":0},"up":{"uv":[11.625,0.0,11.625,0.875],"rotation":0,"texture":"#0","tintindex":0},"down":{"uv":[11.625,0.0,11.625,0.875],"rotation":0,"texture":"#0","tintindex":0}}},{"from":[13.142858,1.7142854,4.0],"to":[13.142858,8.571428,8.0],"rotation":{"angle":-22.5,"axis":"y","origin":[13.142858,5.142857,6.0]},"faces":{"east":{"uv":[12.5,0.0,11.625,1.5],"rotation":0,"texture":"#0","tintindex":0},"south":{"uv":[11.625,0.0,11.625,1.5],"rotation":0,"texture":"#0","tintindex":0},"north":{"uv":[11.625,0.0,11.625,1.5],"rotation":0,"texture":"#0","tintindex":0},"west":{"uv":[12.5,0.0,11.625,1.5],"rotation":0,"texture":"#0","tintindex":0},"up":{"uv":[11.625,0.0,11.625,0.875],"rotation":0,"texture":"#0","tintindex":0},"down":{"uv":[11.625,0.0,11.625,0.875],"rotation":0,"texture":"#0","tintindex":0}}}],"display":{"head":{"translation":[0.0,-6.4,0.0],"scale":[4.0,4.0,4.0]}}}