{"textures":{"0":"modelengine:entity/skog"},"elements":[{"from":[7.714286,7.714286,7.714286],"to":[8.285714,8.285714,8.285714],"rotation":{"angle":0.0,"axis":"y","origin":[7.714286,7.714286,7.714286]},"faces":{"east":{"uv":[13.4375,0.625,13.5,0.6875],"rotation":0,"texture":"#0","tintindex":0},"south":{"uv":[13.4375,0.625,13.5,0.6875],"rotation":0,"texture":"#0","tintindex":0},"north":{"uv":[13.4375,0.625,13.5,0.6875],"rotation":0,"texture":"#0","tintindex":0},"west":{"uv":[13.4375,0.625,13.5,0.6875],"rotation":0,"texture":"#0","tintindex":0},"up":{"uv":[13.4375,0.625,13.5,0.6875],"rotation":0,"texture":"#0","tintindex":0},"down":{"uv":[13.4375,0.625,13.5,0.6875],"rotation":0,"texture":"#0","tintindex":0}}}],"display":{"head":{"translation":[0.0,-6.4,0.0],"scale":[4.0,4.0,4.0]}}}