{"textures":{"1":"modelengine:entity/goblintek_coil","2":"modelengine:entity/tesla_zap2"},"elements":[{"from":[5.714286,7.428571,5.714286],"to":[10.285714,8.571428,10.285714],"rotation":{"angle":0.0,"axis":"y","origin":[8.0,-2.8571434,8.0]},"faces":{"east":{"uv":[9.75,11.25,11.75,11.75],"rotation":0,"texture":"#1","tintindex":0},"south":{"uv":[11.25,9.75,13.25,10.25],"rotation":0,"texture":"#1","tintindex":0},"north":{"uv":[11.25,9.25,13.25,9.75],"rotation":0,"texture":"#1","tintindex":0},"west":{"uv":[11.25,10.25,13.25,10.75],"rotation":0,"texture":"#1","tintindex":0},"up":{"uv":[6.25,7.0,4.25,5.0],"rotation":0,"texture":"#1","tintindex":0},"down":{"uv":[8.25,4.25,6.25,6.25],"rotation":0,"texture":"#1","tintindex":0}}},{"from":[6.0,8.0,8.0],"to":[15.142858,17.142857,8.0],"rotation":{"angle":22.5,"axis":"z","origin":[10.571428,12.571428,8.0]},"faces":{"east":{"uv":[0.0,0.0,0.0,8.0],"rotation":0,"texture":"#2","tintindex":0},"south":{"uv":[16.0,0.0,0.0,16.0],"rotation":90,"texture":"#2","tintindex":0},"north":{"uv":[0.0,0.0,16.0,16.0],"rotation":270,"texture":"#2","tintindex":0},"west":{"uv":[0.0,0.0,0.0,8.0],"rotation":180,"texture":"#2","tintindex":0},"up":{"uv":[0.0,0.0,0.0,8.0],"rotation":90,"texture":"#2","tintindex":0},"down":{"uv":[0.0,0.0,0.0,8.0],"rotation":90,"texture":"#2","tintindex":0}}}],"display":{"head":{"translation":[0.0,-6.4,0.0],"scale":[4.0,4.0,4.0]}}}