{"textures":{"0":"modelengine:entity/tesla_zap"},"elements":[{"from":[8.0,1.1428566,-16.0],"to":[8.0,14.857143,11.428572],"rotation":{"angle":0.0,"axis":"y","origin":[8.0,8.0,-2.2857141]},"faces":{"east":{"uv":[16.0,4.125,0.0,12.125],"rotation":0,"texture":"#0","tintindex":0},"south":{"uv":[0.0,0.0,0.0,8.0],"rotation":0,"texture":"#0","tintindex":0},"north":{"uv":[0.0,0.0,0.0,8.0],"rotation":0,"texture":"#0","tintindex":0},"west":{"uv":[16.0,4.125,0.0,12.125],"rotation":0,"texture":"#0","tintindex":0},"up":{"uv":[0.0,16.0,0.0,0.0],"rotation":0,"texture":"#0","tintindex":0},"down":{"uv":[0.0,16.0,0.0,0.0],"rotation":0,"texture":"#0","tintindex":0}}},{"from":[1.1428566,8.0,-16.0],"to":[14.857143,8.0,11.428572],"rotation":{"angle":0.0,"axis":"y","origin":[8.0,8.0,-2.2857141]},"faces":{"east":{"uv":[0.0,16.0,0.0,0.0],"rotation":90,"texture":"#0","tintindex":0},"south":{"uv":[0.0,0.0,0.0,8.0],"rotation":90,"texture":"#0","tintindex":0},"north":{"uv":[0.0,0.0,0.0,8.0],"rotation":270,"texture":"#0","tintindex":0},"west":{"uv":[0.0,16.0,0.0,0.0],"rotation":90,"texture":"#0","tintindex":0},"up":{"uv":[16.0,4.125,0.0,12.125],"rotation":90,"texture":"#0","tintindex":0},"down":{"uv":[16.0,4.125,0.0,12.125],"rotation":90,"texture":"#0","tintindex":0}}}],"display":{"head":{"translation":[0.0,-6.4,-17.14286],"scale":[4.0,4.0,4.0]}}}