{"textures":{"0":"modelengine:entity/skog_leaf"},"elements":[{"from":[6.0,8.0,6.285714],"to":[10.0,8.0,9.714286],"rotation":{"angle":0.0,"axis":"y","origin":[7.142857,8.0,7.428571]},"faces":{"east":{"uv":[0.0,0.0,6.0,0.0],"rotation":0,"texture":"#0","tintindex":0},"south":{"uv":[0.0,0.0,7.0,0.0],"rotation":0,"texture":"#0","tintindex":0},"north":{"uv":[0.0,0.0,7.0,0.0],"rotation":0,"texture":"#0","tintindex":0},"west":{"uv":[0.0,0.0,6.0,0.0],"rotation":0,"texture":"#0","tintindex":0},"up":{"uv":[7.0,6.0,0.0,0.0],"rotation":0,"texture":"#0","tintindex":0},"down":{"uv":[0.0,0.0,7.0,6.0],"rotation":0,"texture":"#0","tintindex":0}}}],"display":{"head":{"translation":[0.0,-6.4,0.0],"scale":[4.0,4.0,4.0]}}}