{"textures":{"0":"modelengine:entity/wizpiglin_2_rock"},"elements":[{"from":[5.1288786,7.2521873,6.857143],"to":[7.9860215,9.537902,9.142858],"rotation":{"angle":22.5,"axis":"z","origin":[8.271736,11.823616,7.428571]},"faces":{"east":{"uv":[6.5,0.5,7.5,1.5],"rotation":0,"texture":"#0","tintindex":0},"south":{"uv":[4.75,5.75,6.0,6.75],"rotation":0,"texture":"#0","tintindex":0},"north":{"uv":[6.25,3.75,7.5,4.75],"rotation":0,"texture":"#0","tintindex":0},"west":{"uv":[8.25,0.0,9.25,1.0],"rotation":0,"texture":"#0","tintindex":0},"up":{"uv":[5.0,5.0,3.75,4.0],"rotation":0,"texture":"#0","tintindex":0},"down":{"uv":[2.25,1.75,1.0,2.75],"rotation":0,"texture":"#0","tintindex":0}}}],"display":{"head":{"translation":[0.0,-6.4,0.0],"scale":[4.0,4.0,4.0]}}}