{"textures":{"3":"modelengine:entity/voras_pet_white"},"elements":[{"from":[6.487745,5.428571,6.487745],"to":[9.916316,9.428572,9.344888],"rotation":{"angle":0.0,"axis":"y","origin":[10.487745,6.5714283,17.344889]},"faces":{"east":{"uv":[6.625,8.75,6.0,9.625],"rotation":0,"texture":"#3","tintindex":0},"south":{"uv":[1.875,8.375,1.125,9.25],"rotation":0,"texture":"#3","tintindex":0},"north":{"uv":[5.75,8.125,5.0,9.0],"rotation":0,"texture":"#3","tintindex":0},"west":{"uv":[9.125,7.875,8.5,8.75],"rotation":0,"texture":"#3","tintindex":0},"up":{"uv":[0.0,9.5,0.75,8.875],"rotation":0,"texture":"#3","tintindex":0},"down":{"uv":[8.875,8.75,9.625,9.375],"rotation":0,"texture":"#3","tintindex":0}}},{"from":[8.20203,3.7142854,7.0591736],"to":[8.20203,7.142857,11.059174],"rotation":{"angle":0.0,"axis":"y","origin":[10.487745,6.5714283,17.344889]},"faces":{"east":{"uv":[1.875,8.375,2.75,9.125],"rotation":0,"texture":"#3","tintindex":0},"south":{"uv":[0.0,0.0,0.0,0.75],"rotation":0,"texture":"#3","tintindex":0},"north":{"uv":[0.0,0.0,0.0,0.75],"rotation":0,"texture":"#3","tintindex":0},"west":{"uv":[2.75,8.375,1.875,9.125],"rotation":0,"texture":"#3","tintindex":0},"up":{"uv":[0.0,0.875,0.0,0.0],"rotation":0,"texture":"#3","tintindex":0},"down":{"uv":[0.0,0.0,0.0,0.875],"rotation":0,"texture":"#3","tintindex":0}}},{"from":[6.0,5.428571,6.285714],"to":[6.5714283,9.428572,6.285714],"rotation":{"angle":-45.0,"axis":"y","origin":[6.285714,7.428571,6.285714]},"faces":{"east":{"uv":[0.0,0.0,0.0,0.875],"rotation":0,"texture":"#3","tintindex":0},"south":{"uv":[5.75,9.0,5.625,9.875],"rotation":0,"texture":"#3","tintindex":0},"north":{"uv":[5.625,9.0,5.5,9.875],"rotation":0,"texture":"#3","tintindex":0},"west":{"uv":[0.0,0.0,0.0,0.875],"rotation":0,"texture":"#3","tintindex":0},"up":{"uv":[0.0,0.0,0.125,0.0],"rotation":0,"texture":"#3","tintindex":0},"down":{"uv":[0.0,0.0,0.125,0.0],"rotation":0,"texture":"#3","tintindex":0}}}],"display":{"head":{"translation":[0.0,-6.4,0.0],"scale":[4.0,4.0,4.0]}}}