{"textures":{"3":"modelengine:entity/voras_pet_white"},"elements":[{"from":[8.571428,2.5714283,8.0],"to":[13.714286,6.5714283,8.0],"rotation":{"angle":0.0,"axis":"y","origin":[5.142857,6.857143,15.428572]},"faces":{"east":{"uv":[0.0,0.0,0.0,0.875],"rotation":0,"texture":"#3","tintindex":0},"south":{"uv":[1.125,8.0,0.0,8.875],"rotation":0,"texture":"#3","tintindex":0},"north":{"uv":[0.0,8.0,1.125,8.875],"rotation":0,"texture":"#3","tintindex":0},"west":{"uv":[0.0,0.0,0.0,0.875],"rotation":0,"texture":"#3","tintindex":0},"up":{"uv":[1.125,0.0,0.0,0.0],"rotation":0,"texture":"#3","tintindex":0},"down":{"uv":[1.125,0.0,0.0,0.0],"rotation":0,"texture":"#3","tintindex":0}}},{"from":[8.0,6.857143,6.857143],"to":[10.285714,9.142858,9.142858],"rotation":{"angle":0.0,"axis":"y","origin":[5.142857,6.857143,15.428572]},"faces":{"east":{"uv":[6.0,9.625,6.5,10.125],"rotation":0,"texture":"#3","tintindex":0},"south":{"uv":[9.625,7.0,10.125,7.5],"rotation":0,"texture":"#3","tintindex":0},"north":{"uv":[6.0,7.25,6.5,7.75],"rotation":0,"texture":"#3","tintindex":0},"west":{"uv":[9.625,8.5,10.125,9.0],"rotation":0,"texture":"#3","tintindex":0},"up":{"uv":[10.25,0.5,9.75,0.0],"rotation":0,"texture":"#3","tintindex":0},"down":{"uv":[1.5,9.75,1.0,10.25],"rotation":0,"texture":"#3","tintindex":0}}},{"from":[10.285714,7.142857,7.142857],"to":[13.714286,8.857143,8.857143],"rotation":{"angle":0.0,"axis":"y","origin":[5.142857,6.857143,15.428572]},"faces":{"east":{"uv":[1.125,8.0,1.5,8.375],"rotation":0,"texture":"#3","tintindex":0},"south":{"uv":[9.375,9.375,10.125,9.75],"rotation":0,"texture":"#3","tintindex":0},"north":{"uv":[9.25,2.625,10.0,3.0],"rotation":0,"texture":"#3","tintindex":0},"west":{"uv":[9.625,9.0,10.0,9.375],"rotation":0,"texture":"#3","tintindex":0},"up":{"uv":[0.75,9.875,0.0,9.5],"rotation":0,"texture":"#3","tintindex":0},"down":{"uv":[10.25,1.625,9.5,2.0],"rotation":0,"texture":"#3","tintindex":0}}},{"from":[10.285714,8.857143,7.714286],"to":[13.714286,9.428572,7.714286],"rotation":{"angle":0.0,"axis":"y","origin":[5.142857,6.857143,15.428572]},"faces":{"east":{"uv":[0.0,0.0,0.0,0.125],"rotation":0,"texture":"#3","tintindex":0},"south":{"uv":[7.5,3.875,8.25,4.0],"rotation":0,"texture":"#3","tintindex":0},"north":{"uv":[6.75,3.875,7.5,4.0],"rotation":0,"texture":"#3","tintindex":0},"west":{"uv":[0.0,0.0,0.0,0.125],"rotation":0,"texture":"#3","tintindex":0},"up":{"uv":[0.75,0.0,0.0,0.0],"rotation":0,"texture":"#3","tintindex":0},"down":{"uv":[0.75,0.0,0.0,0.0],"rotation":0,"texture":"#3","tintindex":0}}},{"from":[12.0,4.285714,7.142857],"to":[13.714286,7.142857,8.857143],"rotation":{"angle":0.0,"axis":"y","origin":[5.142857,6.857143,15.428572]},"faces":{"east":{"uv":[4.5,9.75,4.875,10.375],"rotation":0,"texture":"#3","tintindex":0},"south":{"uv":[4.875,9.75,5.25,10.375],"rotation":0,"texture":"#3","tintindex":0},"north":{"uv":[1.5,9.75,1.875,10.375],"rotation":0,"texture":"#3","tintindex":0},"west":{"uv":[9.75,4.875,10.125,5.5],"rotation":0,"texture":"#3","tintindex":0},"up":{"uv":[10.125,0.875,9.75,0.5],"rotation":0,"texture":"#3","tintindex":0},"down":{"uv":[10.125,7.875,9.75,8.25],"rotation":0,"texture":"#3","tintindex":0}}}],"display":{"head":{"translation":[0.0,-6.4,0.0],"scale":[4.0,4.0,4.0]}}}