{"textures":{"0":"modelengine:entity/skog_roots"},"elements":[{"from":[6.285714,6.0213027,-6.321536],"to":[9.714286,11.735589,-2.8929644],"rotation":{"angle":-22.5,"axis":"x","origin":[8.0,9.449874,-2.8929644]},"faces":{"east":{"uv":[2.5,12.25,3.25,11.0],"rotation":0,"texture":"#0","tintindex":0},"south":{"uv":[3.25,12.25,4.0,11.0],"rotation":0,"texture":"#0","tintindex":0},"north":{"uv":[11.0,3.25,11.75,2.0],"rotation":0,"texture":"#0","tintindex":0},"west":{"uv":[11.0,4.5,11.75,3.25],"rotation":0,"texture":"#0","tintindex":0},"up":{"uv":[4.75,12.5,4.0,11.75],"rotation":0,"texture":"#0","tintindex":0},"down":{"uv":[12.5,3.5,11.75,4.25],"rotation":0,"texture":"#0","tintindex":0}}},{"from":[6.2914286,-1.257144,4.5714283],"to":[9.72,2.1714282,10.285714],"rotation":{"angle":0.0,"axis":"y","origin":[8.057143,2.1714282,8.0]},"faces":{"east":{"uv":[10.0,7.5,11.25,6.75],"rotation":0,"texture":"#0","tintindex":0},"south":{"uv":[11.5,11.0,12.25,10.25],"rotation":0,"texture":"#0","tintindex":0},"north":{"uv":[11.25,8.25,12.0,7.5],"rotation":0,"texture":"#0","tintindex":0},"west":{"uv":[10.0,8.25,11.25,7.5],"rotation":0,"texture":"#0","tintindex":0},"up":{"uv":[11.0,1.25,10.25,0.0],"rotation":0,"texture":"#0","tintindex":0},"down":{"uv":[8.5,10.0,7.75,11.25],"rotation":0,"texture":"#0","tintindex":0}}},{"from":[9.583755,2.1714282,4.5284705],"to":[9.583755,7.885714,15.957043],"rotation":{"angle":0.0,"axis":"y","origin":[8.057143,2.1714282,8.0]},"faces":{"east":{"uv":[0.0,6.0,2.5,4.75],"rotation":0,"texture":"#0","tintindex":0},"south":{"uv":[0.0,1.25,0.0,0.0],"rotation":0,"texture":"#0","tintindex":0},"north":{"uv":[0.0,1.25,0.0,0.0],"rotation":0,"texture":"#0","tintindex":0},"west":{"uv":[2.5,6.0,0.0,4.75],"rotation":0,"texture":"#0","tintindex":0},"up":{"uv":[0.0,2.5,0.0,0.0],"rotation":0,"texture":"#0","tintindex":0},"down":{"uv":[0.0,0.0,0.0,2.5],"rotation":0,"texture":"#0","tintindex":0}}},{"from":[6.285714,-0.2942543,9.412199],"to":[9.714286,3.1343174,15.126485],"rotation":{"angle":-22.5,"axis":"x","origin":[8.0,1.4200315,12.269341]},"faces":{"east":{"uv":[2.75,11.0,4.0,10.25],"rotation":0,"texture":"#0","tintindex":0},"south":{"uv":[11.625,5.25,12.375,4.5],"rotation":0,"texture":"#0","tintindex":0},"north":{"uv":[11.5,11.75,12.25,11.0],"rotation":0,"texture":"#0","tintindex":0},"west":{"uv":[4.0,11.0,5.25,10.25],"rotation":0,"texture":"#0","tintindex":0},"up":{"uv":[11.0,10.75,10.25,9.5],"rotation":0,"texture":"#0","tintindex":0},"down":{"uv":[11.0,8.25,10.25,9.5],"rotation":0,"texture":"#0","tintindex":0}}},{"from":[6.2914286,2.4478216,13.516005],"to":[9.72,5.8763933,19.230291],"rotation":{"angle":-45.0,"axis":"x","origin":[8.057143,4.1621075,16.373148]},"faces":{"east":{"uv":[1.25,11.25,2.5,10.5],"rotation":0,"texture":"#0","tintindex":0},"south":{"uv":[11.75,0.75,12.5,0.0],"rotation":0,"texture":"#0","tintindex":0},"north":{"uv":[11.625,6.0,12.375,5.25],"rotation":0,"texture":"#0","tintindex":0},"west":{"uv":[10.625,2.0,11.875,1.25],"rotation":0,"texture":"#0","tintindex":0},"up":{"uv":[10.0,12.0,9.25,10.75],"rotation":0,"texture":"#0","tintindex":0},"down":{"uv":[9.25,10.75,8.5,12.0],"rotation":0,"texture":"#0","tintindex":0}}},{"from":[6.285714,6.0213027,17.750107],"to":[9.714286,11.735589,21.178679],"rotation":{"angle":22.5,"axis":"x","origin":[8.0,9.449874,17.750107]},"faces":{"east":{"uv":[10.75,12.0,11.5,10.75],"rotation":0,"texture":"#0","tintindex":0},"south":{"uv":[10.875,6.25,11.625,5.0],"rotation":0,"texture":"#0","tintindex":0},"north":{"uv":[10.0,12.0,10.75,10.75],"rotation":0,"texture":"#0","tintindex":0},"west":{"uv":[11.0,1.25,11.75,0.0],"rotation":0,"texture":"#0","tintindex":0},"up":{"uv":[12.5,3.5,11.75,2.75],"rotation":0,"texture":"#0","tintindex":0},"down":{"uv":[12.5,2.0,11.75,2.75],"rotation":0,"texture":"#0","tintindex":0}}},{"from":[5.159444,0.53525496,-3.2576685],"to":[5.159444,11.392399,18.45662],"rotation":{"angle":-22.5,"axis":"y","origin":[8.005714,6.82097,7.3504586]},"faces":{"east":{"uv":[4.75,4.75,0.0,2.375],"rotation":0,"texture":"#0","tintindex":0},"south":{"uv":[0.0,2.375,0.0,0.0],"rotation":0,"texture":"#0","tintindex":0},"north":{"uv":[0.0,2.375,0.0,0.0],"rotation":0,"texture":"#0","tintindex":0},"west":{"uv":[0.0,4.75,4.75,2.375],"rotation":0,"texture":"#0","tintindex":0},"up":{"uv":[0.0,4.75,0.0,0.0],"rotation":0,"texture":"#0","tintindex":0},"down":{"uv":[0.0,0.0,0.0,4.75],"rotation":0,"texture":"#0","tintindex":0}}},{"from":[6.2914286,2.4478216,-4.373149],"to":[9.72,5.8763933,1.3411379],"rotation":{"angle":45.0,"axis":"x","origin":[8.057143,4.1621075,-1.5160055]},"faces":{"east":{"uv":[4.0,11.75,5.25,11.0],"rotation":0,"texture":"#0","tintindex":0},"south":{"uv":[11.5,12.5,12.25,11.75],"rotation":0,"texture":"#0","tintindex":0},"north":{"uv":[11.75,9.75,12.5,9.0],"rotation":0,"texture":"#0","tintindex":0},"west":{"uv":[11.0,9.0,12.25,8.25],"rotation":0,"texture":"#0","tintindex":0},"up":{"uv":[0.75,12.5,0.0,11.25],"rotation":0,"texture":"#0","tintindex":0},"down":{"uv":[11.75,9.0,11.0,10.25],"rotation":0,"texture":"#0","tintindex":0}}},{"from":[6.285714,-0.2942543,-0.26934242],"to":[9.714286,3.1343174,5.4449444],"rotation":{"angle":22.5,"axis":"x","origin":[8.0,1.4200315,2.587801]},"faces":{"east":{"uv":[0.75,12.0,2.0,11.25],"rotation":0,"texture":"#0","tintindex":0},"south":{"uv":[0.75,12.75,1.5,12.0],"rotation":0,"texture":"#0","tintindex":0},"north":{"uv":[11.875,1.5,12.625,0.75],"rotation":0,"texture":"#0","tintindex":0},"west":{"uv":[5.25,12.0,6.5,11.25],"rotation":0,"texture":"#0","tintindex":0},"up":{"uv":[7.25,12.5,6.5,11.25],"rotation":0,"texture":"#0","tintindex":0},"down":{"uv":[12.0,6.25,11.25,7.5],"rotation":0,"texture":"#0","tintindex":0}}},{"from":[6.285714,-2.4689226,7.3588414],"to":[9.714286,-2.4689226,10.787413],"rotation":{"angle":-45.0,"axis":"x","origin":[8.0,-2.4689226,9.073128]},"faces":{"east":{"uv":[0.0,0.0,0.75,0.0],"rotation":0,"texture":"#0","tintindex":0},"south":{"uv":[0.0,0.0,0.75,0.0],"rotation":0,"texture":"#0","tintindex":0},"north":{"uv":[0.0,0.0,0.75,0.0],"rotation":0,"texture":"#0","tintindex":0},"west":{"uv":[0.0,0.0,0.75,0.0],"rotation":0,"texture":"#0","tintindex":0},"up":{"uv":[5.5,12.75,4.75,12.0],"rotation":0,"texture":"#0","tintindex":0},"down":{"uv":[2.25,12.0,1.5,12.75],"rotation":0,"texture":"#0","tintindex":0}}},{"from":[9.6261015,6.6928725,18.363827],"to":[9.6261015,9.550015,21.7924],"rotation":{"angle":22.5,"axis":"z","origin":[7.911816,10.121444,18.363827]},"faces":{"east":{"uv":[5.5,12.625,6.25,12.0],"rotation":0,"texture":"#0","tintindex":0},"south":{"uv":[0.0,0.625,0.0,0.0],"rotation":0,"texture":"#0","tintindex":0},"north":{"uv":[0.0,0.625,0.0,0.0],"rotation":0,"texture":"#0","tintindex":0},"west":{"uv":[12.0,6.625,12.75,6.0],"rotation":0,"texture":"#0","tintindex":0},"up":{"uv":[0.0,0.75,0.0,0.0],"rotation":0,"texture":"#0","tintindex":0},"down":{"uv":[0.0,0.0,0.0,0.75],"rotation":0,"texture":"#0","tintindex":0}}},{"from":[10.28213,-1.257144,0.0023941994],"to":[10.28213,2.1714282,4.0023947],"rotation":{"angle":-22.5,"axis":"y","origin":[8.567844,0.45714283,2.8595371]},"faces":{"east":{"uv":[2.75,8.5,3.625,7.75],"rotation":0,"texture":"#0","tintindex":0},"south":{"uv":[0.0,0.75,0.0,0.0],"rotation":0,"texture":"#0","tintindex":0},"north":{"uv":[0.0,0.75,0.0,0.0],"rotation":0,"texture":"#0","tintindex":0},"west":{"uv":[7.25,12.0,8.125,11.25],"rotation":0,"texture":"#0","tintindex":0},"up":{"uv":[0.0,0.875,0.0,0.0],"rotation":0,"texture":"#0","tintindex":0},"down":{"uv":[0.0,0.0,0.0,0.875],"rotation":0,"texture":"#0","tintindex":0}}},{"from":[9.873246,6.365933,-4.748494],"to":[9.873246,9.223076,-1.3199224],"rotation":{"angle":22.5,"axis":"z","origin":[11.587532,-3.3483534,19.822935]},"faces":{"east":{"uv":[12.0,7.25,12.75,6.625],"rotation":0,"texture":"#0","tintindex":0},"south":{"uv":[0.0,0.625,0.0,0.0],"rotation":0,"texture":"#0","tintindex":0},"north":{"uv":[0.0,0.625,0.0,0.0],"rotation":0,"texture":"#0","tintindex":0},"west":{"uv":[7.25,12.625,8.0,12.0],"rotation":0,"texture":"#0","tintindex":0},"up":{"uv":[0.0,0.75,0.0,0.0],"rotation":0,"texture":"#0","tintindex":0},"down":{"uv":[0.0,0.0,0.0,0.75],"rotation":0,"texture":"#0","tintindex":0}}}],"display":{"head":{"translation":[0.0,-6.4,0.0],"scale":[4.0,4.0,4.0]}}}