{"textures":{"0":"modelengine:entity/skog_roots"},"elements":[{"from":[5.5385714,2.118884,4.2472334],"to":[11.252857,7.83317,11.104377],"rotation":{"angle":0.0,"axis":"y","origin":[8.395715,4.976027,7.675805]},"faces":{"east":{"uv":[0.0,10.0,1.5,8.75],"rotation":0,"texture":"#0","tintindex":0},"south":{"uv":[6.5,11.25,7.75,10.0],"rotation":0,"texture":"#0","tintindex":0},"north":{"uv":[5.25,11.25,6.5,10.0],"rotation":0,"texture":"#0","tintindex":0},"west":{"uv":[8.75,1.25,10.25,0.0],"rotation":0,"texture":"#0","tintindex":0},"up":{"uv":[5.25,10.25,4.0,8.75],"rotation":0,"texture":"#0","tintindex":0},"down":{"uv":[4.0,8.75,2.75,10.25],"rotation":0,"texture":"#0","tintindex":0}}},{"from":[0.9671426,-2.4525442,11.104377],"to":[9.538571,4.404598,11.104377],"rotation":{"angle":-22.5,"axis":"x","origin":[6.967143,-1.3096876,11.104377]},"faces":{"east":{"uv":[0.0,1.5,0.0,0.0],"rotation":0,"texture":"#0","tintindex":0},"south":{"uv":[2.5,6.25,4.375,4.75],"rotation":0,"texture":"#0","tintindex":0},"north":{"uv":[4.375,6.25,2.5,4.75],"rotation":0,"texture":"#0","tintindex":0},"west":{"uv":[0.0,1.5,0.0,0.0],"rotation":0,"texture":"#0","tintindex":0},"up":{"uv":[1.875,0.0,0.0,0.0],"rotation":0,"texture":"#0","tintindex":0},"down":{"uv":[1.875,0.0,0.0,0.0],"rotation":0,"texture":"#0","tintindex":0}}},{"from":[5.532857,3.2096572,9.759178],"to":[11.247143,8.9239435,16.616322],"rotation":{"angle":-22.5,"axis":"x","origin":[8.395715,6.0705976,13.178583]},"faces":{"east":{"uv":[7.25,1.25,8.75,0.0],"rotation":0,"texture":"#0","tintindex":0},"south":{"uv":[9.75,3.75,11.0,2.5],"rotation":0,"texture":"#0","tintindex":0},"north":{"uv":[9.625,6.75,10.875,5.5],"rotation":0,"texture":"#0","tintindex":0},"west":{"uv":[0.0,8.75,1.5,7.5],"rotation":0,"texture":"#0","tintindex":0},"up":{"uv":[2.75,9.25,1.5,7.75],"rotation":0,"texture":"#0","tintindex":0},"down":{"uv":[8.75,7.25,7.5,8.75],"rotation":0,"texture":"#0","tintindex":0}}},{"from":[5.5385714,5.759099,14.986469],"to":[11.252857,12.616242,20.700756],"rotation":{"angle":45.0,"axis":"x","origin":[8.395715,9.187671,17.843613]},"faces":{"east":{"uv":[1.25,7.5,2.5,6.0],"rotation":0,"texture":"#0","tintindex":0},"south":{"uv":[6.0,4.25,7.25,2.75],"rotation":0,"texture":"#0","tintindex":0},"north":{"uv":[0.0,7.5,1.25,6.0],"rotation":0,"texture":"#0","tintindex":0},"west":{"uv":[6.0,5.75,7.25,4.25],"rotation":0,"texture":"#0","tintindex":0},"up":{"uv":[9.0,10.0,7.75,8.75],"rotation":0,"texture":"#0","tintindex":0},"down":{"uv":[10.0,7.0,8.75,8.25],"rotation":0,"texture":"#0","tintindex":0}}},{"from":[5.532857,10.427925,18.112709],"to":[11.247143,17.285069,23.826996],"rotation":{"angle":22.5,"axis":"x","origin":[8.395715,13.8527,20.960686]},"faces":{"east":{"uv":[4.75,5.75,6.0,4.25],"rotation":0,"texture":"#0","tintindex":0},"south":{"uv":[4.375,7.25,5.625,5.75],"rotation":0,"texture":"#0","tintindex":0},"north":{"uv":[4.75,4.25,6.0,2.75],"rotation":0,"texture":"#0","tintindex":0},"west":{"uv":[5.625,7.25,6.875,5.75],"rotation":0,"texture":"#0","tintindex":0},"up":{"uv":[7.75,10.0,6.5,8.75],"rotation":0,"texture":"#0","tintindex":0},"down":{"uv":[6.5,8.75,5.25,10.0],"rotation":0,"texture":"#0","tintindex":0}}},{"from":[5.532857,3.2172518,-1.246376],"to":[11.247143,8.931538,5.610767],"rotation":{"angle":22.5,"axis":"x","origin":[8.395715,6.0705976,2.173028]},"faces":{"east":{"uv":[7.875,2.5,9.375,1.25],"rotation":0,"texture":"#0","tintindex":0},"south":{"uv":[0.0,11.25,1.25,10.0],"rotation":0,"texture":"#0","tintindex":0},"north":{"uv":[9.75,5.0,11.0,3.75],"rotation":0,"texture":"#0","tintindex":0},"west":{"uv":[8.125,7.0,9.625,5.75],"rotation":0,"texture":"#0","tintindex":0},"up":{"uv":[9.75,5.5,8.5,4.0],"rotation":0,"texture":"#0","tintindex":0},"down":{"uv":[9.75,2.5,8.5,4.0],"rotation":0,"texture":"#0","tintindex":0}}},{"from":[5.5385714,5.759099,-5.349145],"to":[11.252857,12.616242,0.3651414],"rotation":{"angle":-45.0,"axis":"x","origin":[8.395715,9.187671,-2.4920015]},"faces":{"east":{"uv":[7.25,5.75,8.5,4.25],"rotation":0,"texture":"#0","tintindex":0},"south":{"uv":[5.0,8.75,6.25,7.25],"rotation":0,"texture":"#0","tintindex":0},"north":{"uv":[3.75,8.75,5.0,7.25],"rotation":0,"texture":"#0","tintindex":0},"west":{"uv":[6.25,8.75,7.5,7.25],"rotation":0,"texture":"#0","tintindex":0},"up":{"uv":[10.25,10.75,9.0,9.5],"rotation":0,"texture":"#0","tintindex":0},"down":{"uv":[10.625,1.25,9.375,2.5],"rotation":0,"texture":"#0","tintindex":0}}},{"from":[5.532857,10.420331,-8.45705],"to":[11.247143,17.277473,-2.7427645],"rotation":{"angle":-22.5,"axis":"x","origin":[8.395715,13.8527,-5.6090746]},"faces":{"east":{"uv":[6.625,2.75,7.875,1.25],"rotation":0,"texture":"#0","tintindex":0},"south":{"uv":[6.875,7.25,8.125,5.75],"rotation":0,"texture":"#0","tintindex":0},"north":{"uv":[2.5,7.75,3.75,6.25],"rotation":0,"texture":"#0","tintindex":0},"west":{"uv":[7.25,4.25,8.5,2.75],"rotation":0,"texture":"#0","tintindex":0},"up":{"uv":[2.75,10.5,1.5,9.25],"rotation":0,"texture":"#0","tintindex":0},"down":{"uv":[10.25,8.25,9.0,9.5],"rotation":0,"texture":"#0","tintindex":0}}}],"display":{"head":{"translation":[0.0,-6.4,0.0],"scale":[4.0,4.0,4.0]}}}