{"textures":{"0":"modelengine:entity/wizpiglin_2"},"elements":[{"from":[5.714286,4.0,6.857143],"to":[8.571428,9.142858,9.714286],"rotation":{"angle":0.0,"axis":"y","origin":[6.0,8.571428,9.142858]},"faces":{"east":{"uv":[6.275,9.775,7.475,11.975],"rotation":0,"texture":"#0","tintindex":0},"south":{"uv":[7.525,9.775,8.725,11.975],"rotation":0,"texture":"#0","tintindex":0},"north":{"uv":[5.025,9.525,6.225,11.725],"rotation":0,"texture":"#0","tintindex":0},"west":{"uv":[8.775,9.775,9.975,11.975],"rotation":0,"texture":"#0","tintindex":0},"up":{"uv":[3.475,13.725,2.275,12.525],"rotation":0,"texture":"#0","tintindex":0},"down":{"uv":[13.725,7.025,12.525,8.225],"rotation":0,"texture":"#0","tintindex":0}}}],"display":{"head":{"translation":[0.0,-6.4,0.0],"scale":[4.0,4.0,4.0]}}}