{"textures":{"0":"modelengine:entity/wizpiglin_2"},"elements":[{"from":[7.428571,4.0,6.857143],"to":[10.285714,9.142858,9.714286],"rotation":{"angle":0.0,"axis":"y","origin":[10.0,8.571428,9.142858]},"faces":{"east":{"uv":[9.975,9.775,8.775,11.975],"rotation":0,"texture":"#0","tintindex":0},"south":{"uv":[8.725,9.775,7.525,11.975],"rotation":0,"texture":"#0","tintindex":0},"north":{"uv":[6.225,9.525,5.025,11.725],"rotation":0,"texture":"#0","tintindex":0},"west":{"uv":[7.475,9.775,6.275,11.975],"rotation":0,"texture":"#0","tintindex":0},"up":{"uv":[2.275,13.725,3.475,12.525],"rotation":0,"texture":"#0","tintindex":0},"down":{"uv":[12.525,7.025,13.725,8.225],"rotation":0,"texture":"#0","tintindex":0}}}],"display":{"head":{"translation":[0.0,-6.4,0.0],"scale":[4.0,4.0,4.0]}}}