{"textures":{"0":"modelengine:entity/wizpiglin_2"},"elements":[{"from":[5.428571,3.9957576,8.015408],"to":[10.571428,7.995758,8.015408],"rotation":{"angle":0.0,"axis":"y","origin":[8.571428,13.42433,9.729693]},"faces":{"east":{"uv":[0.025,0.025,0.025,1.725],"rotation":0,"texture":"#0","tintindex":0},"south":{"uv":[7.275,1.525,9.475,3.225],"rotation":0,"texture":"#0","tintindex":0},"north":{"uv":[9.475,1.525,7.275,3.225],"rotation":0,"texture":"#0","tintindex":0},"west":{"uv":[0.025,0.025,0.025,1.725],"rotation":0,"texture":"#0","tintindex":0},"up":{"uv":[2.225,0.025,0.025,0.025],"rotation":0,"texture":"#0","tintindex":0},"down":{"uv":[2.225,0.025,0.025,0.025],"rotation":0,"texture":"#0","tintindex":0}}}],"display":{"head":{"translation":[0.0,-6.4,0.0],"scale":[4.0,4.0,4.0]}}}