{"textures":{"0":"modelengine:entity/wizpiglin_2"},"elements":[{"from":[5.428571,4.0,8.0],"to":[10.571428,8.0,8.0],"rotation":{"angle":0.0,"axis":"y","origin":[8.0,13.428572,9.714286]},"faces":{"east":{"uv":[0.025,0.025,0.025,1.725],"rotation":0,"texture":"#0","tintindex":0},"south":{"uv":[2.225,6.525,0.025,8.225],"rotation":0,"texture":"#0","tintindex":0},"north":{"uv":[0.025,6.525,2.225,8.225],"rotation":0,"texture":"#0","tintindex":0},"west":{"uv":[0.025,0.025,0.025,1.725],"rotation":0,"texture":"#0","tintindex":0},"up":{"uv":[2.225,0.025,0.025,0.025],"rotation":0,"texture":"#0","tintindex":0},"down":{"uv":[2.225,0.025,0.025,0.025],"rotation":0,"texture":"#0","tintindex":0}}}],"display":{"head":{"translation":[0.0,-6.4,0.0],"scale":[4.0,4.0,4.0]}}}