{"textures":{"0":"modelengine:entity/wizpiglin_2"},"elements":[{"from":[5.428571,4.01042,7.960178],"to":[10.571428,8.01042,7.960178],"rotation":{"angle":0.0,"axis":"y","origin":[8.571428,17.438992,9.674464]},"faces":{"east":{"uv":[0.025,0.025,0.025,1.725],"rotation":0,"texture":"#0","tintindex":0},"south":{"uv":[4.525,7.775,6.725,9.475],"rotation":0,"texture":"#0","tintindex":0},"north":{"uv":[6.725,7.775,4.525,9.475],"rotation":0,"texture":"#0","tintindex":0},"west":{"uv":[0.025,0.025,0.025,1.725],"rotation":0,"texture":"#0","tintindex":0},"up":{"uv":[2.225,0.025,0.025,0.025],"rotation":0,"texture":"#0","tintindex":0},"down":{"uv":[2.225,0.025,0.025,0.025],"rotation":0,"texture":"#0","tintindex":0}}}],"display":{"head":{"translation":[0.0,-6.4,0.0],"scale":[4.0,4.0,4.0]}}}