{"textures":{"0":"modelengine:entity/tingle"},"elements":[{"from":[5.142857,8.075095,5.341654],"to":[10.857143,11.503667,11.05594],"rotation":{"angle":0.0,"axis":"x","origin":[8.0,9.789381,8.198797]},"faces":{"east":{"uv":[0.0,5.25,1.25,6.0],"rotation":0,"texture":"#0","tintindex":0},"south":{"uv":[3.75,5.25,5.0,6.0],"rotation":0,"texture":"#0","tintindex":0},"north":{"uv":[1.25,5.25,2.5,6.0],"rotation":0,"texture":"#0","tintindex":0},"west":{"uv":[2.5,5.25,3.75,6.0],"rotation":0,"texture":"#0","tintindex":0},"up":{"uv":[2.5,5.25,1.25,4.0],"rotation":0,"texture":"#0","tintindex":0},"down":{"uv":[3.75,4.0,2.5,5.25],"rotation":0,"texture":"#0","tintindex":0}}},{"from":[3.4285712,9.646523,3.3416538],"to":[12.571428,18.789381,12.484511],"rotation":{"angle":0.0,"axis":"x","origin":[8.0,13.360809,7.9130826]},"faces":{"east":{"uv":[0.0,2.0,2.0,4.0],"rotation":0,"texture":"#0","tintindex":0},"south":{"uv":[6.0,2.0,8.0,4.0],"rotation":0,"texture":"#0","tintindex":0},"north":{"uv":[2.0,2.0,4.0,4.0],"rotation":0,"texture":"#0","tintindex":0},"west":{"uv":[4.0,2.0,6.0,4.0],"rotation":0,"texture":"#0","tintindex":0},"up":{"uv":[4.0,2.0,2.0,0.0],"rotation":0,"texture":"#0","tintindex":0},"down":{"uv":[6.0,0.0,4.0,2.0],"rotation":0,"texture":"#0","tintindex":0}}}],"display":{"head":{"translation":[0.0,-6.4,0.0],"scale":[4.0,4.0,4.0]}}}