{"textures":{"0":"modelengine:entity/tingle"},"elements":[{"from":[5.714286,11.428572,6.5714283],"to":[10.285714,15.428572,9.428572],"rotation":{"angle":0.0,"axis":"y","origin":[8.0,14.285715,8.0]},"faces":{"east":{"uv":[0.0,6.625,0.625,7.5],"rotation":0,"texture":"#0","tintindex":0},"south":{"uv":[2.25,6.625,3.25,7.5],"rotation":0,"texture":"#0","tintindex":0},"north":{"uv":[0.625,6.625,1.625,7.5],"rotation":0,"texture":"#0","tintindex":0},"west":{"uv":[1.625,6.625,2.25,7.5],"rotation":0,"texture":"#0","tintindex":0},"up":{"uv":[1.625,6.625,0.625,6.0],"rotation":0,"texture":"#0","tintindex":0},"down":{"uv":[2.625,6.0,1.625,6.625],"rotation":0,"texture":"#0","tintindex":0}}},{"from":[6.5714283,11.142858,9.142858],"to":[9.428572,14.0,10.285714],"rotation":{"angle":0.0,"axis":"y","origin":[7.714286,8.0,8.0]},"faces":{"east":{"uv":[3.75,4.25,4.0,4.875],"rotation":0,"texture":"#0","tintindex":0},"south":{"uv":[4.875,4.25,5.5,4.875],"rotation":0,"texture":"#0","tintindex":0},"north":{"uv":[4.0,4.25,4.625,4.875],"rotation":0,"texture":"#0","tintindex":0},"west":{"uv":[4.625,4.25,4.875,4.875],"rotation":0,"texture":"#0","tintindex":0},"up":{"uv":[4.625,4.25,4.0,4.0],"rotation":0,"texture":"#0","tintindex":0},"down":{"uv":[5.25,4.0,4.625,4.25],"rotation":0,"texture":"#0","tintindex":0}}}],"display":{"head":{"translation":[0.0,-6.4,0.0],"scale":[4.0,4.0,4.0]}}}