{"textures":{"0":"modelengine:entity/tingle"},"elements":[{"from":[5.714286,7.848988,5.4913573],"to":[10.285714,12.420417,10.062786],"rotation":{"angle":0.0,"axis":"y","origin":[6.857143,0.42041636,6.062786]},"faces":{"east":{"uv":[4.0,6.0,5.0,7.0],"rotation":0,"texture":"#0","tintindex":0},"south":{"uv":[7.0,6.0,8.0,7.0],"rotation":0,"texture":"#0","tintindex":0},"north":{"uv":[5.0,6.0,6.0,7.0],"rotation":0,"texture":"#0","tintindex":0},"west":{"uv":[6.0,6.0,7.0,7.0],"rotation":0,"texture":"#0","tintindex":0},"up":{"uv":[6.0,6.0,5.0,5.0],"rotation":0,"texture":"#0","tintindex":0},"down":{"uv":[7.0,5.0,6.0,6.0],"rotation":0,"texture":"#0","tintindex":0}}},{"from":[7.428571,12.420417,7.6342144],"to":[8.571428,15.848989,8.777072],"rotation":{"angle":22.5,"axis":"x","origin":[8.0,14.134703,8.205643]},"faces":{"east":{"uv":[0.0,4.25,0.25,5.0],"rotation":0,"texture":"#0","tintindex":0},"south":{"uv":[0.75,4.25,1.0,5.0],"rotation":0,"texture":"#0","tintindex":0},"north":{"uv":[0.25,4.25,0.5,5.0],"rotation":0,"texture":"#0","tintindex":0},"west":{"uv":[0.5,4.25,0.75,5.0],"rotation":0,"texture":"#0","tintindex":0},"up":{"uv":[0.5,4.25,0.25,4.0],"rotation":0,"texture":"#0","tintindex":0},"down":{"uv":[0.75,4.0,0.5,4.25],"rotation":0,"texture":"#0","tintindex":0}}},{"from":[6.5714283,12.420417,6.6342144],"to":[9.428572,14.706131,9.491358],"rotation":{"angle":22.5,"axis":"x","origin":[8.0,13.563274,8.062786]},"faces":{"east":{"uv":[2.625,7.625,3.25,8.125],"rotation":0,"texture":"#0","tintindex":0},"south":{"uv":[4.5,7.625,5.125,8.125],"rotation":0,"texture":"#0","tintindex":0},"north":{"uv":[3.25,7.625,3.875,8.125],"rotation":0,"texture":"#0","tintindex":0},"west":{"uv":[3.875,7.625,4.5,8.125],"rotation":0,"texture":"#0","tintindex":0},"up":{"uv":[3.875,7.625,3.25,7.0],"rotation":0,"texture":"#0","tintindex":0},"down":{"uv":[4.5,7.0,3.875,7.625],"rotation":0,"texture":"#0","tintindex":0}}},{"from":[6.0,12.420417,5.7770715],"to":[10.0,13.563274,9.777072],"rotation":{"angle":0.0,"axis":"y","origin":[7.142857,0.42041636,6.3485003]},"faces":{"east":{"uv":[6.0,0.875,6.875,1.125],"rotation":0,"texture":"#0","tintindex":0},"south":{"uv":[8.625,0.875,9.5,1.125],"rotation":0,"texture":"#0","tintindex":0},"north":{"uv":[6.875,0.875,7.75,1.125],"rotation":0,"texture":"#0","tintindex":0},"west":{"uv":[7.75,0.875,8.625,1.125],"rotation":0,"texture":"#0","tintindex":0},"up":{"uv":[7.75,0.875,6.875,0.0],"rotation":0,"texture":"#0","tintindex":0},"down":{"uv":[8.625,0.0,7.75,0.875],"rotation":0,"texture":"#0","tintindex":0}}},{"from":[6.285714,8.420417,5.205643],"to":[9.714286,11.848988,5.7770715],"rotation":{"angle":0.0,"axis":"y","origin":[6.857143,0.42041636,6.062786]},"faces":{"east":{"uv":[6.0,1.25,6.125,2.0],"rotation":0,"texture":"#0","tintindex":0},"south":{"uv":[7.0,1.25,7.75,2.0],"rotation":0,"texture":"#0","tintindex":0},"north":{"uv":[6.125,1.25,6.875,2.0],"rotation":0,"texture":"#0","tintindex":0},"west":{"uv":[6.875,1.25,7.0,2.0],"rotation":0,"texture":"#0","tintindex":0},"up":{"uv":[6.875,1.25,6.125,1.125],"rotation":0,"texture":"#0","tintindex":0},"down":{"uv":[7.625,1.125,6.875,1.25],"rotation":0,"texture":"#0","tintindex":0}}},{"from":[6.5714283,7.848988,3.7770715],"to":[9.428572,7.848988,4.9199286],"rotation":{"angle":-45.0,"axis":"x","origin":[7.714286,8.420417,4.6342144]},"faces":{"east":{"uv":[7.5,1.375,7.75,1.375],"rotation":0,"texture":"#0","tintindex":0},"south":{"uv":[8.625,1.375,9.25,1.375],"rotation":0,"texture":"#0","tintindex":0},"north":{"uv":[7.75,1.375,8.375,1.375],"rotation":0,"texture":"#0","tintindex":0},"west":{"uv":[8.375,1.375,8.625,1.375],"rotation":0,"texture":"#0","tintindex":0},"up":{"uv":[8.375,1.375,7.75,1.125],"rotation":0,"texture":"#0","tintindex":0},"down":{"uv":[9.0,1.125,8.375,1.375],"rotation":0,"texture":"#0","tintindex":0}}},{"from":[7.428571,8.848988,4.9199286],"to":[8.571428,10.563273,6.062786],"rotation":{"angle":0.0,"axis":"y","origin":[8.0,0.42041636,7.7770715]},"faces":{"east":{"uv":[0.0,1.625,0.25,2.0],"rotation":0,"texture":"#0","tintindex":0},"south":{"uv":[0.75,1.625,1.0,2.0],"rotation":0,"texture":"#0","tintindex":0},"north":{"uv":[0.25,1.625,0.5,2.0],"rotation":0,"texture":"#0","tintindex":0},"west":{"uv":[0.5,1.625,0.75,2.0],"rotation":0,"texture":"#0","tintindex":0},"up":{"uv":[0.5,1.625,0.25,1.375],"rotation":0,"texture":"#0","tintindex":0},"down":{"uv":[0.75,1.375,0.5,1.625],"rotation":0,"texture":"#0","tintindex":0}}}],"display":{"head":{"translation":[0.0,-6.4,0.0],"scale":[4.0,4.0,4.0]}}}