{"textures":{"0":"modelengine:entity/tingle"},"elements":[{"from":[6.428571,4.0,6.857143],"to":[8.714286,8.0,9.142858],"rotation":{"angle":-22.5,"axis":"x","origin":[7.5714283,7.714286,8.0]},"faces":{"east":{"uv":[7.0,4.5,7.5,5.375],"rotation":0,"texture":"#0","tintindex":0},"south":{"uv":[8.5,4.5,9.0,5.375],"rotation":0,"texture":"#0","tintindex":0},"north":{"uv":[7.5,4.5,8.0,5.375],"rotation":0,"texture":"#0","tintindex":0},"west":{"uv":[8.0,4.5,8.5,5.375],"rotation":0,"texture":"#0","tintindex":0},"up":{"uv":[8.0,4.5,7.5,4.0],"rotation":0,"texture":"#0","tintindex":0},"down":{"uv":[8.5,4.0,8.0,4.5],"rotation":0,"texture":"#0","tintindex":0}}}],"display":{"head":{"translation":[0.0,-6.4,0.0],"scale":[4.0,4.0,4.0]}}}