{"textures":{"0":"modelengine:entity/tingle"},"elements":[{"from":[6.857143,3.4285712,6.857143],"to":[9.142858,6.857143,9.142858],"rotation":{"angle":-22.5,"axis":"z","origin":[8.0,7.428571,8.0]},"faces":{"east":{"uv":[7.125,7.5,7.625,8.25],"rotation":0,"texture":"#0","tintindex":0},"south":{"uv":[8.625,7.5,9.125,8.25],"rotation":0,"texture":"#0","tintindex":0},"north":{"uv":[7.625,7.5,8.125,8.25],"rotation":0,"texture":"#0","tintindex":0},"west":{"uv":[8.125,7.5,8.625,8.25],"rotation":0,"texture":"#0","tintindex":0},"up":{"uv":[8.125,7.5,7.625,7.0],"rotation":0,"texture":"#0","tintindex":0},"down":{"uv":[8.625,7.0,8.125,7.5],"rotation":0,"texture":"#0","tintindex":0}}}],"display":{"head":{"translation":[0.0,-6.4,0.0],"scale":[4.0,4.0,4.0]}}}