{"textures":{"0":"modelengine:entity/tingle"},"elements":[{"from":[7.285714,4.0,6.857143],"to":[9.571428,8.0,9.142858],"rotation":{"angle":-22.5,"axis":"x","origin":[8.428572,7.714286,8.0]},"faces":{"east":{"uv":[0.0,0.5,0.5,1.375],"rotation":0,"texture":"#0","tintindex":0},"south":{"uv":[1.5,0.5,2.0,1.375],"rotation":0,"texture":"#0","tintindex":0},"north":{"uv":[0.5,0.5,1.0,1.375],"rotation":0,"texture":"#0","tintindex":0},"west":{"uv":[1.0,0.5,1.5,1.375],"rotation":0,"texture":"#0","tintindex":0},"up":{"uv":[1.0,0.5,0.5,0.0],"rotation":0,"texture":"#0","tintindex":0},"down":{"uv":[1.5,0.0,1.0,0.5],"rotation":0,"texture":"#0","tintindex":0}}}],"display":{"head":{"translation":[0.0,-6.4,0.0],"scale":[4.0,4.0,4.0]}}}