{"textures":{"0":"modelengine:entity/tingle"},"elements":[{"from":[6.857143,3.4285712,6.857143],"to":[9.142858,6.857143,9.142858],"rotation":{"angle":22.5,"axis":"z","origin":[8.0,7.428571,8.0]},"faces":{"east":{"uv":[5.125,7.5,5.625,8.25],"rotation":0,"texture":"#0","tintindex":0},"south":{"uv":[6.625,7.5,7.125,8.25],"rotation":0,"texture":"#0","tintindex":0},"north":{"uv":[5.625,7.5,6.125,8.25],"rotation":0,"texture":"#0","tintindex":0},"west":{"uv":[6.125,7.5,6.625,8.25],"rotation":0,"texture":"#0","tintindex":0},"up":{"uv":[6.125,7.5,5.625,7.0],"rotation":0,"texture":"#0","tintindex":0},"down":{"uv":[6.625,7.0,6.125,7.5],"rotation":0,"texture":"#0","tintindex":0}}}],"display":{"head":{"translation":[0.0,-6.4,0.0],"scale":[4.0,4.0,4.0]}}}