{"textures":{"0":"modelengine:entity/wizpiglin_2_rock"},"elements":[{"from":[3.5654411,4.061013,6.5142856],"to":[10.422585,7.489585,11.657143],"rotation":{"angle":22.5,"axis":"z","origin":[7.8511558,8.632442,7.0857143]},"faces":{"east":{"uv":[8.0,3.75,10.25,5.25],"rotation":0,"texture":"#0","tintindex":0},"south":{"uv":[4.75,5.75,7.75,7.25],"rotation":0,"texture":"#0","tintindex":0},"north":{"uv":[1.75,5.75,4.75,7.25],"rotation":0,"texture":"#0","tintindex":0},"west":{"uv":[8.25,0.0,10.5,1.5],"rotation":0,"texture":"#0","tintindex":0},"up":{"uv":[3.0,5.75,0.0,3.5],"rotation":0,"texture":"#0","tintindex":0},"down":{"uv":[6.0,3.5,3.0,5.75],"rotation":0,"texture":"#0","tintindex":0}}},{"from":[7.5654416,4.632442,4.2285714],"to":[12.13687,9.203871,8.8],"rotation":{"angle":-22.5,"axis":"x","origin":[9.851156,6.9181566,6.5142856]},"faces":{"east":{"uv":[6.25,0.0,8.25,2.0],"rotation":0,"texture":"#0","tintindex":0},"south":{"uv":[1.75,7.25,3.75,9.25],"rotation":0,"texture":"#0","tintindex":0},"north":{"uv":[6.0,3.5,8.0,5.5],"rotation":0,"texture":"#0","tintindex":0},"west":{"uv":[3.75,7.25,5.75,9.25],"rotation":0,"texture":"#0","tintindex":0},"up":{"uv":[7.75,9.25,5.75,7.25],"rotation":0,"texture":"#0","tintindex":0},"down":{"uv":[9.75,5.5,7.75,7.5],"rotation":0,"texture":"#0","tintindex":0}}},{"from":[5.279727,4.632442,4.2285714],"to":[10.422585,12.632442,8.228572],"rotation":{"angle":22.5,"axis":"z","origin":[7.8511558,8.632442,7.0857143]},"faces":{"east":{"uv":[4.5,0.0,6.25,3.5],"rotation":0,"texture":"#0","tintindex":0},"south":{"uv":[2.25,0.0,4.5,3.5],"rotation":0,"texture":"#0","tintindex":0},"north":{"uv":[0.0,0.0,2.25,3.5],"rotation":0,"texture":"#0","tintindex":0},"west":{"uv":[0.0,5.75,1.75,9.25],"rotation":0,"texture":"#0","tintindex":0},"up":{"uv":[10.0,9.25,7.75,7.5],"rotation":0,"texture":"#0","tintindex":0},"down":{"uv":[10.25,2.0,8.0,3.75],"rotation":0,"texture":"#0","tintindex":0}}},{"from":[6.994013,7.489585,8.228572],"to":[10.422585,12.632442,9.942858],"rotation":{"angle":22.5,"axis":"z","origin":[7.8511558,8.632442,7.0857143]},"faces":{"east":{"uv":[3.0,9.25,3.75,11.5],"rotation":0,"texture":"#0","tintindex":0},"south":{"uv":[1.5,9.25,3.0,11.5],"rotation":0,"texture":"#0","tintindex":0},"north":{"uv":[0.0,9.25,1.5,11.5],"rotation":0,"texture":"#0","tintindex":0},"west":{"uv":[3.75,9.25,4.5,11.5],"rotation":0,"texture":"#0","tintindex":0},"up":{"uv":[7.75,2.75,6.25,2.0],"rotation":0,"texture":"#0","tintindex":0},"down":{"uv":[7.75,2.75,6.25,3.5],"rotation":0,"texture":"#0","tintindex":0}}},{"from":[5.279727,7.489585,8.228572],"to":[6.994013,10.918157,9.942858],"rotation":{"angle":22.5,"axis":"z","origin":[7.8511558,8.632442,7.0857143]},"faces":{"east":{"uv":[5.25,9.25,6.0,10.75],"rotation":0,"texture":"#0","tintindex":0},"south":{"uv":[6.0,9.25,6.75,10.75],"rotation":0,"texture":"#0","tintindex":0},"north":{"uv":[4.5,9.25,5.25,10.75],"rotation":0,"texture":"#0","tintindex":0},"west":{"uv":[6.75,9.25,7.5,10.75],"rotation":0,"texture":"#0","tintindex":0},"up":{"uv":[8.25,10.0,7.5,9.25],"rotation":0,"texture":"#0","tintindex":0},"down":{"uv":[9.0,9.25,8.25,10.0],"rotation":0,"texture":"#0","tintindex":0}}}],"display":{"head":{"translation":[0.0,-6.4,0.0],"scale":[4.0,4.0,4.0]}}}