{"textures":{"0":"modelengine:entity/texture"},"elements":[{"from":[7.714286,9.142858,6.857143],"to":[8.285714,9.714286,12.571428],"rotation":{"angle":0.0,"axis":"y","origin":[8.285714,7.428571,8.0]},"faces":{"east":{"uv":[0.0,5.0,5.0,5.5],"rotation":0,"texture":"#0","tintindex":0},"south":{"uv":[10.5,5.0,11.0,5.5],"rotation":0,"texture":"#0","tintindex":0},"north":{"uv":[5.0,5.0,5.5,5.5],"rotation":0,"texture":"#0","tintindex":0},"west":{"uv":[5.5,5.0,10.5,5.5],"rotation":0,"texture":"#0","tintindex":0},"up":{"uv":[5.5,5.0,5.0,0.0],"rotation":0,"texture":"#0","tintindex":0},"down":{"uv":[6.0,0.0,5.5,5.0],"rotation":0,"texture":"#0","tintindex":0}}},{"from":[7.714286,9.714286,11.428572],"to":[8.285714,10.285714,12.0],"rotation":{"angle":0.0,"axis":"y","origin":[8.285714,8.0,7.428571]},"faces":{"east":{"uv":[1.5,0.5,1.0,1.0],"rotation":0,"texture":"#0","tintindex":0},"south":{"uv":[2.0,0.5,1.5,1.0],"rotation":0,"texture":"#0","tintindex":0},"north":{"uv":[1.0,0.5,0.5,1.0],"rotation":0,"texture":"#0","tintindex":0},"west":{"uv":[0.5,0.5,0.0,1.0],"rotation":0,"texture":"#0","tintindex":0},"up":{"uv":[0.5,0.5,1.0,0.0],"rotation":0,"texture":"#0","tintindex":0},"down":{"uv":[1.0,0.0,1.5,0.5],"rotation":0,"texture":"#0","tintindex":0}}},{"from":[7.714286,8.571428,11.428572],"to":[8.285714,10.285714,12.0],"rotation":{"angle":0.0,"axis":"y","origin":[8.285714,8.0,7.428571]},"faces":{"east":{"uv":[6.0,3.5,6.5,5.0],"rotation":0,"texture":"#0","tintindex":0},"south":{"uv":[7.5,3.5,8.0,5.0],"rotation":0,"texture":"#0","tintindex":0},"north":{"uv":[6.5,3.5,7.0,5.0],"rotation":0,"texture":"#0","tintindex":0},"west":{"uv":[7.0,3.5,7.5,5.0],"rotation":0,"texture":"#0","tintindex":0},"up":{"uv":[7.0,3.5,6.5,3.0],"rotation":0,"texture":"#0","tintindex":0},"down":{"uv":[7.5,3.0,7.0,3.5],"rotation":0,"texture":"#0","tintindex":0}}},{"from":[7.714286,7.428571,9.142858],"to":[8.285714,11.428572,9.714286],"rotation":{"angle":0.0,"axis":"y","origin":[8.285714,8.0,5.142857]},"faces":{"east":{"uv":[4.0,6.0,4.5,9.5],"rotation":0,"texture":"#0","tintindex":0},"south":{"uv":[5.5,6.0,6.0,9.5],"rotation":0,"texture":"#0","tintindex":0},"north":{"uv":[4.5,6.0,5.0,9.5],"rotation":0,"texture":"#0","tintindex":0},"west":{"uv":[5.0,6.0,5.5,9.5],"rotation":0,"texture":"#0","tintindex":0},"up":{"uv":[5.0,6.0,4.5,5.5],"rotation":0,"texture":"#0","tintindex":0},"down":{"uv":[5.5,5.5,5.0,6.0],"rotation":0,"texture":"#0","tintindex":0}}},{"from":[7.714286,8.0,10.285714],"to":[8.285714,10.857143,10.857143],"rotation":{"angle":0.0,"axis":"y","origin":[8.285714,8.0,6.285714]},"faces":{"east":{"uv":[0.0,8.5,0.5,11.0],"rotation":0,"texture":"#0","tintindex":0},"south":{"uv":[1.5,8.5,2.0,11.0],"rotation":0,"texture":"#0","tintindex":0},"north":{"uv":[0.5,8.5,1.0,11.0],"rotation":0,"texture":"#0","tintindex":0},"west":{"uv":[1.0,8.5,1.5,11.0],"rotation":0,"texture":"#0","tintindex":0},"up":{"uv":[1.0,8.5,0.5,8.0],"rotation":0,"texture":"#0","tintindex":0},"down":{"uv":[1.5,8.0,1.0,8.5],"rotation":0,"texture":"#0","tintindex":0}}},{"from":[7.714286,8.0,8.0],"to":[8.285714,10.857143,8.571428],"rotation":{"angle":0.0,"axis":"y","origin":[8.285714,8.0,4.0]},"faces":{"east":{"uv":[6.0,0.5,6.5,3.0],"rotation":0,"texture":"#0","tintindex":0},"south":{"uv":[7.5,0.5,8.0,3.0],"rotation":0,"texture":"#0","tintindex":0},"north":{"uv":[6.5,0.5,7.0,3.0],"rotation":0,"texture":"#0","tintindex":0},"west":{"uv":[7.0,0.5,7.5,3.0],"rotation":0,"texture":"#0","tintindex":0},"up":{"uv":[7.0,0.5,6.5,0.0],"rotation":0,"texture":"#0","tintindex":0},"down":{"uv":[7.5,0.0,7.0,0.5],"rotation":0,"texture":"#0","tintindex":0}}}],"display":{"head":{"translation":[0.0,-6.4,0.0],"scale":[4.0,4.0,4.0]}}}