{"textures":{"0":"modelengine:entity/texture"},"elements":[{"from":[7.714286,7.428571,4.714286],"to":[8.285714,8.0,6.857143],"rotation":{"angle":0.0,"axis":"y","origin":[7.714286,6.857143,6.857143]},"faces":{"east":{"uv":[0.0,1.5,1.5,2.0],"rotation":0,"texture":"#0","tintindex":0},"south":{"uv":[3.5,1.5,4.0,2.0],"rotation":0,"texture":"#0","tintindex":0},"north":{"uv":[1.5,1.5,2.0,2.0],"rotation":0,"texture":"#0","tintindex":0},"west":{"uv":[2.0,1.5,3.5,2.0],"rotation":0,"texture":"#0","tintindex":0},"up":{"uv":[2.0,1.5,1.5,0.0],"rotation":0,"texture":"#0","tintindex":0},"down":{"uv":[2.5,0.0,2.0,1.5],"rotation":0,"texture":"#0","tintindex":0}}},{"from":[7.7085714,8.0,4.714286],"to":[7.7085714,8.571428,6.857143],"rotation":{"angle":0.0,"axis":"y","origin":[7.714286,7.428571,6.857143]},"faces":{"east":{"uv":[6.0,7.5,7.5,8.0],"rotation":0,"texture":"#0","tintindex":0},"south":{"uv":[9.0,7.5,9.0,8.0],"rotation":0,"texture":"#0","tintindex":0},"north":{"uv":[7.5,7.5,7.5,8.0],"rotation":0,"texture":"#0","tintindex":0},"west":{"uv":[7.5,7.5,9.0,8.0],"rotation":0,"texture":"#0","tintindex":0},"up":{"uv":[7.5,7.5,7.5,6.0],"rotation":0,"texture":"#0","tintindex":0},"down":{"uv":[7.5,6.0,7.5,7.5],"rotation":0,"texture":"#0","tintindex":0}}},{"from":[8.291429,8.0,4.714286],"to":[8.291429,8.571428,6.857143],"rotation":{"angle":0.0,"axis":"y","origin":[8.285714,7.428571,6.857143]},"faces":{"east":{"uv":[5.5,5.5,7.0,6.0],"rotation":0,"texture":"#0","tintindex":0},"south":{"uv":[8.5,5.5,8.5,6.0],"rotation":0,"texture":"#0","tintindex":0},"north":{"uv":[7.0,5.5,7.0,6.0],"rotation":0,"texture":"#0","tintindex":0},"west":{"uv":[7.0,5.5,8.5,6.0],"rotation":0,"texture":"#0","tintindex":0},"up":{"uv":[7.0,5.5,7.0,4.0],"rotation":0,"texture":"#0","tintindex":0},"down":{"uv":[7.0,4.0,7.0,5.5],"rotation":0,"texture":"#0","tintindex":0}}},{"from":[7.714286,8.0,5.142857],"to":[8.285714,9.142858,6.857143],"rotation":{"angle":0.0,"axis":"y","origin":[7.714286,6.857143,6.285714]},"faces":{"east":{"uv":[0.0,7.0,1.5,8.0],"rotation":0,"texture":"#0","tintindex":0},"south":{"uv":[3.5,7.0,4.0,8.0],"rotation":0,"texture":"#0","tintindex":0},"north":{"uv":[1.5,7.0,2.0,8.0],"rotation":0,"texture":"#0","tintindex":0},"west":{"uv":[2.0,7.0,3.5,8.0],"rotation":0,"texture":"#0","tintindex":0},"up":{"uv":[2.0,7.0,1.5,5.5],"rotation":0,"texture":"#0","tintindex":0},"down":{"uv":[2.5,5.5,2.0,7.0],"rotation":0,"texture":"#0","tintindex":0}}}],"display":{"head":{"translation":[0.0,-6.4,0.0],"scale":[4.0,4.0,4.0]}}}