{"textures":{"0":"modelengine:entity/texture"},"elements":[{"from":[8.0,7.714286,8.0],"to":[8.0,11.142858,10.285714],"rotation":{"angle":0.0,"axis":"y","origin":[8.0,8.285714,3.4285712]},"faces":{"east":{"uv":[0.0,2.0,2.0,5.0],"rotation":0,"texture":"#0","tintindex":0},"south":{"uv":[4.0,2.0,4.0,5.0],"rotation":0,"texture":"#0","tintindex":0},"north":{"uv":[2.0,2.0,2.0,5.0],"rotation":0,"texture":"#0","tintindex":0},"west":{"uv":[2.0,2.0,4.0,5.0],"rotation":0,"texture":"#0","tintindex":0},"up":{"uv":[2.0,2.0,2.0,0.0],"rotation":0,"texture":"#0","tintindex":0},"down":{"uv":[2.0,0.0,2.0,2.0],"rotation":0,"texture":"#0","tintindex":0}}}],"display":{"head":{"translation":[0.0,-6.4,0.0],"scale":[4.0,4.0,4.0]}}}