{"textures":{"0":"modelengine:entity/shipwreck"},"elements":[{"from":[-3.7315035,-4.920883,-6.603791],"to":[29.92564,10.667689,20.67621],"rotation":{"angle":0.0,"axis":"y","origin":[-2.2040138,0.8382025,7.139198]},"faces":{"east":{"uv":[5.4375,1.375,7.90625,2.75],"rotation":0,"texture":"#0","tintindex":0},"south":{"uv":[5.4375,0.0,8.40625,1.375],"rotation":0,"texture":"#0","tintindex":0},"north":{"uv":[4.25,5.375,7.21875,6.75],"rotation":0,"texture":"#0","tintindex":0},"west":{"uv":[5.4375,2.75,7.90625,4.125],"rotation":0,"texture":"#0","tintindex":0},"up":{"uv":[2.96875,2.46875,0.0,0.0],"rotation":0,"texture":"#0","tintindex":0},"down":{"uv":[2.96875,2.46875,0.0,4.9375],"rotation":0,"texture":"#0","tintindex":0}}},{"from":[-3.71379,1.2981462,-9.179798],"to":[20.37764,14.7610035,-6.6997967],"rotation":{"angle":0.0,"axis":"y","origin":[-2.2040138,0.8382025,7.139198]},"faces":{"east":{"uv":[8.4375,11.34375,8.65625,12.53125],"rotation":0,"texture":"#0","tintindex":0},"south":{"uv":[3.84375,8.125,5.96875,9.3125],"rotation":0,"texture":"#0","tintindex":0},"north":{"uv":[7.90625,2.75,10.03125,3.9375],"rotation":0,"texture":"#0","tintindex":0},"west":{"uv":[8.65625,11.34375,8.875,12.53125],"rotation":0,"texture":"#0","tintindex":0},"up":{"uv":[12.3125,10.125,10.1875,9.90625],"rotation":0,"texture":"#0","tintindex":0},"down":{"uv":[12.96875,3.1875,10.84375,3.40625],"rotation":0,"texture":"#0","tintindex":0}}},{"from":[20.308573,1.329833,-9.179798],"to":[31.326859,25.421263,-6.3455124],"rotation":{"angle":0.0,"axis":"y","origin":[-2.2040138,0.8382025,7.139198]},"faces":{"east":{"uv":[6.6875,11.03125,6.9375,13.15625],"rotation":0,"texture":"#0","tintindex":0},"south":{"uv":[4.40625,9.3125,5.375,11.4375],"rotation":0,"texture":"#0","tintindex":0},"north":{"uv":[3.4375,9.3125,4.40625,11.4375],"rotation":0,"texture":"#0","tintindex":0},"west":{"uv":[6.9375,11.03125,7.1875,13.15625],"rotation":0,"texture":"#0","tintindex":0},"up":{"uv":[10.15625,8.125,9.1875,7.875],"rotation":0,"texture":"#0","tintindex":0},"down":{"uv":[2.0,11.40625,1.03125,11.65625],"rotation":0,"texture":"#0","tintindex":0}}},{"from":[-14.342361,-1.4665966,22.093353],"to":[-3.71379,15.539118,22.093353],"rotation":{"angle":0.0,"axis":"y","origin":[-2.2040138,0.8382025,7.139198]},"faces":{"east":{"uv":[0.0,14.6875,2.46875,16.0625],"rotation":0,"texture":"#0","tintindex":0},"south":{"uv":[2.125,14.6875,0.0,16.0625],"rotation":0,"texture":"#0","tintindex":0},"north":{"uv":[0.0,14.6875,2.125,16.0625],"rotation":0,"texture":"#0","tintindex":0},"west":{"uv":[2.46875,14.6875,0.0,16.0625],"rotation":0,"texture":"#0","tintindex":0},"up":{"uv":[0.0,7.40625,2.125,4.9375],"rotation":0,"texture":"#0","tintindex":0},"down":{"uv":[2.125,5.375,4.25,7.84375],"rotation":0,"texture":"#0","tintindex":0}}},{"from":[-14.342361,-1.4665966,-7.8586607],"to":[-3.71379,15.539118,-7.8586607],"rotation":{"angle":0.0,"axis":"y","origin":[-2.2040138,0.8382025,7.139198]},"faces":{"east":{"uv":[2.46875,14.6875,0.0,16.0625],"rotation":0,"texture":"#0","tintindex":0},"south":{"uv":[2.125,14.6875,0.0,16.0625],"rotation":0,"texture":"#0","tintindex":0},"north":{"uv":[0.0,14.6875,2.125,16.0625],"rotation":0,"texture":"#0","tintindex":0},"west":{"uv":[0.0,14.6875,2.46875,16.0625],"rotation":0,"texture":"#0","tintindex":0},"up":{"uv":[0.0,4.9375,2.125,7.40625],"rotation":0,"texture":"#0","tintindex":0},"down":{"uv":[2.125,7.84375,4.25,5.375],"rotation":0,"texture":"#0","tintindex":0}}},{"from":[29.943354,-5.0094547,-6.603791],"to":[31.3605,25.45912,20.67621],"rotation":{"angle":0.0,"axis":"y","origin":[-2.2040138,0.8382025,7.139198]},"faces":{"east":{"uv":[2.96875,0.0,5.375,2.6875],"rotation":0,"texture":"#0","tintindex":0},"south":{"uv":[9.375,11.03125,9.5,13.71875],"rotation":0,"texture":"#0","tintindex":0},"north":{"uv":[3.21875,10.59375,3.34375,13.28125],"rotation":0,"texture":"#0","tintindex":0},"west":{"uv":[2.96875,2.6875,5.375,5.375],"rotation":0,"texture":"#0","tintindex":0},"up":{"uv":[10.375,13.5,10.25,11.03125],"rotation":0,"texture":"#0","tintindex":0},"down":{"uv":[8.4375,11.34375,8.3125,13.8125],"rotation":0,"texture":"#0","tintindex":0}}},{"from":[11.059553,4.927971,-9.144369],"to":[25.585268,9.533686,-6.6997967],"rotation":{"angle":22.5,"axis":"z","origin":[-2.2040138,0.8382025,7.139198]},"faces":{"east":{"uv":[2.125,4.9375,2.34375,5.34375],"rotation":0,"texture":"#0","tintindex":0},"south":{"uv":[10.84375,2.78125,12.125,3.1875],"rotation":0,"texture":"#0","tintindex":0},"north":{"uv":[10.84375,2.375,12.125,2.78125],"rotation":0,"texture":"#0","tintindex":0},"west":{"uv":[2.34375,4.9375,2.5625,5.34375],"rotation":0,"texture":"#0","tintindex":0},"up":{"uv":[4.625,11.65625,3.34375,11.4375],"rotation":0,"texture":"#0","tintindex":0},"down":{"uv":[12.71875,8.46875,11.4375,8.6875],"rotation":0,"texture":"#0","tintindex":0}}},{"from":[-1.4836702,9.679998,4.28306],"to":[4.8934727,16.765713,10.660203],"rotation":{"angle":22.5,"axis":"z","origin":[-2.2040138,0.8382025,7.139198]},"faces":{"east":{"uv":[6.46875,4.75,7.03125,5.375],"rotation":0,"texture":"#0","tintindex":0},"south":{"uv":[10.90625,6.96875,11.46875,7.59375],"rotation":0,"texture":"#0","tintindex":0},"north":{"uv":[6.46875,4.125,7.03125,4.75],"rotation":0,"texture":"#0","tintindex":0},"west":{"uv":[10.96875,3.84375,11.53125,4.46875],"rotation":0,"texture":"#0","tintindex":0},"up":{"uv":[7.75,11.90625,7.1875,11.34375],"rotation":0,"texture":"#0","tintindex":0},"down":{"uv":[8.3125,11.34375,7.75,11.90625],"rotation":0,"texture":"#0","tintindex":0}}},{"from":[0.28775835,16.765713,6.0544887],"to":[3.1220446,32.0,8.888775],"rotation":{"angle":22.5,"axis":"z","origin":[-2.2040138,0.8382025,7.139198]},"faces":{"east":{"uv":[9.75,11.03125,10.0,12.375],"rotation":0,"texture":"#0","tintindex":0},"south":{"uv":[10.0,11.03125,10.25,12.375],"rotation":0,"texture":"#0","tintindex":0},"north":{"uv":[9.5,11.03125,9.75,12.375],"rotation":0,"texture":"#0","tintindex":0},"west":{"uv":[11.25,11.03125,11.5,12.375],"rotation":0,"texture":"#0","tintindex":0},"up":{"uv":[2.8125,5.1875,2.5625,4.9375],"rotation":0,"texture":"#0","tintindex":0},"down":{"uv":[1.96875,7.40625,1.71875,7.65625],"rotation":0,"texture":"#0","tintindex":0}}},{"from":[8.686211,10.509575,0.3859172],"to":[20.37764,19.721004,14.20306],"rotation":{"angle":0.0,"axis":"y","origin":[-2.2040138,0.8382025,7.139198]},"faces":{"east":{"uv":[7.21875,5.84375,8.4375,6.65625],"rotation":0,"texture":"#0","tintindex":0},"south":{"uv":[1.03125,10.59375,2.0625,11.40625],"rotation":0,"texture":"#0","tintindex":0},"north":{"uv":[10.4375,0.0,11.46875,0.8125],"rotation":0,"texture":"#0","tintindex":0},"west":{"uv":[10.21875,8.46875,11.4375,9.28125],"rotation":0,"texture":"#0","tintindex":0},"up":{"uv":[6.46875,5.34375,5.4375,4.125],"rotation":0,"texture":"#0","tintindex":0},"down":{"uv":[1.03125,10.5,0.0,11.71875],"rotation":0,"texture":"#0","tintindex":0}}},{"from":[20.37764,10.509575,-6.6997967],"to":[29.58907,19.721004,20.580204],"rotation":{"angle":0.0,"axis":"y","origin":[-2.2040138,0.8382025,7.139198]},"faces":{"east":{"uv":[5.375,9.3125,7.78125,10.125],"rotation":0,"texture":"#0","tintindex":0},"south":{"uv":[10.84375,1.0625,11.65625,1.875],"rotation":0,"texture":"#0","tintindex":0},"north":{"uv":[10.4375,10.71875,11.25,11.53125],"rotation":0,"texture":"#0","tintindex":0},"west":{"uv":[7.78125,9.3125,10.1875,10.125],"rotation":0,"texture":"#0","tintindex":0},"up":{"uv":[10.84375,3.59375,10.03125,1.1875],"rotation":0,"texture":"#0","tintindex":0},"down":{"uv":[6.1875,10.125,5.375,12.53125],"rotation":0,"texture":"#0","tintindex":0}}},{"from":[14.007212,-1.7776346,-7.054083],"to":[27.115784,-1.7776346,0.3859172],"rotation":{"angle":45.0,"axis":"z","origin":[-2.2040138,0.8382025,7.139198]},"faces":{"east":{"uv":[0.0,0.0,0.65625,0.0],"rotation":0,"texture":"#0","tintindex":0},"south":{"uv":[0.0,0.0,1.15625,0.0],"rotation":0,"texture":"#0","tintindex":0},"north":{"uv":[0.0,0.0,1.15625,0.0],"rotation":0,"texture":"#0","tintindex":0},"west":{"uv":[0.0,0.0,0.65625,0.0],"rotation":0,"texture":"#0","tintindex":0},"up":{"uv":[3.21875,11.25,2.0625,10.59375],"rotation":0,"texture":"#0","tintindex":0},"down":{"uv":[11.8125,5.125,10.65625,5.78125],"rotation":0,"texture":"#0","tintindex":0}}},{"from":[-3.71379,14.7610035,-9.888369],"to":[8.686211,16.178146,-6.3455124],"rotation":{"angle":0.0,"axis":"y","origin":[-2.2040138,0.8382025,7.139198]},"faces":{"east":{"uv":[2.5625,5.1875,2.875,5.3125],"rotation":0,"texture":"#0","tintindex":0},"south":{"uv":[11.4375,9.1875,12.53125,9.3125],"rotation":0,"texture":"#0","tintindex":0},"north":{"uv":[8.40625,1.1875,9.5,1.3125],"rotation":0,"texture":"#0","tintindex":0},"west":{"uv":[1.71875,7.65625,2.03125,7.78125],"rotation":0,"texture":"#0","tintindex":0},"up":{"uv":[12.0625,4.78125,10.96875,4.46875],"rotation":0,"texture":"#0","tintindex":0},"down":{"uv":[12.0625,4.78125,10.96875,5.09375],"rotation":0,"texture":"#0","tintindex":0}}},{"from":[19.6,25.421263,-9.888369],"to":[32.0,26.838404,-6.3455124],"rotation":{"angle":0.0,"axis":"y","origin":[-2.2040138,0.8382025,7.139198]},"faces":{"east":{"uv":[3.84375,7.96875,4.15625,8.09375],"rotation":0,"texture":"#0","tintindex":0},"south":{"uv":[11.46875,0.375,12.5625,0.5],"rotation":0,"texture":"#0","tintindex":0},"north":{"uv":[11.46875,0.25,12.5625,0.375],"rotation":0,"texture":"#0","tintindex":0},"west":{"uv":[8.21875,3.9375,8.53125,4.0625],"rotation":0,"texture":"#0","tintindex":0},"up":{"uv":[3.15625,11.5625,2.0625,11.25],"rotation":0,"texture":"#0","tintindex":0},"down":{"uv":[12.34375,10.71875,11.25,11.03125],"rotation":0,"texture":"#0","tintindex":0}}},{"from":[29.165716,25.421263,-6.3455124],"to":[32.0,26.838404,20.580204],"rotation":{"angle":0.0,"axis":"y","origin":[-2.2040138,0.8382025,7.139198]},"faces":{"east":{"uv":[10.90625,7.59375,13.28125,7.71875],"rotation":0,"texture":"#0","tintindex":0},"south":{"uv":[9.5,1.1875,9.75,1.3125],"rotation":0,"texture":"#0","tintindex":0},"north":{"uv":[8.75,6.625,9.0,6.75],"rotation":0,"texture":"#0","tintindex":0},"west":{"uv":[10.90625,7.71875,13.28125,7.84375],"rotation":0,"texture":"#0","tintindex":0},"up":{"uv":[6.4375,13.40625,6.1875,11.03125],"rotation":0,"texture":"#0","tintindex":0},"down":{"uv":[6.6875,11.03125,6.4375,13.40625],"rotation":0,"texture":"#0","tintindex":0}}},{"from":[13.1852665,9.533686,-9.888369],"to":[25.585268,10.950829,-6.3455124],"rotation":{"angle":22.5,"axis":"z","origin":[-2.2040138,0.8382025,7.139198]},"faces":{"east":{"uv":[3.84375,7.84375,4.15625,7.96875],"rotation":0,"texture":"#0","tintindex":0},"south":{"uv":[11.46875,0.125,12.5625,0.25],"rotation":0,"texture":"#0","tintindex":0},"north":{"uv":[11.46875,0.0,12.5625,0.125],"rotation":0,"texture":"#0","tintindex":0},"west":{"uv":[7.90625,3.9375,8.21875,4.0625],"rotation":0,"texture":"#0","tintindex":0},"up":{"uv":[8.28125,11.34375,7.1875,11.03125],"rotation":0,"texture":"#0","tintindex":0},"down":{"uv":[9.375,11.03125,8.28125,11.34375],"rotation":0,"texture":"#0","tintindex":0}}},{"from":[-3.71379,0.7767153,-7.7615757],"to":[31.342785,7.5081444,-4.927289],"rotation":{"angle":-22.5,"axis":"x","origin":[-2.2040138,0.8382025,7.139198]},"faces":{"east":{"uv":[8.4375,5.84375,8.6875,6.4375],"rotation":0,"texture":"#0","tintindex":0},"south":{"uv":[9.28125,10.125,12.375,10.71875],"rotation":0,"texture":"#0","tintindex":0},"north":{"uv":[6.1875,10.125,9.28125,10.71875],"rotation":0,"texture":"#0","tintindex":0},"west":{"uv":[8.6875,5.84375,8.9375,6.4375],"rotation":0,"texture":"#0","tintindex":0},"up":{"uv":[13.125,3.84375,10.03125,3.59375],"rotation":0,"texture":"#0","tintindex":0},"down":{"uv":[13.53125,0.8125,10.4375,1.0625],"rotation":0,"texture":"#0","tintindex":0}}},{"from":[-3.71379,14.7610035,20.580204],"to":[8.686211,16.178146,24.12306],"rotation":{"angle":0.0,"axis":"y","origin":[-2.2040138,0.8382025,7.139198]},"faces":{"east":{"uv":[2.875,5.1875,2.5625,5.3125],"rotation":0,"texture":"#0","tintindex":0},"south":{"uv":[9.5,1.1875,8.40625,1.3125],"rotation":0,"texture":"#0","tintindex":0},"north":{"uv":[12.53125,9.1875,11.4375,9.3125],"rotation":0,"texture":"#0","tintindex":0},"west":{"uv":[2.03125,7.65625,1.71875,7.78125],"rotation":0,"texture":"#0","tintindex":0},"up":{"uv":[12.0625,4.46875,10.96875,4.78125],"rotation":0,"texture":"#0","tintindex":0},"down":{"uv":[12.0625,5.09375,10.96875,4.78125],"rotation":0,"texture":"#0","tintindex":0}}},{"from":[13.1852665,9.533686,20.580204],"to":[25.585268,10.950829,24.12306],"rotation":{"angle":22.5,"axis":"z","origin":[-2.2040138,0.8382025,7.139198]},"faces":{"east":{"uv":[4.15625,7.84375,3.84375,7.96875],"rotation":0,"texture":"#0","tintindex":0},"south":{"uv":[12.5625,0.0,11.46875,0.125],"rotation":0,"texture":"#0","tintindex":0},"north":{"uv":[12.5625,0.125,11.46875,0.25],"rotation":0,"texture":"#0","tintindex":0},"west":{"uv":[8.21875,3.9375,7.90625,4.0625],"rotation":0,"texture":"#0","tintindex":0},"up":{"uv":[8.28125,11.03125,7.1875,11.34375],"rotation":0,"texture":"#0","tintindex":0},"down":{"uv":[9.375,11.34375,8.28125,11.03125],"rotation":0,"texture":"#0","tintindex":0}}},{"from":[20.308573,1.329833,20.580204],"to":[31.326859,25.421263,23.41449],"rotation":{"angle":0.0,"axis":"y","origin":[-2.2040138,0.8382025,7.139198]},"faces":{"east":{"uv":[6.9375,11.03125,6.6875,13.15625],"rotation":0,"texture":"#0","tintindex":0},"south":{"uv":[4.40625,9.3125,3.4375,11.4375],"rotation":0,"texture":"#0","tintindex":0},"north":{"uv":[5.375,9.3125,4.40625,11.4375],"rotation":0,"texture":"#0","tintindex":0},"west":{"uv":[7.1875,11.03125,6.9375,13.15625],"rotation":0,"texture":"#0","tintindex":0},"up":{"uv":[10.15625,7.875,9.1875,8.125],"rotation":0,"texture":"#0","tintindex":0},"down":{"uv":[2.0,11.65625,1.03125,11.40625],"rotation":0,"texture":"#0","tintindex":0}}},{"from":[19.6,25.421263,20.580204],"to":[32.0,26.838404,24.12306],"rotation":{"angle":0.0,"axis":"y","origin":[-2.2040138,0.8382025,7.139198]},"faces":{"east":{"uv":[4.15625,7.96875,3.84375,8.09375],"rotation":0,"texture":"#0","tintindex":0},"south":{"uv":[12.5625,0.25,11.46875,0.375],"rotation":0,"texture":"#0","tintindex":0},"north":{"uv":[12.5625,0.375,11.46875,0.5],"rotation":0,"texture":"#0","tintindex":0},"west":{"uv":[8.53125,3.9375,8.21875,4.0625],"rotation":0,"texture":"#0","tintindex":0},"up":{"uv":[3.15625,11.25,2.0625,11.5625],"rotation":0,"texture":"#0","tintindex":0},"down":{"uv":[12.34375,11.03125,11.25,10.71875],"rotation":0,"texture":"#0","tintindex":0}}},{"from":[-3.71379,1.2981462,20.93449],"to":[20.37764,14.7610035,23.41449],"rotation":{"angle":0.0,"axis":"y","origin":[-2.2040138,0.8382025,7.139198]},"faces":{"east":{"uv":[8.65625,11.34375,8.4375,12.53125],"rotation":0,"texture":"#0","tintindex":0},"south":{"uv":[10.03125,2.75,7.90625,3.9375],"rotation":0,"texture":"#0","tintindex":0},"north":{"uv":[5.96875,8.125,3.84375,9.3125],"rotation":0,"texture":"#0","tintindex":0},"west":{"uv":[8.875,11.34375,8.65625,12.53125],"rotation":0,"texture":"#0","tintindex":0},"up":{"uv":[12.3125,9.90625,10.1875,10.125],"rotation":0,"texture":"#0","tintindex":0},"down":{"uv":[12.96875,3.40625,10.84375,3.1875],"rotation":0,"texture":"#0","tintindex":0}}},{"from":[11.059553,4.927971,20.93449],"to":[25.585268,9.533686,23.37906],"rotation":{"angle":22.5,"axis":"z","origin":[-2.2040138,0.8382025,7.139198]},"faces":{"east":{"uv":[2.34375,4.9375,2.125,5.34375],"rotation":0,"texture":"#0","tintindex":0},"south":{"uv":[12.125,2.375,10.84375,2.78125],"rotation":0,"texture":"#0","tintindex":0},"north":{"uv":[12.125,2.78125,10.84375,3.1875],"rotation":0,"texture":"#0","tintindex":0},"west":{"uv":[2.5625,4.9375,2.34375,5.34375],"rotation":0,"texture":"#0","tintindex":0},"up":{"uv":[4.625,11.4375,3.34375,11.65625],"rotation":0,"texture":"#0","tintindex":0},"down":{"uv":[12.71875,8.6875,11.4375,8.46875],"rotation":0,"texture":"#0","tintindex":0}}},{"from":[-3.71379,0.7599907,19.165308],"to":[31.342785,7.49142,21.999594],"rotation":{"angle":22.5,"axis":"x","origin":[-2.2040138,0.8382025,7.139198]},"faces":{"east":{"uv":[8.6875,5.84375,8.4375,6.4375],"rotation":0,"texture":"#0","tintindex":0},"south":{"uv":[9.28125,10.125,6.1875,10.71875],"rotation":0,"texture":"#0","tintindex":0},"north":{"uv":[12.375,10.125,9.28125,10.71875],"rotation":0,"texture":"#0","tintindex":0},"west":{"uv":[8.9375,5.84375,8.6875,6.4375],"rotation":0,"texture":"#0","tintindex":0},"up":{"uv":[13.125,3.59375,10.03125,3.84375],"rotation":0,"texture":"#0","tintindex":0},"down":{"uv":[13.53125,1.0625,10.4375,0.8125],"rotation":0,"texture":"#0","tintindex":0}}},{"from":[14.007212,-1.7776346,13.848775],"to":[27.115784,-1.7776346,21.288776],"rotation":{"angle":45.0,"axis":"z","origin":[-2.2040138,0.8382025,7.139198]},"faces":{"east":{"uv":[0.65625,0.0,0.0,0.0],"rotation":0,"texture":"#0","tintindex":0},"south":{"uv":[1.15625,0.0,0.0,0.0],"rotation":0,"texture":"#0","tintindex":0},"north":{"uv":[1.15625,0.0,0.0,0.0],"rotation":0,"texture":"#0","tintindex":0},"west":{"uv":[0.65625,0.0,0.0,0.0],"rotation":0,"texture":"#0","tintindex":0},"up":{"uv":[3.21875,10.59375,2.0625,11.25],"rotation":0,"texture":"#0","tintindex":0},"down":{"uv":[11.8125,5.78125,10.65625,5.125],"rotation":0,"texture":"#0","tintindex":0}}}],"display":{"head":{"translation":[39.060776,-0.44038248,0.0],"scale":[4.0,4.0,4.0]}}}