{"textures":{"0":"modelengine:entity/voras_parts"},"elements":[{"from":[6.285714,6.285714,2.2857141],"to":[9.714286,9.714286,8.0],"rotation":{"angle":0.0,"axis":"y","origin":[8.0,8.0,5.142857]},"faces":{"east":{"uv":[8.5,0.0,11.0,1.5],"rotation":0,"texture":"#0","tintindex":0},"south":{"uv":[11.0,0.0,12.5,1.5],"rotation":0,"texture":"#0","tintindex":0},"north":{"uv":[10.5,10.0,12.0,11.5],"rotation":0,"texture":"#0","tintindex":0},"west":{"uv":[8.0,8.5,10.5,10.0],"rotation":0,"texture":"#0","tintindex":0},"up":{"uv":[6.0,12.0,4.5,9.5],"rotation":0,"texture":"#0","tintindex":0},"down":{"uv":[7.5,9.5,6.0,12.0],"rotation":0,"texture":"#0","tintindex":0}}},{"from":[5.714286,9.738159,0.7043147],"to":[10.285714,9.738159,4.704315],"rotation":{"angle":22.5,"axis":"x","origin":[8.0,9.223873,4.704315]},"faces":{"east":{"uv":[0.0,0.0,1.75,0.0],"rotation":0,"texture":"#0","tintindex":0},"south":{"uv":[0.0,0.0,2.0,0.0],"rotation":0,"texture":"#0","tintindex":0},"north":{"uv":[0.0,0.0,2.0,0.0],"rotation":0,"texture":"#0","tintindex":0},"west":{"uv":[0.0,0.0,1.75,0.0],"rotation":0,"texture":"#0","tintindex":0},"up":{"uv":[4.5,11.75,2.5,10.0],"rotation":0,"texture":"#0","tintindex":0},"down":{"uv":[12.0,3.0,10.0,4.75],"rotation":0,"texture":"#0","tintindex":0}}},{"from":[6.857143,6.857143,-2.285715],"to":[9.142858,9.142858,2.2857141],"rotation":{"angle":0.0,"axis":"y","origin":[8.0,8.0,5.142857]},"faces":{"east":{"uv":[10.25,6.25,12.25,7.25],"rotation":0,"texture":"#0","tintindex":0},"south":{"uv":[7.0,12.0,8.0,13.0],"rotation":0,"texture":"#0","tintindex":0},"north":{"uv":[6.0,12.0,7.0,13.0],"rotation":0,"texture":"#0","tintindex":0},"west":{"uv":[0.0,11.5,2.0,12.5],"rotation":0,"texture":"#0","tintindex":0},"up":{"uv":[11.5,13.5,10.5,11.5],"rotation":0,"texture":"#0","tintindex":0},"down":{"uv":[12.5,11.5,11.5,13.5],"rotation":0,"texture":"#0","tintindex":0}}},{"from":[8.0,9.142858,-2.285715],"to":[8.0,10.857143,2.2857141],"rotation":{"angle":22.5,"axis":"z","origin":[8.571428,8.0,0.0]},"faces":{"east":{"uv":[2.0,11.75,4.0,12.5],"rotation":0,"texture":"#0","tintindex":0},"south":{"uv":[0.0,0.0,0.0,0.75],"rotation":0,"texture":"#0","tintindex":0},"north":{"uv":[0.0,0.0,0.0,0.75],"rotation":0,"texture":"#0","tintindex":0},"west":{"uv":[12.0,3.0,14.0,3.75],"rotation":0,"texture":"#0","tintindex":0},"up":{"uv":[0.0,2.0,0.0,0.0],"rotation":0,"texture":"#0","tintindex":0},"down":{"uv":[0.0,0.0,0.0,2.0],"rotation":0,"texture":"#0","tintindex":0}}}],"display":{"head":{"translation":[0.0,-6.4,0.0],"scale":[4.0,4.0,4.0]}}}