{"textures":{"0":"modelengine:entity/tiamat5"},"elements":[{"from":[7.142857,2.2387958,4.0899916],"to":[9.428572,6.238796,7.5185633],"rotation":{"angle":45.0,"axis":"x","origin":[8.285714,3.9465184,8.909753]},"faces":{"east":{"uv":[2.74375,10.19375,2.38125,10.61875],"rotation":0,"texture":"#0","tintindex":0},"south":{"uv":[5.61875,10.56875,5.38125,10.99375],"rotation":0,"texture":"#0","tintindex":0},"north":{"uv":[3.49375,10.56875,3.25625,10.99375],"rotation":0,"texture":"#0","tintindex":0},"west":{"uv":[10.55625,2.06875,10.19375,2.49375],"rotation":0,"texture":"#0","tintindex":0},"up":{"uv":[10.69375,2.80625,10.93125,2.44375],"rotation":0,"texture":"#0","tintindex":0},"down":{"uv":[3.94375,10.69375,4.18125,11.05625],"rotation":0,"texture":"#0","tintindex":0}}},{"from":[7.714286,1.0959387,4.66142],"to":[8.857143,3.3816533,10.375706],"rotation":{"angle":45.0,"axis":"x","origin":[8.285714,3.9465184,8.909753]},"faces":{"east":{"uv":[10.80625,6.63125,10.19375,6.86875],"rotation":0,"texture":"#0","tintindex":0},"south":{"uv":[9.86875,5.19375,9.75625,5.43125],"rotation":0,"texture":"#0","tintindex":0},"north":{"uv":[9.74375,5.19375,9.63125,5.43125],"rotation":0,"texture":"#0","tintindex":0},"west":{"uv":[10.80625,2.81875,10.19375,3.05625],"rotation":0,"texture":"#0","tintindex":0},"up":{"uv":[3.50625,11.18125,3.61875,10.56875],"rotation":0,"texture":"#0","tintindex":0},"down":{"uv":[9.56875,10.63125,9.68125,11.24375],"rotation":0,"texture":"#0","tintindex":0}}},{"from":[7.714286,1.1428566,8.0],"to":[8.857143,3.4285712,12.0],"rotation":{"angle":0.0,"axis":"y","origin":[8.285714,3.9465184,8.909753]},"faces":{"east":{"uv":[6.68125,10.56875,6.25625,10.80625],"rotation":0,"texture":"#0","tintindex":0},"south":{"uv":[7.80625,9.88125,7.69375,10.11875],"rotation":0,"texture":"#0","tintindex":0},"north":{"uv":[9.93125,3.06875,9.81875,3.30625],"rotation":0,"texture":"#0","tintindex":0},"west":{"uv":[10.99375,5.69375,10.56875,5.93125],"rotation":0,"texture":"#0","tintindex":0},"up":{"uv":[2.38125,10.18125,2.49375,9.75625],"rotation":0,"texture":"#0","tintindex":0},"down":{"uv":[5.88125,10.00625,5.99375,10.43125],"rotation":0,"texture":"#0","tintindex":0}}},{"from":[8.285714,1.1428566,10.285714],"to":[8.285714,5.714286,13.714286],"rotation":{"angle":0.0,"axis":"y","origin":[8.285714,3.9465184,8.909753]},"faces":{"east":{"uv":[4.99375,10.00625,4.63125,10.49375],"rotation":0,"texture":"#0","tintindex":0},"south":{"uv":[0.00625,0.00625,0.00625,0.49375],"rotation":0,"texture":"#0","tintindex":0},"north":{"uv":[0.00625,0.00625,0.00625,0.49375],"rotation":0,"texture":"#0","tintindex":0},"west":{"uv":[4.99375,10.00625,4.63125,10.49375],"rotation":0,"texture":"#0","tintindex":0},"up":{"uv":[0.00625,0.36875,0.00625,0.00625],"rotation":0,"texture":"#0","tintindex":0},"down":{"uv":[0.00625,0.00625,0.00625,0.36875],"rotation":0,"texture":"#0","tintindex":0}}}],"display":{"head":{"translation":[0.0,-6.4,0.0],"scale":[4.0,4.0,4.0]}}}