{"textures":{"3":"modelengine:entity/skog_pet_bonsai"},"elements":[{"from":[7.428571,7.228655,7.010573],"to":[8.571428,7.800083,8.15343],"rotation":{"angle":-22.5,"axis":"x","origin":[7.428571,7.228655,7.867716]},"faces":{"east":{"uv":[10.0,13.0,11.5,13.5],"rotation":0,"texture":"#3","tintindex":0},"south":{"uv":[3.0,10.0,4.0,10.5],"rotation":0,"texture":"#3","tintindex":0},"north":{"uv":[7.0,8.5,8.0,9.0],"rotation":0,"texture":"#3","tintindex":0},"west":{"uv":[13.0,7.5,14.5,8.0],"rotation":0,"texture":"#3","tintindex":0},"up":{"uv":[13.0,11.0,11.5,10.0],"rotation":270,"texture":"#3","tintindex":0},"down":{"uv":[13.5,0.0,12.0,1.0],"rotation":90,"texture":"#3","tintindex":0}}},{"from":[6.285714,8.0,6.857143],"to":[9.714286,11.428572,9.142858],"rotation":{"angle":22.5,"axis":"x","origin":[8.0,9.714286,8.0]},"faces":{"east":{"uv":[3.0,3.0,5.0,6.0],"rotation":0,"texture":"#3","tintindex":0},"south":{"uv":[0.0,3.0,3.0,6.0],"rotation":0,"texture":"#3","tintindex":0},"north":{"uv":[0.0,0.0,3.0,3.0],"rotation":0,"texture":"#3","tintindex":0},"west":{"uv":[3.0,0.0,5.0,3.0],"rotation":0,"texture":"#3","tintindex":0},"up":{"uv":[7.0,3.0,5.0,0.0],"rotation":270,"texture":"#3","tintindex":0},"down":{"uv":[7.0,3.0,5.0,6.0],"rotation":90,"texture":"#3","tintindex":0}}},{"from":[6.857143,7.428571,6.857143],"to":[9.142858,9.142858,8.571428],"rotation":{"angle":0.0,"axis":"y","origin":[8.0,9.714286,8.0]},"faces":{"east":{"uv":[10.0,9.5,11.5,11.0],"rotation":0,"texture":"#3","tintindex":0},"south":{"uv":[2.0,8.5,4.0,10.0],"rotation":0,"texture":"#3","tintindex":0},"north":{"uv":[0.0,8.5,2.0,10.0],"rotation":0,"texture":"#3","tintindex":0},"west":{"uv":[10.0,8.0,11.5,9.5],"rotation":0,"texture":"#3","tintindex":0},"up":{"uv":[5.5,10.5,4.0,8.5],"rotation":270,"texture":"#3","tintindex":0},"down":{"uv":[7.0,8.5,5.5,10.5],"rotation":90,"texture":"#3","tintindex":0}}}],"display":{"head":{"translation":[0.0,-6.4,0.0],"scale":[4.0,4.0,4.0]}}}