{"textures":{"3":"modelengine:entity/skog_pet_bonsai"},"elements":[{"from":[7.714286,5.714286,6.285714],"to":[8.857143,8.0,8.0],"rotation":{"angle":0.0,"axis":"y","origin":[4.8571424,10.285714,6.857143]},"faces":{"east":{"uv":[8.5,9.0,7.0,11.0],"rotation":0,"texture":"#3","tintindex":0},"south":{"uv":[8.0,11.0,7.0,13.0],"rotation":0,"texture":"#3","tintindex":0},"north":{"uv":[12.0,5.0,11.0,7.0],"rotation":0,"texture":"#3","tintindex":0},"west":{"uv":[10.0,9.0,8.5,11.0],"rotation":0,"texture":"#3","tintindex":0},"up":{"uv":[13.5,5.0,12.0,6.0],"rotation":270,"texture":"#3","tintindex":0},"down":{"uv":[13.5,7.0,12.0,6.0],"rotation":90,"texture":"#3","tintindex":0}}},{"from":[8.142858,4.8571424,6.142857],"to":[8.714286,6.0,6.714286],"rotation":{"angle":22.5,"axis":"x","origin":[8.285714,5.0,6.5714283]},"faces":{"east":{"uv":[10.0,8.0,9.5,9.0],"rotation":0,"texture":"#3","tintindex":0},"south":{"uv":[4.5,13.5,4.0,14.5],"rotation":0,"texture":"#3","tintindex":0},"north":{"uv":[14.0,0.5,13.5,1.5],"rotation":0,"texture":"#3","tintindex":0},"west":{"uv":[14.0,1.5,13.5,2.5],"rotation":0,"texture":"#3","tintindex":0},"up":{"uv":[7.0,12.5,6.5,13.0],"rotation":270,"texture":"#3","tintindex":0},"down":{"uv":[14.0,3.0,13.5,2.5],"rotation":90,"texture":"#3","tintindex":0}}},{"from":[8.142858,4.8571424,7.285714],"to":[8.714286,6.0,7.857143],"rotation":{"angle":0.0,"axis":"y","origin":[8.285714,5.0,6.5714283]},"faces":{"east":{"uv":[5.0,13.5,4.5,14.5],"rotation":0,"texture":"#3","tintindex":0},"south":{"uv":[6.0,13.5,5.5,14.5],"rotation":0,"texture":"#3","tintindex":0},"north":{"uv":[5.5,13.5,5.0,14.5],"rotation":0,"texture":"#3","tintindex":0},"west":{"uv":[14.0,5.0,13.5,6.0],"rotation":0,"texture":"#3","tintindex":0},"up":{"uv":[8.5,13.5,8.0,14.0],"rotation":270,"texture":"#3","tintindex":0},"down":{"uv":[10.5,14.0,10.0,13.5],"rotation":90,"texture":"#3","tintindex":0}}},{"from":[7.5714283,4.8571424,6.142857],"to":[8.142858,5.428571,6.714286],"rotation":{"angle":22.5,"axis":"x","origin":[8.285714,5.0,6.5714283]},"faces":{"east":{"uv":[11.0,13.5,10.5,14.0],"rotation":0,"texture":"#3","tintindex":0},"south":{"uv":[14.0,11.5,13.5,12.0],"rotation":0,"texture":"#3","tintindex":0},"north":{"uv":[11.5,13.5,11.0,14.0],"rotation":0,"texture":"#3","tintindex":0},"west":{"uv":[14.0,11.0,13.5,11.5],"rotation":0,"texture":"#3","tintindex":0},"up":{"uv":[14.0,12.0,13.5,12.5],"rotation":270,"texture":"#3","tintindex":0},"down":{"uv":[13.0,14.0,12.5,13.5],"rotation":90,"texture":"#3","tintindex":0}}},{"from":[7.142857,6.857143,6.285714],"to":[7.714286,8.0,8.0],"rotation":{"angle":0.0,"axis":"y","origin":[4.8571424,10.285714,6.857143]},"faces":{"east":{"uv":[9.5,12.0,8.0,13.0],"rotation":0,"texture":"#3","tintindex":0},"south":{"uv":[7.0,13.5,6.5,14.5],"rotation":0,"texture":"#3","tintindex":0},"north":{"uv":[14.0,6.0,13.5,7.0],"rotation":0,"texture":"#3","tintindex":0},"west":{"uv":[13.5,11.0,12.0,12.0],"rotation":0,"texture":"#3","tintindex":0},"up":{"uv":[14.5,10.0,13.0,10.5],"rotation":270,"texture":"#3","tintindex":0},"down":{"uv":[14.5,11.0,13.0,10.5],"rotation":90,"texture":"#3","tintindex":0}}},{"from":[7.5714283,4.8571424,7.285714],"to":[8.142858,5.428571,7.857143],"rotation":{"angle":0.0,"axis":"y","origin":[8.285714,5.0,6.5714283]},"faces":{"east":{"uv":[14.0,12.5,13.5,13.0],"rotation":0,"texture":"#3","tintindex":0},"south":{"uv":[14.0,13.5,13.5,14.0],"rotation":0,"texture":"#3","tintindex":0},"north":{"uv":[13.5,13.5,13.0,14.0],"rotation":0,"texture":"#3","tintindex":0},"west":{"uv":[14.0,13.0,13.5,13.5],"rotation":0,"texture":"#3","tintindex":0},"up":{"uv":[0.5,14.0,0.0,14.5],"rotation":270,"texture":"#3","tintindex":0},"down":{"uv":[1.0,14.5,0.5,14.0],"rotation":90,"texture":"#3","tintindex":0}}}],"display":{"head":{"translation":[0.0,-6.4,0.0],"scale":[4.0,4.0,4.0]}}}