{"textures":{"0":"modelengine:entity/stalfos"},"elements":[{"from":[5.714286,1.1428566,6.857143],"to":[10.285714,2.8571424,9.142858],"rotation":{"angle":0.0,"axis":"y","origin":[8.0,-5.714287,8.0]},"faces":{"east":{"uv":[6.0,1.0,7.0,1.75],"rotation":0,"texture":"#0","tintindex":0},"south":{"uv":[10.0,1.0,12.0,1.75],"rotation":0,"texture":"#0","tintindex":0},"north":{"uv":[7.0,1.0,9.0,1.75],"rotation":0,"texture":"#0","tintindex":0},"west":{"uv":[9.0,1.0,10.0,1.75],"rotation":0,"texture":"#0","tintindex":0},"up":{"uv":[9.0,1.0,7.0,0.0],"rotation":0,"texture":"#0","tintindex":0},"down":{"uv":[11.0,0.0,9.0,1.0],"rotation":0,"texture":"#0","tintindex":0}}},{"from":[5.5714283,0.0,6.714286],"to":[10.428572,2.8571424,6.714286],"rotation":{"angle":0.0,"axis":"y","origin":[8.0,-5.714287,7.857143]},"faces":{"east":{"uv":[12.0,4.75,12.0,6.0],"rotation":0,"texture":"#0","tintindex":0},"south":{"uv":[14.0,4.75,16.0,6.0],"rotation":0,"texture":"#0","tintindex":0},"north":{"uv":[12.0,4.75,14.0,6.0],"rotation":0,"texture":"#0","tintindex":0},"west":{"uv":[14.0,4.75,14.0,6.0],"rotation":0,"texture":"#0","tintindex":0},"up":{"uv":[14.0,4.75,12.0,4.75],"rotation":0,"texture":"#0","tintindex":0},"down":{"uv":[16.0,4.75,14.0,4.75],"rotation":0,"texture":"#0","tintindex":0}}},{"from":[5.5714283,0.0,9.285714],"to":[10.428572,2.8571424,9.285714],"rotation":{"angle":0.0,"axis":"y","origin":[8.0,-5.714287,10.428572]},"faces":{"east":{"uv":[12.0,4.75,12.0,6.0],"rotation":0,"texture":"#0","tintindex":0},"south":{"uv":[14.0,4.75,16.0,6.0],"rotation":0,"texture":"#0","tintindex":0},"north":{"uv":[12.0,4.75,14.0,6.0],"rotation":0,"texture":"#0","tintindex":0},"west":{"uv":[14.0,4.75,14.0,6.0],"rotation":0,"texture":"#0","tintindex":0},"up":{"uv":[14.0,4.75,12.0,4.75],"rotation":0,"texture":"#0","tintindex":0},"down":{"uv":[16.0,4.75,14.0,4.75],"rotation":0,"texture":"#0","tintindex":0}}},{"from":[5.5714283,0.0,6.714286],"to":[5.5714283,2.8571424,9.285714],"rotation":{"angle":0.0,"axis":"y","origin":[3.2857141,-5.714287,8.0]},"faces":{"east":{"uv":[14.0,8.5,15.0,9.75],"rotation":0,"texture":"#0","tintindex":0},"south":{"uv":[16.0,8.5,16.0,9.75],"rotation":0,"texture":"#0","tintindex":0},"north":{"uv":[15.0,8.5,15.0,9.75],"rotation":0,"texture":"#0","tintindex":0},"west":{"uv":[15.0,8.5,16.0,9.75],"rotation":0,"texture":"#0","tintindex":0},"up":{"uv":[15.0,8.5,15.0,7.5],"rotation":0,"texture":"#0","tintindex":0},"down":{"uv":[15.0,7.5,15.0,8.5],"rotation":0,"texture":"#0","tintindex":0}}},{"from":[10.428572,0.0,6.714286],"to":[10.428572,2.8571424,9.285714],"rotation":{"angle":0.0,"axis":"y","origin":[8.142858,-5.714287,8.0]},"faces":{"east":{"uv":[14.0,8.5,15.0,9.75],"rotation":0,"texture":"#0","tintindex":0},"south":{"uv":[16.0,8.5,16.0,9.75],"rotation":0,"texture":"#0","tintindex":0},"north":{"uv":[15.0,8.5,15.0,9.75],"rotation":0,"texture":"#0","tintindex":0},"west":{"uv":[15.0,8.5,16.0,9.75],"rotation":0,"texture":"#0","tintindex":0},"up":{"uv":[15.0,8.5,15.0,7.5],"rotation":0,"texture":"#0","tintindex":0},"down":{"uv":[15.0,7.5,15.0,8.5],"rotation":0,"texture":"#0","tintindex":0}}},{"from":[5.714286,1.1428566,6.857143],"to":[10.285714,8.0,9.142858],"rotation":{"angle":0.0,"axis":"y","origin":[8.0,-5.714287,8.0]},"faces":{"east":{"uv":[7.0,8.0,8.0,11.0],"rotation":0,"texture":"#0","tintindex":0},"south":{"uv":[11.0,8.0,13.0,11.0],"rotation":0,"texture":"#0","tintindex":0},"north":{"uv":[8.0,8.0,10.0,11.0],"rotation":0,"texture":"#0","tintindex":0},"west":{"uv":[10.0,8.0,11.0,11.0],"rotation":0,"texture":"#0","tintindex":0},"up":{"uv":[10.0,8.0,8.0,7.0],"rotation":0,"texture":"#0","tintindex":0},"down":{"uv":[12.0,7.0,10.0,8.0],"rotation":0,"texture":"#0","tintindex":0}}}],"display":{"head":{"translation":[0.0,-6.4,0.0],"scale":[4.0,4.0,4.0]}}}