{"textures":{"0":"modelengine:entity/stalfos"},"elements":[{"from":[7.428571,1.1428566,7.428571],"to":[8.571428,8.0,8.571428],"rotation":{"angle":0.0,"axis":"y","origin":[9.142858,1.1428566,8.0]},"faces":{"east":{"uv":[4.0,8.5,4.5,11.5],"rotation":0,"texture":"#0","tintindex":0},"south":{"uv":[5.5,8.5,6.0,11.5],"rotation":0,"texture":"#0","tintindex":0},"north":{"uv":[4.5,8.5,5.0,11.5],"rotation":0,"texture":"#0","tintindex":0},"west":{"uv":[5.0,8.5,5.5,11.5],"rotation":0,"texture":"#0","tintindex":0},"up":{"uv":[5.0,8.5,4.5,8.0],"rotation":0,"texture":"#0","tintindex":0},"down":{"uv":[5.5,8.0,5.0,8.5],"rotation":0,"texture":"#0","tintindex":0}}},{"from":[7.285714,1.1428566,7.285714],"to":[8.714286,3.4285712,8.714286],"rotation":{"angle":0.0,"axis":"y","origin":[9.142858,1.1428566,8.0]},"faces":{"east":{"uv":[0.0,13.0,0.5,14.0],"rotation":0,"texture":"#0","tintindex":0},"south":{"uv":[1.5,13.0,2.0,14.0],"rotation":0,"texture":"#0","tintindex":0},"north":{"uv":[0.5,13.0,1.0,14.0],"rotation":0,"texture":"#0","tintindex":0},"west":{"uv":[1.0,13.0,1.5,14.0],"rotation":0,"texture":"#0","tintindex":0},"up":{"uv":[1.0,13.0,0.5,12.5],"rotation":0,"texture":"#0","tintindex":0},"down":{"uv":[1.5,12.5,1.0,13.0],"rotation":0,"texture":"#0","tintindex":0}}}],"display":{"head":{"translation":[0.0,-6.4,0.0],"scale":[4.0,4.0,4.0]}}}