{"textures":{"0":"modelengine:entity/stalfos"},"elements":[{"from":[7.428571,2.2857141,7.428571],"to":[8.571428,9.142858,8.571428],"rotation":{"angle":0.0,"axis":"y","origin":[10.857143,-4.5714293,8.0]},"faces":{"east":{"uv":[4.0,8.5,4.5,11.5],"rotation":0,"texture":"#0","tintindex":0},"south":{"uv":[5.5,8.5,6.0,11.5],"rotation":0,"texture":"#0","tintindex":0},"north":{"uv":[4.5,8.5,5.0,11.5],"rotation":0,"texture":"#0","tintindex":0},"west":{"uv":[5.0,8.5,5.5,11.5],"rotation":0,"texture":"#0","tintindex":0},"up":{"uv":[5.0,8.5,4.5,8.0],"rotation":0,"texture":"#0","tintindex":0},"down":{"uv":[5.5,8.0,5.0,8.5],"rotation":0,"texture":"#0","tintindex":0}}},{"from":[6.857143,7.428571,7.142857],"to":[8.571428,9.714286,8.714286],"rotation":{"angle":0.0,"axis":"y","origin":[10.857143,-2.285715,8.0]},"faces":{"east":{"uv":[11.25,11.5,11.75,12.5],"rotation":0,"texture":"#0","tintindex":0},"south":{"uv":[13.0,11.5,13.75,12.5],"rotation":0,"texture":"#0","tintindex":0},"north":{"uv":[11.75,11.5,12.5,12.5],"rotation":0,"texture":"#0","tintindex":0},"west":{"uv":[12.5,11.5,13.0,12.5],"rotation":0,"texture":"#0","tintindex":0},"up":{"uv":[12.5,11.5,11.75,11.0],"rotation":0,"texture":"#0","tintindex":0},"down":{"uv":[13.25,11.0,12.5,11.5],"rotation":0,"texture":"#0","tintindex":0}}}],"display":{"head":{"translation":[0.0,-6.4,0.0],"scale":[4.0,4.0,4.0]}}}