{"textures":{"0":"modelengine:entity/stalfos"},"elements":[{"from":[7.428571,2.2857141,7.428571],"to":[8.571428,9.142858,8.571428],"rotation":{"angle":0.0,"axis":"y","origin":[5.142857,-4.5714293,8.0]},"faces":{"east":{"uv":[8.0,2.25,8.5,5.25],"rotation":0,"texture":"#0","tintindex":0},"south":{"uv":[9.5,2.25,10.0,5.25],"rotation":0,"texture":"#0","tintindex":0},"north":{"uv":[8.5,2.25,9.0,5.25],"rotation":0,"texture":"#0","tintindex":0},"west":{"uv":[9.0,2.25,9.5,5.25],"rotation":0,"texture":"#0","tintindex":0},"up":{"uv":[9.0,2.25,8.5,1.75],"rotation":0,"texture":"#0","tintindex":0},"down":{"uv":[9.5,1.75,9.0,2.25],"rotation":0,"texture":"#0","tintindex":0}}},{"from":[7.428571,7.428571,7.142857],"to":[9.142858,9.714286,8.714286],"rotation":{"angle":0.0,"axis":"y","origin":[5.142857,-2.285715,8.0]},"faces":{"east":{"uv":[9.0,11.5,8.5,12.5],"rotation":0,"texture":"#0","tintindex":0},"south":{"uv":[9.75,11.5,9.0,12.5],"rotation":0,"texture":"#0","tintindex":0},"north":{"uv":[8.5,11.5,7.75,12.5],"rotation":0,"texture":"#0","tintindex":0},"west":{"uv":[7.75,11.5,7.25,12.5],"rotation":0,"texture":"#0","tintindex":0},"up":{"uv":[7.75,11.5,8.5,11.0],"rotation":0,"texture":"#0","tintindex":0},"down":{"uv":[8.5,11.0,9.25,11.5],"rotation":0,"texture":"#0","tintindex":0}}}],"display":{"head":{"translation":[0.0,-6.4,0.0],"scale":[4.0,4.0,4.0]}}}