{"textures":{"0":"modelengine:entity/stalfos"},"elements":[{"from":[7.428571,1.1428566,7.428571],"to":[8.571428,8.0,8.571428],"rotation":{"angle":0.0,"axis":"y","origin":[6.857143,1.1428566,8.0]},"faces":{"east":{"uv":[8.0,2.25,8.5,5.25],"rotation":0,"texture":"#0","tintindex":0},"south":{"uv":[9.5,2.25,10.0,5.25],"rotation":0,"texture":"#0","tintindex":0},"north":{"uv":[8.5,2.25,9.0,5.25],"rotation":0,"texture":"#0","tintindex":0},"west":{"uv":[9.0,2.25,9.5,5.25],"rotation":0,"texture":"#0","tintindex":0},"up":{"uv":[9.0,2.25,8.5,1.75],"rotation":0,"texture":"#0","tintindex":0},"down":{"uv":[9.5,1.75,9.0,2.25],"rotation":0,"texture":"#0","tintindex":0}}},{"from":[7.285714,1.1428566,7.285714],"to":[8.714286,3.4285712,8.714286],"rotation":{"angle":0.0,"axis":"y","origin":[9.142858,1.1428566,8.0]},"faces":{"east":{"uv":[0.0,13.0,0.5,14.0],"rotation":0,"texture":"#0","tintindex":0},"south":{"uv":[1.5,13.0,2.0,14.0],"rotation":0,"texture":"#0","tintindex":0},"north":{"uv":[0.5,13.0,1.0,14.0],"rotation":0,"texture":"#0","tintindex":0},"west":{"uv":[1.0,13.0,1.5,14.0],"rotation":0,"texture":"#0","tintindex":0},"up":{"uv":[1.0,13.0,0.5,12.5],"rotation":0,"texture":"#0","tintindex":0},"down":{"uv":[1.5,12.5,1.0,13.0],"rotation":0,"texture":"#0","tintindex":0}}}],"display":{"head":{"translation":[0.0,-6.4,0.0],"scale":[4.0,4.0,4.0]}}}