{"textures":{"0":"modelengine:entity/stalfos"},"elements":[{"from":[-2.8571434,12.0,8.0],"to":[1.1428566,17.142857,8.571428],"rotation":{"angle":0.0,"axis":"y","origin":[0.5714283,16.0,8.0]},"faces":{"east":{"uv":[7.5,13.75,7.75,16.0],"rotation":0,"texture":"#0","tintindex":0},"south":{"uv":[9.75,13.75,11.5,16.0],"rotation":0,"texture":"#0","tintindex":0},"north":{"uv":[7.75,13.75,9.5,16.0],"rotation":0,"texture":"#0","tintindex":0},"west":{"uv":[9.5,13.75,9.75,16.0],"rotation":0,"texture":"#0","tintindex":0},"up":{"uv":[9.5,13.75,7.75,13.5],"rotation":0,"texture":"#0","tintindex":0},"down":{"uv":[11.25,13.5,9.5,13.75],"rotation":0,"texture":"#0","tintindex":0}}},{"from":[-2.8571434,12.571428,7.428571],"to":[1.1428566,16.57143,8.0],"rotation":{"angle":0.0,"axis":"y","origin":[0.5714283,16.0,8.0]},"faces":{"east":{"uv":[11.75,14.25,12.0,16.0],"rotation":0,"texture":"#0","tintindex":0},"south":{"uv":[14.0,14.25,15.75,16.0],"rotation":0,"texture":"#0","tintindex":0},"north":{"uv":[12.0,14.25,13.75,16.0],"rotation":0,"texture":"#0","tintindex":0},"west":{"uv":[13.75,14.25,14.0,16.0],"rotation":0,"texture":"#0","tintindex":0},"up":{"uv":[13.75,14.25,12.0,14.0],"rotation":0,"texture":"#0","tintindex":0},"down":{"uv":[15.5,14.0,13.75,14.25],"rotation":0,"texture":"#0","tintindex":0}}},{"from":[-3.4285717,12.571428,8.0],"to":[1.7142854,16.57143,8.571428],"rotation":{"angle":0.0,"axis":"y","origin":[0.5714283,16.57143,8.0]},"faces":{"east":{"uv":[6.5,14.25,6.75,16.0],"rotation":0,"texture":"#0","tintindex":0},"south":{"uv":[9.25,14.25,11.5,16.0],"rotation":0,"texture":"#0","tintindex":0},"north":{"uv":[6.75,14.25,9.0,16.0],"rotation":0,"texture":"#0","tintindex":0},"west":{"uv":[9.0,14.25,9.25,16.0],"rotation":0,"texture":"#0","tintindex":0},"up":{"uv":[9.0,14.25,6.75,14.0],"rotation":0,"texture":"#0","tintindex":0},"down":{"uv":[11.25,14.0,9.0,14.25],"rotation":0,"texture":"#0","tintindex":0}}}],"display":{"head":{"translation":[0.0,-6.4,0.0],"scale":[4.0,4.0,4.0]}}}