{"textures":{"0":"modelengine:entity/stalfos"},"elements":[{"from":[16.57143,13.142858,8.0],"to":[17.142857,15.428572,8.571428],"rotation":{"angle":0.0,"axis":"y","origin":[16.57143,13.142858,8.0]},"faces":{"east":{"uv":[4.25,14.75,4.5,15.75],"rotation":0,"texture":"#0","tintindex":0},"south":{"uv":[5.0,14.75,5.25,15.75],"rotation":0,"texture":"#0","tintindex":0},"north":{"uv":[4.5,14.75,4.75,15.75],"rotation":0,"texture":"#0","tintindex":0},"west":{"uv":[4.75,14.75,5.0,15.75],"rotation":0,"texture":"#0","tintindex":0},"up":{"uv":[4.75,14.75,4.5,14.5],"rotation":0,"texture":"#0","tintindex":0},"down":{"uv":[5.0,14.5,4.75,14.75],"rotation":0,"texture":"#0","tintindex":0}}},{"from":[15.428572,15.428572,8.0],"to":[18.285715,16.0,8.571428],"rotation":{"angle":0.0,"axis":"y","origin":[16.57143,15.428572,8.0]},"faces":{"east":{"uv":[0.0,15.75,0.25,16.0],"rotation":0,"texture":"#0","tintindex":0},"south":{"uv":[1.75,15.75,3.0,16.0],"rotation":0,"texture":"#0","tintindex":0},"north":{"uv":[0.25,15.75,1.5,16.0],"rotation":0,"texture":"#0","tintindex":0},"west":{"uv":[1.5,15.75,1.75,16.0],"rotation":0,"texture":"#0","tintindex":0},"up":{"uv":[1.5,15.75,0.25,15.5],"rotation":0,"texture":"#0","tintindex":0},"down":{"uv":[2.75,15.5,1.5,15.75],"rotation":0,"texture":"#0","tintindex":0}}},{"from":[15.714286,15.285715,7.857143],"to":[18.0,16.142857,8.714286],"rotation":{"angle":0.0,"axis":"y","origin":[16.57143,15.428572,8.0]},"faces":{"east":{"uv":[0.0,15.75,0.25,16.0],"rotation":0,"texture":"#0","tintindex":0},"south":{"uv":[1.5,15.75,2.5,16.0],"rotation":0,"texture":"#0","tintindex":0},"north":{"uv":[0.25,15.75,1.25,16.0],"rotation":0,"texture":"#0","tintindex":0},"west":{"uv":[1.25,15.75,1.5,16.0],"rotation":0,"texture":"#0","tintindex":0},"up":{"uv":[1.25,15.75,0.25,15.5],"rotation":0,"texture":"#0","tintindex":0},"down":{"uv":[2.25,15.5,1.25,15.75],"rotation":0,"texture":"#0","tintindex":0}}},{"from":[16.285715,16.0,8.0],"to":[17.428572,22.285715,8.571428],"rotation":{"angle":0.0,"axis":"y","origin":[16.57143,16.0,8.0]},"faces":{"east":{"uv":[14.5,2.0,14.75,4.75],"rotation":0,"texture":"#0","tintindex":0},"south":{"uv":[15.5,2.0,16.0,4.75],"rotation":0,"texture":"#0","tintindex":0},"north":{"uv":[14.75,2.0,15.25,4.75],"rotation":0,"texture":"#0","tintindex":0},"west":{"uv":[15.25,2.0,15.5,4.75],"rotation":0,"texture":"#0","tintindex":0},"up":{"uv":[15.25,2.0,14.75,1.75],"rotation":0,"texture":"#0","tintindex":0},"down":{"uv":[15.75,1.75,15.25,2.0],"rotation":0,"texture":"#0","tintindex":0}}},{"from":[16.428572,21.857143,8.0],"to":[17.285715,22.714287,8.571428],"rotation":{"angle":45.0,"axis":"z","origin":[16.857143,22.285715,8.285714]},"faces":{"east":{"uv":[15.0,3.5,15.25,3.75],"rotation":0,"texture":"#0","tintindex":0},"south":{"uv":[15.75,3.5,16.0,3.75],"rotation":0,"texture":"#0","tintindex":0},"north":{"uv":[15.25,3.5,15.5,3.75],"rotation":0,"texture":"#0","tintindex":0},"west":{"uv":[15.5,3.5,15.75,3.75],"rotation":0,"texture":"#0","tintindex":0},"up":{"uv":[15.5,3.5,15.25,3.25],"rotation":0,"texture":"#0","tintindex":0},"down":{"uv":[15.75,3.25,15.5,3.5],"rotation":0,"texture":"#0","tintindex":0}}}],"display":{"head":{"translation":[0.0,-6.4,0.0],"scale":[4.0,4.0,4.0]}}}