{"textures":{"0":"modelengine:entity/sponge"},"elements":[{"from":[5.714286,6.285714,8.0],"to":[6.857143,8.0,9.142858],"rotation":{"angle":0.0,"axis":"y","origin":[7.428571,6.285714,9.714286]},"faces":{"east":{"uv":[4.0,13.0,6.0,16.0],"rotation":0,"texture":"#0","tintindex":0},"south":{"uv":[6.0,13.0,8.0,16.0],"rotation":0,"texture":"#0","tintindex":0},"north":{"uv":[10.0,13.0,12.0,16.0],"rotation":0,"texture":"#0","tintindex":0},"west":{"uv":[8.0,13.0,10.0,16.0],"rotation":0,"texture":"#0","tintindex":0},"up":{"uv":[4.0,16.0,2.0,14.0],"rotation":0,"texture":"#0","tintindex":0},"down":{"uv":[2.0,14.0,0.0,16.0],"rotation":0,"texture":"#0","tintindex":0}}},{"from":[7.428571,6.285714,8.0],"to":[8.571428,8.0,9.142858],"rotation":{"angle":0.0,"axis":"y","origin":[6.857143,6.285714,9.714286]},"faces":{"east":{"uv":[12.0,6.0,14.0,9.0],"rotation":0,"texture":"#0","tintindex":0},"south":{"uv":[14.0,2.5,16.0,5.5],"rotation":0,"texture":"#0","tintindex":0},"north":{"uv":[12.0,0.0,14.0,3.0],"rotation":0,"texture":"#0","tintindex":0},"west":{"uv":[12.0,3.0,14.0,6.0],"rotation":0,"texture":"#0","tintindex":0},"up":{"uv":[16.0,8.0,14.0,5.5],"rotation":0,"texture":"#0","tintindex":0},"down":{"uv":[16.0,0.0,14.0,2.5],"rotation":0,"texture":"#0","tintindex":0}}}],"display":{"head":{"translation":[0.0,-6.4,0.0],"scale":[4.0,4.0,4.0]}}}