{"textures":{"0":"modelengine:entity/sponge","1":"modelengine:entity/creep_face_sponge"},"elements":[{"from":[6.857143,8.571428,6.857143],"to":[9.142858,10.857143,9.142858],"rotation":{"angle":0.0,"axis":"y","origin":[8.0,8.0,7.428571]},"faces":{"east":{"uv":[5.0,0.0,9.0,4.0],"rotation":0,"texture":"#0","tintindex":0},"south":{"uv":[5.0,8.0,9.0,12.0],"rotation":0,"texture":"#0","tintindex":0},"north":{"uv":[5.0,4.0,9.0,8.0],"rotation":0,"texture":"#0","tintindex":0},"west":{"uv":[9.0,0.0,13.0,4.0],"rotation":0,"texture":"#0","tintindex":0},"up":{"uv":[13.0,8.0,9.0,4.0],"rotation":0,"texture":"#0","tintindex":0},"down":{"uv":[13.0,8.0,9.0,12.0],"rotation":0,"texture":"#0","tintindex":0}}},{"from":[6.285714,8.0,6.285714],"to":[9.714286,11.428572,9.714286],"rotation":{"angle":0.0,"axis":"y","origin":[8.0,8.0,7.428571]},"faces":{"east":{"uv":[0.0,5.0,5.0,10.0],"rotation":0,"texture":"#0","tintindex":0},"south":{"uv":[5.0,0.0,10.0,5.0],"rotation":0,"texture":"#0","tintindex":0},"north":{"uv":[0.0,0.0,5.0,5.0],"rotation":0,"texture":"#0","tintindex":0},"west":{"uv":[5.0,5.0,10.0,10.0],"rotation":0,"texture":"#0","tintindex":0},"up":{"uv":[5.0,15.0,0.0,10.0],"rotation":0,"texture":"#0","tintindex":0},"down":{"uv":[15.0,0.0,10.0,5.0],"rotation":0,"texture":"#0","tintindex":0}}},{"from":[6.285714,8.0,6.285714],"to":[9.714286,11.428572,6.285714],"rotation":{"angle":0.0,"axis":"y","origin":[8.0,8.0,7.428571]},"faces":{"east":{"uv":[0.0,0.0,0.0,3.0],"rotation":0,"texture":"#1","tintindex":0},"south":{"uv":[0.0,0.0,3.0,3.0],"rotation":0,"texture":"#1","tintindex":0},"north":{"uv":[5.5,5.5,10.5,10.5],"rotation":0,"texture":"#1","tintindex":0},"west":{"uv":[0.0,0.0,0.0,3.0],"rotation":0,"texture":"#1","tintindex":0},"up":{"uv":[0.0,0.0,3.0,0.0],"rotation":0,"texture":"#1","tintindex":0},"down":{"uv":[0.0,0.0,3.0,0.0],"rotation":0,"texture":"#1","tintindex":0}}}],"display":{"head":{"translation":[0.0,-6.4,0.0],"scale":[4.0,4.0,4.0]}}}