{"textures":{"0":"modelengine:entity/sponge"},"elements":[{"from":[6.857143,6.693877,7.265306],"to":[9.142858,8.408163,8.408163],"rotation":{"angle":0.0,"axis":"y","origin":[8.0,4.979592,7.265306]},"faces":{"east":{"uv":[13.0,4.0,15.0,7.0],"rotation":0,"texture":"#0","tintindex":0},"south":{"uv":[11.0,1.0,15.0,4.0],"rotation":0,"texture":"#0","tintindex":0},"north":{"uv":[7.0,4.0,11.0,7.0],"rotation":0,"texture":"#0","tintindex":0},"west":{"uv":[11.0,4.0,13.0,7.0],"rotation":0,"texture":"#0","tintindex":0},"up":{"uv":[11.0,4.0,7.0,1.0],"rotation":0,"texture":"#0","tintindex":0},"down":{"uv":[11.0,7.0,7.0,10.0],"rotation":0,"texture":"#0","tintindex":0}}},{"from":[6.5714283,6.122449,6.693877],"to":[9.428572,8.979592,8.979592],"rotation":{"angle":0.0,"axis":"y","origin":[8.285714,4.979592,7.265306]},"faces":{"east":{"uv":[0.0,3.0,4.0,8.0],"rotation":0,"texture":"#0","tintindex":0},"south":{"uv":[4.0,3.0,8.5,8.0],"rotation":0,"texture":"#0","tintindex":0},"north":{"uv":[8.5,3.0,13.0,8.0],"rotation":0,"texture":"#0","tintindex":0},"west":{"uv":[0.0,8.0,4.0,13.0],"rotation":0,"texture":"#0","tintindex":0},"up":{"uv":[13.0,12.5,8.5,8.0],"rotation":0,"texture":"#0","tintindex":0},"down":{"uv":[8.5,8.0,4.0,12.5],"rotation":0,"texture":"#0","tintindex":0}}}],"display":{"head":{"translation":[0.0,-6.4,0.0],"scale":[4.0,4.0,4.0]}}}