{"textures":{"0":"modelengine:entity/winterwing"},"elements":[{"from":[3.4285712,8.071428,4.8571424],"to":[8.0,8.071428,11.714286],"rotation":{"angle":-22.5,"axis":"z","origin":[8.0,8.0,8.0]},"faces":{"east":{"uv":[0.0,0.0,3.5,0.0],"rotation":0,"texture":"#0","tintindex":0},"south":{"uv":[0.0,0.0,4.0,0.0],"rotation":0,"texture":"#0","tintindex":0},"north":{"uv":[0.0,0.0,4.0,0.0],"rotation":0,"texture":"#0","tintindex":0},"west":{"uv":[0.0,0.0,3.5,0.0],"rotation":0,"texture":"#0","tintindex":0},"up":{"uv":[1.0,3.0,7.0,15.0],"rotation":0,"texture":"#0","tintindex":0},"down":{"uv":[15.0,15.0,9.0,3.0],"rotation":0,"texture":"#0","tintindex":0}}}],"display":{"head":{"translation":[0.0,-6.4,0.0],"scale":[4.0,4.0,4.0]}}}