{"textures":{"0":"modelengine:entity/voras_leg"},"elements":[{"from":[7.5219917,13.934673,8.0],"to":[10.379135,15.077531,10.285714],"rotation":{"angle":0.0,"axis":"y","origin":[26.379135,13.934673,-0.57142925]},"faces":{"east":{"uv":[5.75,5.0,6.75,5.5],"rotation":0,"texture":"#0","tintindex":0},"south":{"uv":[1.75,8.25,3.0,8.75],"rotation":0,"texture":"#0","tintindex":0},"north":{"uv":[0.0,8.25,1.25,8.75],"rotation":0,"texture":"#0","tintindex":0},"west":{"uv":[8.5,8.0,9.5,8.5],"rotation":0,"texture":"#0","tintindex":0},"up":{"uv":[8.25,2.5,7.0,1.5],"rotation":0,"texture":"#0","tintindex":0},"down":{"uv":[8.25,2.5,7.0,3.5],"rotation":0,"texture":"#0","tintindex":0}}},{"from":[7.5219917,15.077531,9.142858],"to":[10.379135,17.363247,9.142858],"rotation":{"angle":0.0,"axis":"y","origin":[26.379135,13.934673,-0.57142925]},"faces":{"east":{"uv":[0.0,0.0,0.0,1.0],"rotation":0,"texture":"#0","tintindex":0},"south":{"uv":[8.75,5.0,7.5,6.0],"rotation":0,"texture":"#0","tintindex":0},"north":{"uv":[7.5,5.0,8.75,6.0],"rotation":0,"texture":"#0","tintindex":0},"west":{"uv":[0.0,0.0,0.0,1.0],"rotation":0,"texture":"#0","tintindex":0},"up":{"uv":[1.25,0.0,0.0,0.0],"rotation":0,"texture":"#0","tintindex":0},"down":{"uv":[1.25,0.0,0.0,0.0],"rotation":0,"texture":"#0","tintindex":0}}},{"from":[8.09342,15.077531,8.571428],"to":[9.236278,16.220388,9.714286],"rotation":{"angle":0.0,"axis":"y","origin":[26.379135,13.934673,-0.57142925]},"faces":{"east":{"uv":[0.0,8.75,0.5,9.25],"rotation":0,"texture":"#0","tintindex":0},"south":{"uv":[8.75,0.0,9.25,0.5],"rotation":0,"texture":"#0","tintindex":0},"north":{"uv":[2.0,6.0,2.5,6.5],"rotation":0,"texture":"#0","tintindex":0},"west":{"uv":[0.5,8.75,1.0,9.25],"rotation":0,"texture":"#0","tintindex":0},"up":{"uv":[9.25,1.0,8.75,0.5],"rotation":0,"texture":"#0","tintindex":0},"down":{"uv":[2.25,8.75,1.75,9.25],"rotation":0,"texture":"#0","tintindex":0}}},{"from":[7.5219917,8.791816,8.0],"to":[9.807706,13.934673,10.285714],"rotation":{"angle":0.0,"axis":"y","origin":[26.379135,13.934673,-0.57142925]},"faces":{"east":{"uv":[2.5,4.5,3.5,6.75],"rotation":0,"texture":"#0","tintindex":0},"south":{"uv":[4.75,3.5,5.75,5.75],"rotation":0,"texture":"#0","tintindex":0},"north":{"uv":[3.75,3.5,4.75,5.75],"rotation":0,"texture":"#0","tintindex":0},"west":{"uv":[0.0,5.0,1.0,7.25],"rotation":0,"texture":"#0","tintindex":0},"up":{"uv":[7.5,8.5,6.5,7.5],"rotation":0,"texture":"#0","tintindex":0},"down":{"uv":[8.5,7.0,7.5,8.0],"rotation":0,"texture":"#0","tintindex":0}}},{"from":[9.807706,8.791816,9.142858],"to":[10.950563,15.077531,9.142858],"rotation":{"angle":0.0,"axis":"y","origin":[26.379135,13.934673,-0.57142925]},"faces":{"east":{"uv":[0.0,0.0,0.0,2.75],"rotation":0,"texture":"#0","tintindex":0},"south":{"uv":[6.0,6.75,6.5,9.5],"rotation":0,"texture":"#0","tintindex":0},"north":{"uv":[5.5,6.75,6.0,9.5],"rotation":0,"texture":"#0","tintindex":0},"west":{"uv":[0.0,0.0,0.0,2.75],"rotation":0,"texture":"#0","tintindex":0},"up":{"uv":[0.5,0.0,0.0,0.0],"rotation":0,"texture":"#0","tintindex":0},"down":{"uv":[0.5,0.0,0.0,0.0],"rotation":0,"texture":"#0","tintindex":0}}},{"from":[6.3791347,8.220387,9.142858],"to":[7.5219917,13.934673,9.142858],"rotation":{"angle":22.5,"axis":"y","origin":[8.664849,11.077531,9.142858]},"faces":{"east":{"uv":[0.0,0.0,0.0,2.5],"rotation":0,"texture":"#0","tintindex":0},"south":{"uv":[3.25,7.5,3.75,10.0],"rotation":0,"texture":"#0","tintindex":0},"north":{"uv":[1.25,7.25,1.75,9.75],"rotation":0,"texture":"#0","tintindex":0},"west":{"uv":[0.0,0.0,0.0,2.5],"rotation":0,"texture":"#0","tintindex":0},"up":{"uv":[0.5,0.0,0.0,0.0],"rotation":0,"texture":"#0","tintindex":0},"down":{"uv":[0.5,0.0,0.0,0.0],"rotation":0,"texture":"#0","tintindex":0}}},{"from":[6.9505634,4.7918158,7.428571],"to":[9.807706,8.791816,10.857143],"rotation":{"angle":0.0,"axis":"y","origin":[26.379135,13.934673,-0.57142925]},"faces":{"east":{"uv":[3.75,0.0,5.25,1.75],"rotation":0,"texture":"#0","tintindex":0},"south":{"uv":[3.5,5.75,4.75,7.5],"rotation":0,"texture":"#0","tintindex":0},"north":{"uv":[5.75,2.25,7.0,4.0],"rotation":0,"texture":"#0","tintindex":0},"west":{"uv":[3.75,1.75,5.25,3.5],"rotation":0,"texture":"#0","tintindex":0},"up":{"uv":[7.5,1.5,6.25,0.0],"rotation":0,"texture":"#0","tintindex":0},"down":{"uv":[3.25,6.75,2.0,8.25],"rotation":0,"texture":"#0","tintindex":0}}}],"display":{"head":{"translation":[0.0,-6.4,0.0],"scale":[4.0,4.0,4.0]}}}