{"textures":{"0":"modelengine:entity/voras_leg"},"elements":[{"from":[10.956079,-2.1209145,8.571428],"to":[16.670364,3.5933719,8.571428],"rotation":{"angle":0.0,"axis":"y","origin":[13.241793,-1.5494862,8.0]},"faces":{"east":{"uv":[0.0,0.0,0.0,2.5],"rotation":0,"texture":"#0","tintindex":0},"south":{"uv":[0.0,2.5,2.5,5.0],"rotation":0,"texture":"#0","tintindex":0},"north":{"uv":[0.0,0.0,2.5,2.5],"rotation":0,"texture":"#0","tintindex":0},"west":{"uv":[0.0,0.0,0.0,2.5],"rotation":0,"texture":"#0","tintindex":0},"up":{"uv":[2.5,0.0,0.0,0.0],"rotation":0,"texture":"#0","tintindex":0},"down":{"uv":[2.5,0.0,0.0,0.0],"rotation":0,"texture":"#0","tintindex":0}}},{"from":[10.956079,-2.1209145,8.0],"to":[12.670364,3.5933719,9.142858],"rotation":{"angle":0.0,"axis":"y","origin":[13.241793,-1.5494862,8.0]},"faces":{"east":{"uv":[3.75,7.5,4.25,10.0],"rotation":0,"texture":"#0","tintindex":0},"south":{"uv":[6.75,5.0,7.5,7.5],"rotation":0,"texture":"#0","tintindex":0},"north":{"uv":[4.75,6.75,5.5,9.25],"rotation":0,"texture":"#0","tintindex":0},"west":{"uv":[4.25,7.5,4.75,10.0],"rotation":0,"texture":"#0","tintindex":0},"up":{"uv":[7.0,2.0,6.25,1.5],"rotation":0,"texture":"#0","tintindex":0},"down":{"uv":[9.25,8.5,8.5,9.0],"rotation":0,"texture":"#0","tintindex":0}}},{"from":[12.670364,-2.1209145,8.0],"to":[16.670364,-0.9780569,9.142858],"rotation":{"angle":0.0,"axis":"y","origin":[13.241793,-1.5494862,8.0]},"faces":{"east":{"uv":[2.25,8.75,2.75,9.25],"rotation":0,"texture":"#0","tintindex":0},"south":{"uv":[8.25,3.0,10.0,3.5],"rotation":0,"texture":"#0","tintindex":0},"north":{"uv":[8.25,2.5,10.0,3.0],"rotation":0,"texture":"#0","tintindex":0},"west":{"uv":[8.75,4.0,9.25,4.5],"rotation":0,"texture":"#0","tintindex":0},"up":{"uv":[10.25,7.5,8.5,7.0],"rotation":0,"texture":"#0","tintindex":0},"down":{"uv":[10.25,7.5,8.5,8.0],"rotation":0,"texture":"#0","tintindex":0}}},{"from":[11.083582,1.9642811,7.428571],"to":[13.940725,7.107138,9.714286],"rotation":{"angle":-22.5,"axis":"z","origin":[12.512154,4.5357094,9.142858]},"faces":{"east":{"uv":[1.0,5.0,2.0,7.25],"rotation":0,"texture":"#0","tintindex":0},"south":{"uv":[2.5,2.25,3.75,4.5],"rotation":0,"texture":"#0","tintindex":0},"north":{"uv":[2.5,0.0,3.75,2.25],"rotation":0,"texture":"#0","tintindex":0},"west":{"uv":[5.25,0.0,6.25,2.25],"rotation":0,"texture":"#0","tintindex":0},"up":{"uv":[1.25,8.25,0.0,7.25],"rotation":0,"texture":"#0","tintindex":0},"down":{"uv":[8.75,0.0,7.5,1.0],"rotation":0,"texture":"#0","tintindex":0}}},{"from":[12.2264385,1.9642811,6.857143],"to":[12.2264385,7.107138,7.428571],"rotation":{"angle":-22.5,"axis":"z","origin":[12.512154,4.5357094,9.142858]},"faces":{"east":{"uv":[3.0,8.25,3.25,10.5],"rotation":0,"texture":"#0","tintindex":0},"south":{"uv":[0.0,0.0,0.0,2.25],"rotation":0,"texture":"#0","tintindex":0},"north":{"uv":[0.0,0.0,0.0,2.25],"rotation":0,"texture":"#0","tintindex":0},"west":{"uv":[6.5,8.5,6.75,10.75],"rotation":0,"texture":"#0","tintindex":0},"up":{"uv":[0.0,0.25,0.0,0.0],"rotation":0,"texture":"#0","tintindex":0},"down":{"uv":[0.0,0.0,0.0,0.25],"rotation":0,"texture":"#0","tintindex":0}}},{"from":[12.2264385,1.9642811,9.714286],"to":[12.2264385,7.107138,10.285714],"rotation":{"angle":-22.5,"axis":"z","origin":[12.512154,4.5357094,9.142858]},"faces":{"east":{"uv":[6.75,8.5,7.0,10.75],"rotation":0,"texture":"#0","tintindex":0},"south":{"uv":[0.0,0.0,0.0,2.25],"rotation":0,"texture":"#0","tintindex":0},"north":{"uv":[0.0,0.0,0.0,2.25],"rotation":0,"texture":"#0","tintindex":0},"west":{"uv":[7.0,8.5,7.25,10.75],"rotation":0,"texture":"#0","tintindex":0},"up":{"uv":[0.0,0.25,0.0,0.0],"rotation":0,"texture":"#0","tintindex":0},"down":{"uv":[0.0,0.0,0.0,0.25],"rotation":0,"texture":"#0","tintindex":0}}},{"from":[11.608137,-1.3423109,7.428571],"to":[11.608137,0.94340324,9.714286],"rotation":{"angle":-45.0,"axis":"z","origin":[13.036709,3.514832,9.142858]},"faces":{"east":{"uv":[7.75,4.0,8.75,5.0],"rotation":0,"texture":"#0","tintindex":0},"south":{"uv":[0.0,0.0,0.0,1.0],"rotation":0,"texture":"#0","tintindex":0},"north":{"uv":[0.0,0.0,0.0,1.0],"rotation":0,"texture":"#0","tintindex":0},"west":{"uv":[7.5,8.0,8.5,9.0],"rotation":0,"texture":"#0","tintindex":0},"up":{"uv":[0.0,1.0,0.0,0.0],"rotation":0,"texture":"#0","tintindex":0},"down":{"uv":[0.0,0.0,0.0,1.0],"rotation":0,"texture":"#0","tintindex":0}}},{"from":[7.428571,6.5714283,8.0],"to":[12.0,8.857143,9.142858],"rotation":{"angle":-22.5,"axis":"z","origin":[8.571428,7.714286,8.0]},"faces":{"east":{"uv":[2.0,5.0,2.5,6.0],"rotation":0,"texture":"#0","tintindex":0},"south":{"uv":[4.75,5.75,6.75,6.75],"rotation":0,"texture":"#0","tintindex":0},"north":{"uv":[5.75,4.0,7.75,5.0],"rotation":0,"texture":"#0","tintindex":0},"west":{"uv":[5.25,2.25,5.75,3.25],"rotation":0,"texture":"#0","tintindex":0},"up":{"uv":[9.0,4.0,7.0,3.5],"rotation":0,"texture":"#0","tintindex":0},"down":{"uv":[9.5,1.0,7.5,1.5],"rotation":0,"texture":"#0","tintindex":0}}},{"from":[7.428571,7.714286,9.142858],"to":[12.0,7.714286,10.285714],"rotation":{"angle":-22.5,"axis":"z","origin":[8.571428,7.714286,8.0]},"faces":{"east":{"uv":[0.0,0.0,0.5,0.0],"rotation":0,"texture":"#0","tintindex":0},"south":{"uv":[0.0,0.0,2.0,0.0],"rotation":0,"texture":"#0","tintindex":0},"north":{"uv":[0.0,0.0,2.0,0.0],"rotation":0,"texture":"#0","tintindex":0},"west":{"uv":[0.0,0.0,0.5,0.0],"rotation":0,"texture":"#0","tintindex":0},"up":{"uv":[10.25,2.0,8.25,1.5],"rotation":0,"texture":"#0","tintindex":0},"down":{"uv":[10.25,2.0,8.25,2.5],"rotation":0,"texture":"#0","tintindex":0}}}],"display":{"head":{"translation":[0.0,-6.4,0.0],"scale":[4.0,4.0,4.0]}}}