{"textures":{"0":"modelengine:entity/skog_chomp"},"elements":[{"from":[4.285714,7.9854746,8.014762],"to":[11.714286,7.9854746,12.014763],"rotation":{"angle":0.0,"axis":"y","origin":[8.0,7.9854746,10.014762]},"faces":{"east":{"uv":[0.0,0.0,1.75,0.0],"rotation":0,"texture":"#0","tintindex":0},"south":{"uv":[0.0,0.0,3.25,0.0],"rotation":0,"texture":"#0","tintindex":0},"north":{"uv":[0.0,0.0,3.25,0.0],"rotation":0,"texture":"#0","tintindex":0},"west":{"uv":[0.0,0.0,1.75,0.0],"rotation":0,"texture":"#0","tintindex":0},"up":{"uv":[7.25,5.75,4.0,4.0],"rotation":0,"texture":"#0","tintindex":0},"down":{"uv":[7.25,4.0,4.0,5.75],"rotation":0,"texture":"#0","tintindex":0}}},{"from":[4.285714,6.5714283,11.428572],"to":[11.714286,6.5714283,16.0],"rotation":{"angle":45.0,"axis":"x","origin":[8.0,6.5714283,13.428572]},"faces":{"east":{"uv":[0.0,0.0,2.0,0.0],"rotation":0,"texture":"#0","tintindex":0},"south":{"uv":[0.0,0.0,3.25,0.0],"rotation":0,"texture":"#0","tintindex":0},"north":{"uv":[0.0,0.0,3.25,0.0],"rotation":0,"texture":"#0","tintindex":0},"west":{"uv":[0.0,0.0,2.0,0.0],"rotation":0,"texture":"#0","tintindex":0},"up":{"uv":[7.25,2.0,4.0,0.0],"rotation":0,"texture":"#0","tintindex":0},"down":{"uv":[7.25,0.0,4.0,2.0],"rotation":0,"texture":"#0","tintindex":0}}}],"display":{"head":{"translation":[0.0,-6.4,0.0],"scale":[4.0,4.0,4.0]}}}