{"textures":{"0":"modelengine:entity/skog_chomp"},"elements":[{"from":[3.434888,16.624304,6.411569],"to":[12.577745,16.624304,9.268712],"rotation":{"angle":22.5,"axis":"x","origin":[8.006316,16.624304,7.840141]},"faces":{"east":{"uv":[0.0,0.0,1.25,0.0],"rotation":0,"texture":"#0","tintindex":0},"south":{"uv":[0.0,0.0,4.0,0.0],"rotation":0,"texture":"#0","tintindex":0},"north":{"uv":[0.0,0.0,4.0,0.0],"rotation":0,"texture":"#0","tintindex":0},"west":{"uv":[0.0,0.0,1.25,0.0],"rotation":0,"texture":"#0","tintindex":0},"up":{"uv":[4.0,7.25,0.0,6.0],"rotation":0,"texture":"#0","tintindex":0},"down":{"uv":[0.0,6.0,4.0,7.25],"rotation":0,"texture":"#0","tintindex":0}}},{"from":[3.434888,9.22047,8.58854],"to":[12.577745,16.077614,9.731398],"rotation":{"angle":0.0,"axis":"y","origin":[8.006316,12.649042,-6.8400316]},"faces":{"east":{"uv":[3.5,8.5,4.0,11.5],"rotation":0,"texture":"#0","tintindex":0},"south":{"uv":[0.0,3.0,4.0,6.0],"rotation":0,"texture":"#0","tintindex":0},"north":{"uv":[0.0,0.0,4.0,3.0],"rotation":0,"texture":"#0","tintindex":0},"west":{"uv":[1.5,9.75,2.0,12.75],"rotation":0,"texture":"#0","tintindex":0},"up":{"uv":[12.5,5.0,8.5,4.5],"rotation":0,"texture":"#0","tintindex":0},"down":{"uv":[12.5,5.0,8.5,5.5],"rotation":0,"texture":"#0","tintindex":0}}},{"from":[13.123908,9.22047,6.4113507],"to":[13.123908,16.077614,9.268494],"rotation":{"angle":-22.5,"axis":"y","origin":[13.123908,12.649042,7.839922]},"faces":{"east":{"uv":[5.25,7.5,4.0,10.5],"rotation":0,"texture":"#0","tintindex":0},"south":{"uv":[0.0,0.0,0.0,3.0],"rotation":0,"texture":"#0","tintindex":0},"north":{"uv":[0.0,0.0,0.0,3.0],"rotation":0,"texture":"#0","tintindex":0},"west":{"uv":[4.0,7.5,5.25,10.5],"rotation":0,"texture":"#0","tintindex":0},"up":{"uv":[0.0,1.25,0.0,0.0],"rotation":0,"texture":"#0","tintindex":0},"down":{"uv":[0.0,0.0,0.0,1.25],"rotation":0,"texture":"#0","tintindex":0}}},{"from":[2.8887253,9.22047,6.4113507],"to":[2.8887253,16.077614,9.268494],"rotation":{"angle":22.5,"axis":"y","origin":[2.8887253,12.649042,7.839922]},"faces":{"east":{"uv":[5.25,7.5,4.0,10.5],"rotation":0,"texture":"#0","tintindex":0},"south":{"uv":[0.0,0.0,0.0,3.0],"rotation":0,"texture":"#0","tintindex":0},"north":{"uv":[0.0,0.0,0.0,3.0],"rotation":0,"texture":"#0","tintindex":0},"west":{"uv":[4.0,7.5,5.25,10.5],"rotation":0,"texture":"#0","tintindex":0},"up":{"uv":[0.0,1.25,0.0,0.0],"rotation":0,"texture":"#0","tintindex":0},"down":{"uv":[0.0,0.0,0.0,1.25],"rotation":0,"texture":"#0","tintindex":0}}},{"from":[5.720602,8.077613,8.017112],"to":[10.292031,13.22047,10.874254],"rotation":{"angle":0.0,"axis":"y","origin":[8.006316,12.649042,-6.8400316]},"faces":{"east":{"uv":[5.25,7.5,6.5,9.75],"rotation":0,"texture":"#0","tintindex":0},"south":{"uv":[7.25,2.25,9.25,4.5],"rotation":0,"texture":"#0","tintindex":0},"north":{"uv":[7.25,0.0,9.25,2.25],"rotation":0,"texture":"#0","tintindex":0},"west":{"uv":[6.5,7.5,7.75,9.75],"rotation":0,"texture":"#0","tintindex":0},"up":{"uv":[9.75,8.75,7.75,7.5],"rotation":0,"texture":"#0","tintindex":0},"down":{"uv":[2.0,8.5,0.0,9.75],"rotation":0,"texture":"#0","tintindex":0}}}],"display":{"head":{"translation":[0.0,-6.4,0.0],"scale":[4.0,4.0,4.0]}}}