{"textures":{"0":"modelengine:entity/skog_chomp"},"elements":[{"from":[3.434888,16.624304,6.7655106],"to":[12.577745,16.624304,9.622654],"rotation":{"angle":-22.5,"axis":"x","origin":[8.006316,16.624304,8.194082]},"faces":{"east":{"uv":[0.0,0.0,1.25,0.0],"rotation":0,"texture":"#0","tintindex":0},"south":{"uv":[0.0,0.0,4.0,0.0],"rotation":0,"texture":"#0","tintindex":0},"north":{"uv":[0.0,0.0,4.0,0.0],"rotation":0,"texture":"#0","tintindex":0},"west":{"uv":[0.0,0.0,1.25,0.0],"rotation":0,"texture":"#0","tintindex":0},"up":{"uv":[0.25,6.0,4.25,7.25],"rotation":0,"texture":"#0","tintindex":0},"down":{"uv":[4.25,7.25,0.25,6.0],"rotation":0,"texture":"#0","tintindex":0}}},{"from":[3.434888,9.22047,6.302826],"to":[12.577745,16.077614,7.445683],"rotation":{"angle":0.0,"axis":"y","origin":[8.006316,12.649042,22.874256]},"faces":{"east":{"uv":[1.5,9.75,2.0,12.75],"rotation":0,"texture":"#0","tintindex":0},"south":{"uv":[0.0,0.0,4.0,3.0],"rotation":0,"texture":"#0","tintindex":0},"north":{"uv":[0.0,3.0,4.0,6.0],"rotation":0,"texture":"#0","tintindex":0},"west":{"uv":[3.5,8.5,4.0,11.5],"rotation":0,"texture":"#0","tintindex":0},"up":{"uv":[8.5,4.5,12.5,5.0],"rotation":0,"texture":"#0","tintindex":0},"down":{"uv":[8.5,5.5,12.5,5.0],"rotation":0,"texture":"#0","tintindex":0}}},{"from":[2.8887253,9.22047,6.7657294],"to":[2.8887253,16.077614,9.622872],"rotation":{"angle":-22.5,"axis":"y","origin":[2.8887253,12.649042,8.194301]},"faces":{"east":{"uv":[4.0,7.25,5.25,10.25],"rotation":0,"texture":"#0","tintindex":0},"south":{"uv":[0.0,0.0,0.0,3.0],"rotation":0,"texture":"#0","tintindex":0},"north":{"uv":[0.0,0.0,0.0,3.0],"rotation":0,"texture":"#0","tintindex":0},"west":{"uv":[5.25,7.25,4.0,10.25],"rotation":0,"texture":"#0","tintindex":0},"up":{"uv":[0.0,0.0,0.0,1.25],"rotation":0,"texture":"#0","tintindex":0},"down":{"uv":[0.0,1.25,0.0,0.0],"rotation":0,"texture":"#0","tintindex":0}}},{"from":[13.123908,9.22047,6.7657294],"to":[13.123908,16.077614,9.622872],"rotation":{"angle":22.5,"axis":"y","origin":[13.123908,12.649042,8.194301]},"faces":{"east":{"uv":[4.0,7.25,5.25,10.25],"rotation":0,"texture":"#0","tintindex":0},"south":{"uv":[0.0,0.0,0.0,3.0],"rotation":0,"texture":"#0","tintindex":0},"north":{"uv":[0.0,0.0,0.0,3.0],"rotation":0,"texture":"#0","tintindex":0},"west":{"uv":[5.25,7.25,4.0,10.25],"rotation":0,"texture":"#0","tintindex":0},"up":{"uv":[0.0,0.0,0.0,1.25],"rotation":0,"texture":"#0","tintindex":0},"down":{"uv":[0.0,1.25,0.0,0.0],"rotation":0,"texture":"#0","tintindex":0}}},{"from":[5.720602,8.077613,5.1599684],"to":[10.292031,13.22047,8.017112],"rotation":{"angle":0.0,"axis":"y","origin":[8.006316,12.649042,22.874256]},"faces":{"east":{"uv":[6.5,7.5,7.75,9.75],"rotation":0,"texture":"#0","tintindex":0},"south":{"uv":[7.25,0.0,9.25,2.25],"rotation":0,"texture":"#0","tintindex":0},"north":{"uv":[7.25,2.25,9.25,4.5],"rotation":0,"texture":"#0","tintindex":0},"west":{"uv":[5.25,7.5,6.5,9.75],"rotation":0,"texture":"#0","tintindex":0},"up":{"uv":[7.75,7.5,9.75,8.75],"rotation":0,"texture":"#0","tintindex":0},"down":{"uv":[0.0,9.75,2.0,8.5],"rotation":0,"texture":"#0","tintindex":0}}}],"display":{"head":{"translation":[0.0,-6.4,0.0],"scale":[4.0,4.0,4.0]}}}