{"textures":{"0":"modelengine:entity/skog_chomp"},"elements":[{"from":[7.142857,8.0,7.142857],"to":[8.857143,13.142858,8.857143],"rotation":{"angle":0.0,"axis":"y","origin":[8.285714,12.571428,8.285714]},"faces":{"east":{"uv":[2.75,8.5,3.5,10.75],"rotation":0,"texture":"#0","tintindex":0},"south":{"uv":[7.75,8.75,8.5,11.0],"rotation":0,"texture":"#0","tintindex":0},"north":{"uv":[2.0,8.5,2.75,10.75],"rotation":0,"texture":"#0","tintindex":0},"west":{"uv":[8.5,8.75,9.25,11.0],"rotation":0,"texture":"#0","tintindex":0},"up":{"uv":[9.25,6.25,8.5,5.5],"rotation":0,"texture":"#0","tintindex":0},"down":{"uv":[9.25,6.25,8.5,7.0],"rotation":0,"texture":"#0","tintindex":0}}}],"display":{"head":{"translation":[0.0,-6.4,0.0],"scale":[4.0,4.0,4.0]}}}