{"textures":{"0":"modelengine:entity/skog_chomp"},"elements":[{"from":[7.142857,8.0,7.142857],"to":[8.857143,13.142858,8.857143],"rotation":{"angle":0.0,"axis":"y","origin":[8.285714,12.571428,8.285714]},"faces":{"east":{"uv":[9.25,2.25,10.0,4.5],"rotation":0,"texture":"#0","tintindex":0},"south":{"uv":[9.25,8.75,10.0,11.0],"rotation":0,"texture":"#0","tintindex":0},"north":{"uv":[9.25,0.0,10.0,2.25],"rotation":0,"texture":"#0","tintindex":0},"west":{"uv":[0.0,9.75,0.75,12.0],"rotation":0,"texture":"#0","tintindex":0},"up":{"uv":[10.75,10.75,10.0,10.0],"rotation":0,"texture":"#0","tintindex":0},"down":{"uv":[4.75,10.5,4.0,11.25],"rotation":0,"texture":"#0","tintindex":0}}}],"display":{"head":{"translation":[0.0,-6.4,0.0],"scale":[4.0,4.0,4.0]}}}