{"textures":{"0":"modelengine:entity/skog_chomp"},"elements":[{"from":[7.142857,8.0,7.142857],"to":[8.857143,13.142858,8.857143],"rotation":{"angle":0.0,"axis":"y","origin":[8.285714,12.571428,8.285714]},"faces":{"east":{"uv":[5.25,9.75,6.0,12.0],"rotation":0,"texture":"#0","tintindex":0},"south":{"uv":[9.75,5.5,10.5,7.75],"rotation":0,"texture":"#0","tintindex":0},"north":{"uv":[0.75,9.75,1.5,12.0],"rotation":0,"texture":"#0","tintindex":0},"west":{"uv":[6.0,9.75,6.75,12.0],"rotation":0,"texture":"#0","tintindex":0},"up":{"uv":[11.25,6.25,10.5,5.5],"rotation":0,"texture":"#0","tintindex":0},"down":{"uv":[11.25,6.25,10.5,7.0],"rotation":0,"texture":"#0","tintindex":0}}}],"display":{"head":{"translation":[0.0,-6.4,0.0],"scale":[4.0,4.0,4.0]}}}