{"textures":{"0":"modelengine:entity/turrethead2"},"elements":[{"from":[6.0408163,7.9183674,7.1836734],"to":[10.040816,8.489796,9.469388],"rotation":{"angle":0.0,"axis":"y","origin":[7.755102,4.4897957,7.755102]},"faces":{"east":{"uv":[7.5,5.0,8.5,5.25],"rotation":0,"texture":"#0","tintindex":0},"south":{"uv":[3.25,7.5,5.0,7.75],"rotation":0,"texture":"#0","tintindex":0},"north":{"uv":[1.5,7.5,3.25,7.75],"rotation":0,"texture":"#0","tintindex":0},"west":{"uv":[7.5,5.25,8.5,5.5],"rotation":0,"texture":"#0","tintindex":0},"up":{"uv":[1.75,7.0,0.0,6.0],"rotation":0,"texture":"#0","tintindex":0},"down":{"uv":[7.75,3.0,6.0,4.0],"rotation":0,"texture":"#0","tintindex":0}}},{"from":[4.897959,8.489796,7.1836734],"to":[10.612246,9.632653,10.612246],"rotation":{"angle":0.0,"axis":"y","origin":[7.755102,4.4897957,7.755102]},"faces":{"east":{"uv":[7.0,1.5,8.5,2.0],"rotation":0,"texture":"#0","tintindex":0},"south":{"uv":[6.5,0.0,9.0,0.5],"rotation":0,"texture":"#0","tintindex":0},"north":{"uv":[6.0,4.5,8.5,5.0],"rotation":0,"texture":"#0","tintindex":0},"west":{"uv":[1.75,7.0,3.25,7.5],"rotation":0,"texture":"#0","tintindex":0},"up":{"uv":[4.5,3.5,2.0,2.0],"rotation":0,"texture":"#0","tintindex":0},"down":{"uv":[4.5,3.5,2.0,5.0],"rotation":0,"texture":"#0","tintindex":0}}},{"from":[4.897959,11.918367,7.1836734],"to":[10.612246,13.061224,10.612246],"rotation":{"angle":0.0,"axis":"y","origin":[7.755102,4.4897957,7.755102]},"faces":{"east":{"uv":[7.0,2.0,8.5,2.5],"rotation":0,"texture":"#0","tintindex":0},"south":{"uv":[6.5,1.0,9.0,1.5],"rotation":0,"texture":"#0","tintindex":0},"north":{"uv":[6.5,0.5,9.0,1.0],"rotation":0,"texture":"#0","tintindex":0},"west":{"uv":[7.0,2.5,8.5,3.0],"rotation":0,"texture":"#0","tintindex":0},"up":{"uv":[6.5,1.5,4.0,0.0],"rotation":0,"texture":"#0","tintindex":0},"down":{"uv":[7.0,1.5,4.5,3.0],"rotation":0,"texture":"#0","tintindex":0}}},{"from":[5.755102,13.061224,7.1836734],"to":[9.755102,14.204082,10.612246],"rotation":{"angle":0.0,"axis":"y","origin":[7.755102,4.4897957,7.755102]},"faces":{"east":{"uv":[7.0,7.0,8.5,7.5],"rotation":0,"texture":"#0","tintindex":0},"south":{"uv":[0.0,7.0,1.75,7.5],"rotation":0,"texture":"#0","tintindex":0},"north":{"uv":[6.5,6.5,8.25,7.0],"rotation":0,"texture":"#0","tintindex":0},"west":{"uv":[0.0,7.5,1.5,8.0],"rotation":0,"texture":"#0","tintindex":0},"up":{"uv":[5.25,6.5,3.5,5.0],"rotation":0,"texture":"#0","tintindex":0},"down":{"uv":[7.0,5.0,5.25,6.5],"rotation":0,"texture":"#0","tintindex":0}}},{"from":[7.755102,13.061224,-5.9591846],"to":[7.755102,13.632653,7.1836734],"rotation":{"angle":0.0,"axis":"y","origin":[7.755102,4.4897957,7.755102]},"faces":{"east":{"uv":[11.75,4.0,6.0,4.25],"rotation":0,"texture":"#0","tintindex":0},"south":{"uv":[0.0,0.0,0.0,0.25],"rotation":0,"texture":"#0","tintindex":0},"north":{"uv":[0.0,0.0,0.0,0.25],"rotation":0,"texture":"#0","tintindex":0},"west":{"uv":[6.0,4.0,11.75,4.25],"rotation":0,"texture":"#0","tintindex":0},"up":{"uv":[0.0,5.75,0.0,0.0],"rotation":0,"texture":"#0","tintindex":0},"down":{"uv":[0.0,0.0,0.0,5.75],"rotation":0,"texture":"#0","tintindex":0}}},{"from":[10.612246,8.489796,7.1836734],"to":[11.755102,13.061224,10.612246],"rotation":{"angle":0.0,"axis":"y","origin":[7.755102,4.4897957,7.755102]},"faces":{"east":{"uv":[4.5,3.0,6.0,5.0],"rotation":0,"texture":"#0","tintindex":0},"south":{"uv":[6.0,6.5,6.5,8.5],"rotation":0,"texture":"#0","tintindex":0},"north":{"uv":[5.5,6.5,6.0,8.5],"rotation":0,"texture":"#0","tintindex":0},"west":{"uv":[2.0,5.0,3.5,7.0],"rotation":0,"texture":"#0","tintindex":0},"up":{"uv":[7.5,6.5,7.0,5.0],"rotation":0,"texture":"#0","tintindex":0},"down":{"uv":[7.0,7.0,6.5,8.5],"rotation":0,"texture":"#0","tintindex":0}}},{"from":[3.7551022,8.489796,7.1836734],"to":[4.897959,13.061224,10.612246],"rotation":{"angle":0.0,"axis":"y","origin":[7.755102,4.4897957,7.755102]},"faces":{"east":{"uv":[3.5,5.0,2.0,7.0],"rotation":0,"texture":"#0","tintindex":0},"south":{"uv":[6.5,6.5,6.0,8.5],"rotation":0,"texture":"#0","tintindex":0},"north":{"uv":[6.0,6.5,5.5,8.5],"rotation":0,"texture":"#0","tintindex":0},"west":{"uv":[6.0,3.0,4.5,5.0],"rotation":0,"texture":"#0","tintindex":0},"up":{"uv":[7.0,6.5,7.5,5.0],"rotation":0,"texture":"#0","tintindex":0},"down":{"uv":[6.5,7.0,7.0,8.5],"rotation":0,"texture":"#0","tintindex":0}}},{"from":[8.32653,9.632653,2.6122446],"to":[10.612246,11.918367,11.755102],"rotation":{"angle":0.0,"axis":"y","origin":[7.755102,9.632653,8.32653]},"faces":{"east":{"uv":[0.0,0.0,4.0,1.0],"rotation":0,"texture":"#0","tintindex":0},"south":{"uv":[4.5,6.5,5.5,7.5],"rotation":0,"texture":"#0","tintindex":0},"north":{"uv":[3.5,6.5,4.5,7.5],"rotation":0,"texture":"#0","tintindex":0},"west":{"uv":[0.0,1.0,4.0,2.0],"rotation":0,"texture":"#0","tintindex":0},"up":{"uv":[1.0,6.0,0.0,2.0],"rotation":0,"texture":"#0","tintindex":0},"down":{"uv":[2.0,2.0,1.0,6.0],"rotation":0,"texture":"#0","tintindex":0}}},{"from":[4.897959,9.632653,2.6122446],"to":[7.1836734,11.918367,11.755102],"rotation":{"angle":0.0,"axis":"y","origin":[7.755102,9.632653,8.32653]},"faces":{"east":{"uv":[4.0,1.0,0.0,2.0],"rotation":0,"texture":"#0","tintindex":0},"south":{"uv":[5.5,6.5,4.5,7.5],"rotation":0,"texture":"#0","tintindex":0},"north":{"uv":[4.5,6.5,3.5,7.5],"rotation":0,"texture":"#0","tintindex":0},"west":{"uv":[4.0,0.0,0.0,1.0],"rotation":0,"texture":"#0","tintindex":0},"up":{"uv":[0.0,6.0,1.0,2.0],"rotation":0,"texture":"#0","tintindex":0},"down":{"uv":[1.0,2.0,2.0,6.0],"rotation":0,"texture":"#0","tintindex":0}}}],"display":{"head":{"translation":[0.0,-6.4,0.0],"scale":[4.0,4.0,4.0]}}}