{"textures":{"0":"modelengine:entity/shard"},"elements":[{"from":[6.285714,6.291302,7.357143],"to":[7.428571,8.005588,9.071428],"rotation":{"angle":0.0,"axis":"y","origin":[5.8571424,6.4341593,9.928572]},"faces":{"east":{"uv":[4.0,12.0,4.75,12.75],"rotation":0,"texture":"#0","tintindex":0},"south":{"uv":[12.0,8.75,12.5,9.5],"rotation":0,"texture":"#0","tintindex":0},"north":{"uv":[12.0,8.0,12.5,8.75],"rotation":0,"texture":"#0","tintindex":0},"west":{"uv":[4.75,12.0,5.5,12.75],"rotation":0,"texture":"#0","tintindex":0},"up":{"uv":[12.5,10.25,12.0,9.5],"rotation":0,"texture":"#0","tintindex":0},"down":{"uv":[12.5,10.25,12.0,11.0],"rotation":0,"texture":"#0","tintindex":0}}},{"from":[8.571428,6.291302,7.357143],"to":[9.714286,8.005588,9.071428],"rotation":{"angle":0.0,"axis":"y","origin":[5.8571424,6.4341593,9.928572]},"faces":{"east":{"uv":[12.0,5.0,12.75,5.75],"rotation":0,"texture":"#0","tintindex":0},"south":{"uv":[0.0,12.25,0.5,13.0],"rotation":0,"texture":"#0","tintindex":0},"north":{"uv":[12.0,11.0,12.5,11.75],"rotation":0,"texture":"#0","tintindex":0},"west":{"uv":[12.0,5.75,12.75,6.5],"rotation":0,"texture":"#0","tintindex":0},"up":{"uv":[1.0,13.0,0.5,12.25],"rotation":0,"texture":"#0","tintindex":0},"down":{"uv":[6.0,12.25,5.5,13.0],"rotation":0,"texture":"#0","tintindex":0}}},{"from":[5.714286,5.148445,5.0714283],"to":[10.285714,6.8627305,6.214286],"rotation":{"angle":0.0,"axis":"y","origin":[8.0,-4.5658407,8.214286]},"faces":{"east":{"uv":[10.0,10.5,10.5,11.25],"rotation":0,"texture":"#0","tintindex":0},"south":{"uv":[6.5,10.5,8.5,11.25],"rotation":0,"texture":"#0","tintindex":0},"north":{"uv":[10.0,5.25,12.0,6.0],"rotation":0,"texture":"#0","tintindex":0},"west":{"uv":[12.0,6.5,12.5,7.25],"rotation":0,"texture":"#0","tintindex":0},"up":{"uv":[8.5,11.75,6.5,11.25],"rotation":0,"texture":"#0","tintindex":0},"down":{"uv":[13.25,7.5,11.25,8.0],"rotation":0,"texture":"#0","tintindex":0}}},{"from":[5.714286,5.148445,6.214286],"to":[10.285714,6.291302,9.071428],"rotation":{"angle":0.0,"axis":"y","origin":[8.0,-4.5658407,8.214286]},"faces":{"east":{"uv":[10.0,6.0,11.25,6.5],"rotation":0,"texture":"#0","tintindex":0},"south":{"uv":[11.25,3.75,13.25,4.25],"rotation":0,"texture":"#0","tintindex":0},"north":{"uv":[11.25,3.25,13.25,3.75],"rotation":0,"texture":"#0","tintindex":0},"west":{"uv":[11.25,11.75,12.5,12.25],"rotation":0,"texture":"#0","tintindex":0},"up":{"uv":[4.0,9.0,2.0,7.75],"rotation":0,"texture":"#0","tintindex":0},"down":{"uv":[6.0,7.75,4.0,9.0],"rotation":0,"texture":"#0","tintindex":0}}}],"display":{"head":{"translation":[0.0,-6.4,0.0],"scale":[4.0,4.0,4.0]}}}