{"textures":{"0":"modelengine:entity/shard"},"elements":[{"from":[7.428571,3.4285712,6.0],"to":[9.142858,8.0,8.857143],"rotation":{"angle":0.0,"axis":"y","origin":[11.142858,-0.57142925,6.857143]},"faces":{"east":{"uv":[9.25,8.5,8.0,10.5],"rotation":0,"texture":"#0","tintindex":0},"south":{"uv":[9.25,10.5,8.5,12.5],"rotation":0,"texture":"#0","tintindex":0},"north":{"uv":[11.25,7.5,10.5,9.5],"rotation":0,"texture":"#0","tintindex":0},"west":{"uv":[9.25,6.5,8.0,8.5],"rotation":0,"texture":"#0","tintindex":0},"up":{"uv":[11.25,9.25,12.0,8.0],"rotation":0,"texture":"#0","tintindex":0},"down":{"uv":[11.25,9.25,12.0,10.5],"rotation":0,"texture":"#0","tintindex":0}}}],"display":{"head":{"translation":[0.0,-6.4,0.0],"scale":[4.0,4.0,4.0]}}}