{"textures":{"0":"modelengine:entity/shard"},"elements":[{"from":[6.5714283,5.714286,6.5714283],"to":[7.714286,9.142858,9.428572],"rotation":{"angle":0.0,"axis":"y","origin":[10.285714,-2.8571434,7.428571]},"faces":{"east":{"uv":[10.5,9.0,9.25,10.5],"rotation":0,"texture":"#0","tintindex":0},"south":{"uv":[11.25,11.25,10.75,12.75],"rotation":0,"texture":"#0","tintindex":0},"north":{"uv":[2.5,11.25,2.0,12.75],"rotation":0,"texture":"#0","tintindex":0},"west":{"uv":[10.5,7.5,9.25,9.0],"rotation":0,"texture":"#0","tintindex":0},"up":{"uv":[12.0,2.75,12.5,1.5],"rotation":0,"texture":"#0","tintindex":0},"down":{"uv":[3.5,12.0,4.0,13.25],"rotation":0,"texture":"#0","tintindex":0}}}],"display":{"head":{"translation":[0.0,-6.4,0.0],"scale":[4.0,4.0,4.0]}}}