{"textures":{"0":"modelengine:entity/shard"},"elements":[{"from":[6.5714283,5.142857,7.142857],"to":[8.857143,8.0,8.857143],"rotation":{"angle":0.0,"axis":"y","origin":[9.714286,5.142857,10.285714]},"faces":{"east":{"uv":[12.0,10.5,11.25,11.75],"rotation":0,"texture":"#0","tintindex":0},"south":{"uv":[2.0,11.25,1.0,12.5],"rotation":0,"texture":"#0","tintindex":0},"north":{"uv":[1.0,11.0,0.0,12.25],"rotation":0,"texture":"#0","tintindex":0},"west":{"uv":[10.75,11.25,10.0,12.5],"rotation":0,"texture":"#0","tintindex":0},"up":{"uv":[2.5,12.5,3.5,11.75],"rotation":0,"texture":"#0","tintindex":0},"down":{"uv":[11.75,4.25,12.75,5.0],"rotation":0,"texture":"#0","tintindex":0}}}],"display":{"head":{"translation":[0.0,-6.4,0.0],"scale":[4.0,4.0,4.0]}}}