{"textures":{"0":"modelengine:entity/shard"},"elements":[{"from":[8.0,5.714286,7.142857],"to":[10.857143,8.571428,9.428572],"rotation":{"angle":0.0,"axis":"y","origin":[7.142857,2.8571424,10.285714]},"faces":{"east":{"uv":[7.0,9.0,8.0,10.25],"rotation":0,"texture":"#0","tintindex":0},"south":{"uv":[1.25,10.0,2.5,11.25],"rotation":0,"texture":"#0","tintindex":0},"north":{"uv":[9.5,2.25,10.75,3.5],"rotation":0,"texture":"#0","tintindex":0},"west":{"uv":[10.75,0.0,11.75,1.25],"rotation":0,"texture":"#0","tintindex":0},"up":{"uv":[12.0,3.25,10.75,2.25],"rotation":0,"texture":"#0","tintindex":0},"down":{"uv":[3.75,10.75,2.5,11.75],"rotation":0,"texture":"#0","tintindex":0}}}],"display":{"head":{"translation":[0.0,-6.4,0.0],"scale":[4.0,4.0,4.0]}}}