{"textures":{"0":"modelengine:entity/shard"},"elements":[{"from":[7.142857,5.142857,7.142857],"to":[9.428572,8.0,8.857143],"rotation":{"angle":0.0,"axis":"y","origin":[6.285714,5.142857,10.285714]},"faces":{"east":{"uv":[10.0,11.25,10.75,12.5],"rotation":0,"texture":"#0","tintindex":0},"south":{"uv":[1.0,11.25,2.0,12.5],"rotation":0,"texture":"#0","tintindex":0},"north":{"uv":[0.0,11.0,1.0,12.25],"rotation":0,"texture":"#0","tintindex":0},"west":{"uv":[11.25,10.5,12.0,11.75],"rotation":0,"texture":"#0","tintindex":0},"up":{"uv":[3.5,12.5,2.5,11.75],"rotation":0,"texture":"#0","tintindex":0},"down":{"uv":[12.75,4.25,11.75,5.0],"rotation":0,"texture":"#0","tintindex":0}}}],"display":{"head":{"translation":[0.0,-6.4,0.0],"scale":[4.0,4.0,4.0]}}}