{"textures":{"0":"modelengine:entity/shard"},"elements":[{"from":[6.857143,3.4285712,6.0],"to":[8.571428,8.0,8.857143],"rotation":{"angle":0.0,"axis":"y","origin":[4.8571424,-0.57142925,6.857143]},"faces":{"east":{"uv":[8.0,6.5,9.25,8.5],"rotation":0,"texture":"#0","tintindex":0},"south":{"uv":[8.5,10.5,9.25,12.5],"rotation":0,"texture":"#0","tintindex":0},"north":{"uv":[10.5,7.5,11.25,9.5],"rotation":0,"texture":"#0","tintindex":0},"west":{"uv":[8.0,8.5,9.25,10.5],"rotation":0,"texture":"#0","tintindex":0},"up":{"uv":[12.0,9.25,11.25,8.0],"rotation":0,"texture":"#0","tintindex":0},"down":{"uv":[12.0,9.25,11.25,10.5],"rotation":0,"texture":"#0","tintindex":0}}}],"display":{"head":{"translation":[0.0,-6.4,0.0],"scale":[4.0,4.0,4.0]}}}