{"textures":{"0":"modelengine:entity/shard"},"elements":[{"from":[5.428571,4.5714283,4.285714],"to":[10.571428,10.857143,10.571428],"rotation":{"angle":0.0,"axis":"y","origin":[8.0,1.7142854,7.428571]},"faces":{"east":{"uv":[0.0,0.0,2.75,2.75],"rotation":0,"texture":"#0","tintindex":0},"south":{"uv":[2.75,2.75,5.0,5.5],"rotation":0,"texture":"#0","tintindex":0},"north":{"uv":[2.75,0.0,5.0,2.75],"rotation":0,"texture":"#0","tintindex":0},"west":{"uv":[0.0,2.75,2.75,5.5],"rotation":0,"texture":"#0","tintindex":0},"up":{"uv":[7.25,2.75,5.0,0.0],"rotation":0,"texture":"#0","tintindex":0},"down":{"uv":[7.25,2.75,5.0,5.5],"rotation":0,"texture":"#0","tintindex":0}}},{"from":[5.428571,10.857143,6.5714283],"to":[10.571428,16.0,10.571428],"rotation":{"angle":0.0,"axis":"y","origin":[8.0,1.7142854,7.428571]},"faces":{"east":{"uv":[4.5,5.5,6.25,7.75],"rotation":0,"texture":"#0","tintindex":0},"south":{"uv":[2.25,5.5,4.5,7.75],"rotation":0,"texture":"#0","tintindex":0},"north":{"uv":[0.0,5.5,2.25,7.75],"rotation":0,"texture":"#0","tintindex":0},"west":{"uv":[6.25,5.5,8.0,7.75],"rotation":0,"texture":"#0","tintindex":0},"up":{"uv":[9.5,1.75,7.25,0.0],"rotation":0,"texture":"#0","tintindex":0},"down":{"uv":[9.5,1.75,7.25,3.5],"rotation":0,"texture":"#0","tintindex":0}}},{"from":[6.5714283,10.857143,4.8571424],"to":[9.428572,14.285715,6.5714283],"rotation":{"angle":0.0,"axis":"y","origin":[8.0,1.7142854,7.428571]},"faces":{"east":{"uv":[5.75,10.75,6.5,12.25],"rotation":0,"texture":"#0","tintindex":0},"south":{"uv":[9.5,0.0,10.75,1.5],"rotation":0,"texture":"#0","tintindex":0},"north":{"uv":[0.0,9.5,1.25,11.0],"rotation":0,"texture":"#0","tintindex":0},"west":{"uv":[11.25,6.0,12.0,7.5],"rotation":0,"texture":"#0","tintindex":0},"up":{"uv":[13.0,0.75,11.75,0.0],"rotation":0,"texture":"#0","tintindex":0},"down":{"uv":[13.0,0.75,11.75,1.5],"rotation":0,"texture":"#0","tintindex":0}}}],"display":{"head":{"translation":[0.0,-6.4,0.0],"scale":[4.0,4.0,4.0]}}}