{"textures":{"0":"modelengine:entity/skog_pet_birch"},"elements":[{"from":[6.285714,6.857143,6.285714],"to":[8.571428,9.714286,8.0],"rotation":{"angle":0.0,"axis":"y","origin":[8.0,0.5714283,2.2857141]},"faces":{"east":{"uv":[8.0,6.5,9.5,9.0],"rotation":0,"texture":"#0","tintindex":0},"south":{"uv":[2.0,6.0,4.0,8.5],"rotation":0,"texture":"#0","tintindex":0},"north":{"uv":[0.0,6.0,2.0,8.5],"rotation":0,"texture":"#0","tintindex":0},"west":{"uv":[8.0,4.0,9.5,6.5],"rotation":0,"texture":"#0","tintindex":0},"up":{"uv":[10.5,2.0,9.0,0.0],"rotation":270,"texture":"#0","tintindex":0},"down":{"uv":[10.5,2.0,9.0,4.0],"rotation":90,"texture":"#0","tintindex":0}}},{"from":[7.428571,9.714286,6.285714],"to":[8.571428,10.857143,8.0],"rotation":{"angle":0.0,"axis":"y","origin":[8.0,0.5714283,2.2857141]},"faces":{"east":{"uv":[12.0,1.0,13.5,2.0],"rotation":0,"texture":"#0","tintindex":0},"south":{"uv":[2.0,13.0,3.0,14.0],"rotation":0,"texture":"#0","tintindex":0},"north":{"uv":[1.0,13.0,2.0,14.0],"rotation":0,"texture":"#0","tintindex":0},"west":{"uv":[1.0,12.0,2.5,13.0],"rotation":0,"texture":"#0","tintindex":0},"up":{"uv":[13.5,3.0,12.0,2.0],"rotation":270,"texture":"#0","tintindex":0},"down":{"uv":[4.0,12.0,2.5,13.0],"rotation":90,"texture":"#0","tintindex":0}}}],"display":{"head":{"translation":[0.0,-6.4,0.0],"scale":[4.0,4.0,4.0]}}}