{"textures":{"0":"modelengine:entity/skog_pet_birch"},"elements":[{"from":[7.296287,6.0,7.5820017],"to":[7.867716,7.142857,9.867716],"rotation":{"angle":0.0,"axis":"y","origin":[8.15343,8.0,8.15343]},"faces":{"east":{"uv":[8.0,11.0,10.0,12.0],"rotation":0,"texture":"#0","tintindex":0},"south":{"uv":[7.5,13.5,8.0,14.5],"rotation":0,"texture":"#0","tintindex":0},"north":{"uv":[7.0,13.5,7.5,14.5],"rotation":0,"texture":"#0","tintindex":0},"west":{"uv":[11.0,7.0,13.0,8.0],"rotation":0,"texture":"#0","tintindex":0},"up":{"uv":[8.5,13.5,6.5,13.0],"rotation":270,"texture":"#0","tintindex":0},"down":{"uv":[15.0,7.0,13.0,7.5],"rotation":90,"texture":"#0","tintindex":0}}},{"from":[6.7248588,6.285714,7.296287],"to":[8.439144,8.571428,9.010573],"rotation":{"angle":0.0,"axis":"y","origin":[8.439144,8.0,8.15343]},"faces":{"east":{"uv":[0.0,10.0,1.5,12.0],"rotation":0,"texture":"#0","tintindex":0},"south":{"uv":[1.5,10.0,3.0,12.0],"rotation":0,"texture":"#0","tintindex":0},"north":{"uv":[9.5,6.0,11.0,8.0],"rotation":0,"texture":"#0","tintindex":0},"west":{"uv":[9.5,4.0,11.0,6.0],"rotation":0,"texture":"#0","tintindex":0},"up":{"uv":[12.0,1.5,10.5,0.0],"rotation":270,"texture":"#0","tintindex":0},"down":{"uv":[12.0,1.5,10.5,3.0],"rotation":90,"texture":"#0","tintindex":0}}}],"display":{"head":{"translation":[0.0,-6.4,0.0],"scale":[4.0,4.0,4.0]}}}