{"textures":{"0":"modelengine:entity/skog_pet_birch"},"elements":[{"from":[7.439144,6.226541,7.024931],"to":[8.582002,8.512255,8.167788],"rotation":{"angle":45.0,"axis":"x","origin":[8.010573,7.369398,7.310645]},"faces":{"east":{"uv":[11.5,8.0,12.5,10.0],"rotation":0,"texture":"#0","tintindex":0},"south":{"uv":[0.0,12.0,1.0,14.0],"rotation":0,"texture":"#0","tintindex":0},"north":{"uv":[11.0,11.0,12.0,13.0],"rotation":0,"texture":"#0","tintindex":0},"west":{"uv":[10.0,11.0,11.0,13.0],"rotation":0,"texture":"#0","tintindex":0},"up":{"uv":[4.0,14.0,3.0,13.0],"rotation":270,"texture":"#0","tintindex":0},"down":{"uv":[9.5,13.0,8.5,14.0],"rotation":90,"texture":"#0","tintindex":0}}},{"from":[7.15343,5.9408264,5.8820734],"to":[8.867716,7.083684,7.5963593],"rotation":{"angle":0.0,"axis":"y","origin":[8.010573,7.369398,7.310645]},"faces":{"east":{"uv":[12.5,8.0,14.0,9.0],"rotation":0,"texture":"#0","tintindex":0},"south":{"uv":[12.5,9.0,14.0,10.0],"rotation":0,"texture":"#0","tintindex":0},"north":{"uv":[12.5,3.0,14.0,4.0],"rotation":0,"texture":"#0","tintindex":0},"west":{"uv":[12.0,12.0,13.5,13.0],"rotation":0,"texture":"#0","tintindex":0},"up":{"uv":[4.5,12.0,3.0,10.5],"rotation":270,"texture":"#0","tintindex":0},"down":{"uv":[6.0,10.5,4.5,12.0],"rotation":90,"texture":"#0","tintindex":0}}}],"display":{"head":{"translation":[0.0,-6.4,0.0],"scale":[4.0,4.0,4.0]}}}