{"textures":{"0":"modelengine:entity/skog_pet_birch"},"elements":[{"from":[6.285714,6.428571,6.857143],"to":[6.857143,9.285714,9.142858],"rotation":{"angle":0.0,"axis":"y","origin":[10.285714,7.0,8.0]},"faces":{"east":{"uv":[6.0,6.0,8.0,8.5],"rotation":0,"texture":"#0","tintindex":0},"south":{"uv":[6.0,12.5,6.5,15.0],"rotation":0,"texture":"#0","tintindex":0},"north":{"uv":[9.5,12.0,10.0,14.5],"rotation":0,"texture":"#0","tintindex":0},"west":{"uv":[4.0,6.0,6.0,8.5],"rotation":0,"texture":"#0","tintindex":0},"up":{"uv":[15.0,4.5,13.0,4.0],"rotation":270,"texture":"#0","tintindex":0},"down":{"uv":[15.0,4.5,13.0,5.0],"rotation":90,"texture":"#0","tintindex":0}}},{"from":[6.857143,6.428571,6.857143],"to":[8.0,8.714286,9.142858],"rotation":{"angle":0.0,"axis":"y","origin":[10.285714,7.0,8.0]},"faces":{"east":{"uv":[7.0,2.0,9.0,4.0],"rotation":0,"texture":"#0","tintindex":0},"south":{"uv":[6.0,10.5,7.0,12.5],"rotation":0,"texture":"#0","tintindex":0},"north":{"uv":[7.0,4.0,8.0,6.0],"rotation":0,"texture":"#0","tintindex":0},"west":{"uv":[7.0,0.0,9.0,2.0],"rotation":0,"texture":"#0","tintindex":0},"up":{"uv":[12.5,4.0,10.5,3.0],"rotation":270,"texture":"#0","tintindex":0},"down":{"uv":[13.0,4.0,11.0,5.0],"rotation":90,"texture":"#0","tintindex":0}}},{"from":[6.857143,4.714286,8.0],"to":[7.428571,6.428571,9.142858],"rotation":{"angle":0.0,"axis":"y","origin":[10.285714,7.0,8.0]},"faces":{"east":{"uv":[5.0,12.0,6.0,13.5],"rotation":0,"texture":"#0","tintindex":0},"south":{"uv":[12.0,13.0,12.5,14.5],"rotation":0,"texture":"#0","tintindex":0},"north":{"uv":[11.5,13.0,12.0,14.5],"rotation":0,"texture":"#0","tintindex":0},"west":{"uv":[4.0,12.0,5.0,13.5],"rotation":0,"texture":"#0","tintindex":0},"up":{"uv":[13.5,13.5,12.5,13.0],"rotation":270,"texture":"#0","tintindex":0},"down":{"uv":[14.5,0.0,13.5,0.5],"rotation":90,"texture":"#0","tintindex":0}}}],"display":{"head":{"translation":[0.0,-6.4,0.0],"scale":[4.0,4.0,4.0]}}}