{"textures":{"0":"modelengine:entity/tiamat_pillar"},"elements":[{"from":[5.142857,6.857143,5.142857],"to":[10.857143,10.285714,6.857143],"rotation":{"angle":0.0,"axis":"y","origin":[8.0,-13.1428585,8.0]},"faces":{"east":{"uv":[2.125,4.25,2.5,5.0],"rotation":0,"texture":"#0","tintindex":0},"south":{"uv":[2.5,4.25,3.75,5.0],"rotation":0,"texture":"#0","tintindex":0},"north":{"uv":[0.0,4.25,1.25,5.0],"rotation":0,"texture":"#0","tintindex":0},"west":{"uv":[3.75,4.25,4.125,5.0],"rotation":0,"texture":"#0","tintindex":0},"up":{"uv":[1.25,8.75,2.5,9.125],"rotation":0,"texture":"#0","tintindex":0},"down":{"uv":[2.5,7.5,3.75,7.875],"rotation":0,"texture":"#0","tintindex":0}}},{"from":[9.142858,8.0,6.857143],"to":[10.857143,10.285714,9.142858],"rotation":{"angle":0.0,"axis":"y","origin":[8.0,-13.1428585,8.0]},"faces":{"east":{"uv":[1.625,4.25,2.125,4.75],"rotation":0,"texture":"#0","tintindex":0},"south":{"uv":[2.875,4.25,3.25,4.75],"rotation":0,"texture":"#0","tintindex":0},"north":{"uv":[0.375,4.25,0.75,4.75],"rotation":0,"texture":"#0","tintindex":0},"west":{"uv":[4.125,4.25,4.625,4.75],"rotation":0,"texture":"#0","tintindex":0},"up":{"uv":[1.25,8.75,1.625,9.25],"rotation":0,"texture":"#0","tintindex":0},"down":{"uv":[2.5,7.5,2.875,8.0],"rotation":0,"texture":"#0","tintindex":0}}},{"from":[9.142858,8.0,9.142858],"to":[10.857143,10.285714,10.857143],"rotation":{"angle":0.0,"axis":"y","origin":[8.0,-13.1428585,8.0]},"faces":{"east":{"uv":[1.25,4.25,1.625,4.75],"rotation":0,"texture":"#0","tintindex":0},"south":{"uv":[3.375,4.25,3.75,4.75],"rotation":0,"texture":"#0","tintindex":0},"north":{"uv":[0.875,4.25,1.25,4.75],"rotation":0,"texture":"#0","tintindex":0},"west":{"uv":[4.625,4.25,5.0,4.75],"rotation":0,"texture":"#0","tintindex":0},"up":{"uv":[1.25,8.75,1.625,9.125],"rotation":0,"texture":"#0","tintindex":0},"down":{"uv":[2.5,7.5,2.875,7.875],"rotation":0,"texture":"#0","tintindex":0}}},{"from":[5.142857,8.0,6.857143],"to":[9.142858,10.285714,10.857143],"rotation":{"angle":0.0,"axis":"y","origin":[8.0,-13.1428585,8.0]},"faces":{"east":{"uv":[1.625,4.25,2.5,4.75],"rotation":0,"texture":"#0","tintindex":0},"south":{"uv":[2.5,4.25,3.375,4.75],"rotation":0,"texture":"#0","tintindex":0},"north":{"uv":[0.375,4.25,1.25,4.75],"rotation":0,"texture":"#0","tintindex":0},"west":{"uv":[4.125,4.25,5.0,4.75],"rotation":0,"texture":"#0","tintindex":0},"up":{"uv":[1.25,8.75,2.125,9.625],"rotation":0,"texture":"#0","tintindex":0},"down":{"uv":[2.5,7.5,3.375,8.375],"rotation":0,"texture":"#0","tintindex":0}}},{"from":[5.142857,6.857143,6.857143],"to":[10.857143,8.0,9.142858],"rotation":{"angle":0.0,"axis":"y","origin":[8.0,-13.1428585,8.0]},"faces":{"east":{"uv":[1.625,4.75,2.125,5.0],"rotation":0,"texture":"#0","tintindex":0},"south":{"uv":[2.5,4.75,3.75,5.0],"rotation":0,"texture":"#0","tintindex":0},"north":{"uv":[0.0,4.75,1.25,5.0],"rotation":0,"texture":"#0","tintindex":0},"west":{"uv":[4.125,4.75,4.625,5.0],"rotation":0,"texture":"#0","tintindex":0},"up":{"uv":[1.25,8.75,2.5,9.25],"rotation":0,"texture":"#0","tintindex":0},"down":{"uv":[2.5,7.5,3.75,8.0],"rotation":0,"texture":"#0","tintindex":0}}},{"from":[5.142857,10.285714,5.142857],"to":[10.857143,22.857143,10.857143],"rotation":{"angle":0.0,"axis":"y","origin":[8.0,-13.1428585,8.0]},"faces":{"east":{"uv":[1.25,1.5,2.5,4.25],"rotation":0,"texture":"#0","tintindex":0},"south":{"uv":[2.5,1.5,3.75,4.25],"rotation":0,"texture":"#0","tintindex":0},"north":{"uv":[0.0,1.5,1.25,4.25],"rotation":0,"texture":"#0","tintindex":0},"west":{"uv":[3.75,1.5,5.0,4.25],"rotation":0,"texture":"#0","tintindex":0},"up":{"uv":[1.25,8.75,2.5,10.0],"rotation":0,"texture":"#0","tintindex":0},"down":{"uv":[2.5,7.5,3.75,8.75],"rotation":0,"texture":"#0","tintindex":0}}}],"display":{"head":{"translation":[0.0,-6.4,0.0],"scale":[4.0,4.0,4.0]}}}