{"textures":{"0":"modelengine:entity/tiamat_pillar"},"elements":[{"from":[5.142857,8.0,5.142857],"to":[10.857143,14.857143,10.857143],"rotation":{"angle":0.0,"axis":"y","origin":[8.0,-28.0,8.0]},"faces":{"east":{"uv":[1.25,0.0,2.5,1.5],"rotation":0,"texture":"#0","tintindex":0},"south":{"uv":[2.5,0.0,3.75,1.5],"rotation":0,"texture":"#0","tintindex":0},"north":{"uv":[0.0,0.0,1.25,1.5],"rotation":0,"texture":"#0","tintindex":0},"west":{"uv":[3.75,0.0,5.0,1.5],"rotation":0,"texture":"#0","tintindex":0},"up":{"uv":[1.25,8.75,2.5,10.0],"rotation":0,"texture":"#0","tintindex":0},"down":{"uv":[2.5,7.5,3.75,8.75],"rotation":0,"texture":"#0","tintindex":0}}},{"from":[3.4285712,14.857143,3.4285712],"to":[12.571428,17.142857,12.571428],"rotation":{"angle":0.0,"axis":"y","origin":[8.0,-28.0,8.0]},"faces":{"east":{"uv":[8.5,1.0,10.5,1.5],"rotation":0,"texture":"#0","tintindex":0},"south":{"uv":[8.5,1.5,10.5,2.0],"rotation":0,"texture":"#0","tintindex":0},"north":{"uv":[8.5,0.5,10.5,1.0],"rotation":0,"texture":"#0","tintindex":0},"west":{"uv":[8.5,2.0,10.5,2.5],"rotation":0,"texture":"#0","tintindex":0},"up":{"uv":[7.0,6.0,5.0,4.0],"rotation":0,"texture":"#0","tintindex":0},"down":{"uv":[7.0,6.0,5.0,8.0],"rotation":0,"texture":"#0","tintindex":0}}}],"display":{"head":{"translation":[0.0,-6.4,0.0],"scale":[4.0,4.0,4.0]}}}