{"textures":{"0":"modelengine:entity/voras_tombstone"},"elements":[{"from":[0.0,7.107143,8.571427],"to":[16.0,8.821428,24.0],"rotation":{"angle":0.0,"axis":"y","origin":[8.0,8.107142,42.0]},"faces":{"east":{"uv":[5.5,7.5,8.875,7.875],"rotation":0,"texture":"#0","tintindex":0},"south":{"uv":[0.0,7.375,3.5,7.75],"rotation":0,"texture":"#0","tintindex":0},"north":{"uv":[5.5,7.125,9.0,7.5],"rotation":0,"texture":"#0","tintindex":0},"west":{"uv":[0.0,7.75,3.375,8.125],"rotation":0,"texture":"#0","tintindex":0},"up":{"uv":[3.5,3.375,0.0,0.0],"rotation":0,"texture":"#0","tintindex":0},"down":{"uv":[3.5,3.375,0.0,6.75],"rotation":0,"texture":"#0","tintindex":0}}},{"from":[-2.8571434,5.964286,3.999998],"to":[18.857143,10.535714,8.571427],"rotation":{"angle":0.0,"axis":"y","origin":[8.0,8.107142,42.0]},"faces":{"east":{"uv":[8.25,0.625,9.25,1.625],"rotation":0,"texture":"#0","tintindex":0},"south":{"uv":[3.5,1.0,8.25,2.0],"rotation":0,"texture":"#0","tintindex":0},"north":{"uv":[3.5,0.0,8.25,1.0],"rotation":0,"texture":"#0","tintindex":0},"west":{"uv":[8.25,1.625,9.25,2.625],"rotation":0,"texture":"#0","tintindex":0},"up":{"uv":[8.25,3.0,3.5,2.0],"rotation":0,"texture":"#0","tintindex":0},"down":{"uv":[8.25,3.0,3.5,4.0],"rotation":0,"texture":"#0","tintindex":0}}},{"from":[2.2857141,7.107143,24.0],"to":[13.714286,8.821428,29.714285],"rotation":{"angle":0.0,"axis":"y","origin":[8.0,8.107142,42.0]},"faces":{"east":{"uv":[8.25,3.375,9.5,3.75],"rotation":0,"texture":"#0","tintindex":0},"south":{"uv":[8.25,3.0,10.75,3.375],"rotation":0,"texture":"#0","tintindex":0},"north":{"uv":[8.25,2.625,10.75,3.0],"rotation":0,"texture":"#0","tintindex":0},"west":{"uv":[7.5,8.5,8.75,8.875],"rotation":0,"texture":"#0","tintindex":0},"up":{"uv":[6.0,5.25,3.5,4.0],"rotation":0,"texture":"#0","tintindex":0},"down":{"uv":[6.0,5.25,3.5,6.5],"rotation":0,"texture":"#0","tintindex":0}}},{"from":[13.714286,6.535714,24.0],"to":[16.0,9.392858,32.0],"rotation":{"angle":0.0,"axis":"y","origin":[8.0,8.107142,42.0]},"faces":{"east":{"uv":[8.0,7.875,9.75,8.5],"rotation":0,"texture":"#0","tintindex":0},"south":{"uv":[3.0,6.75,3.5,7.375],"rotation":0,"texture":"#0","tintindex":0},"north":{"uv":[2.5,6.75,3.0,7.375],"rotation":0,"texture":"#0","tintindex":0},"west":{"uv":[0.0,8.125,1.75,8.75],"rotation":0,"texture":"#0","tintindex":0},"up":{"uv":[6.0,10.125,5.5,8.375],"rotation":0,"texture":"#0","tintindex":0},"down":{"uv":[6.5,8.375,6.0,10.125],"rotation":0,"texture":"#0","tintindex":0}}},{"from":[0.0,6.535714,24.0],"to":[2.2857141,9.392858,32.0],"rotation":{"angle":0.0,"axis":"y","origin":[8.0,8.107142,42.0]},"faces":{"east":{"uv":[1.75,8.125,3.5,8.75],"rotation":0,"texture":"#0","tintindex":0},"south":{"uv":[0.5,8.75,1.0,9.375],"rotation":0,"texture":"#0","tintindex":0},"north":{"uv":[0.0,8.75,0.5,9.375],"rotation":0,"texture":"#0","tintindex":0},"west":{"uv":[8.25,0.0,10.0,0.625],"rotation":0,"texture":"#0","tintindex":0},"up":{"uv":[7.0,10.125,6.5,8.375],"rotation":0,"texture":"#0","tintindex":0},"down":{"uv":[7.5,8.375,7.0,10.125],"rotation":0,"texture":"#0","tintindex":0}}},{"from":[2.2857141,6.535714,29.714285],"to":[13.714286,9.392858,32.0],"rotation":{"angle":0.0,"axis":"y","origin":[8.0,8.107142,42.0]},"faces":{"east":{"uv":[1.0,8.75,1.5,9.375],"rotation":0,"texture":"#0","tintindex":0},"south":{"uv":[0.0,6.75,2.5,7.375],"rotation":0,"texture":"#0","tintindex":0},"north":{"uv":[5.5,6.5,8.0,7.125],"rotation":0,"texture":"#0","tintindex":0},"west":{"uv":[1.5,8.75,2.0,9.375],"rotation":0,"texture":"#0","tintindex":0},"up":{"uv":[8.0,8.375,5.5,7.875],"rotation":0,"texture":"#0","tintindex":0},"down":{"uv":[10.5,6.5,8.0,7.0],"rotation":0,"texture":"#0","tintindex":0}}},{"from":[-2.285715,6.535714,8.571427],"to":[0.0,9.392858,26.285713],"rotation":{"angle":0.0,"axis":"y","origin":[8.0,8.107142,42.0]},"faces":{"east":{"uv":[6.0,4.0,9.875,4.625],"rotation":0,"texture":"#0","tintindex":0},"south":{"uv":[2.5,8.75,3.0,9.375],"rotation":0,"texture":"#0","tintindex":0},"north":{"uv":[2.0,8.75,2.5,9.375],"rotation":0,"texture":"#0","tintindex":0},"west":{"uv":[6.0,4.625,9.875,5.25],"rotation":0,"texture":"#0","tintindex":0},"up":{"uv":[4.0,10.375,3.5,6.5],"rotation":0,"texture":"#0","tintindex":0},"down":{"uv":[4.5,6.5,4.0,10.375],"rotation":0,"texture":"#0","tintindex":0}}},{"from":[16.0,6.535714,8.571427],"to":[18.285715,9.392858,26.285713],"rotation":{"angle":0.0,"axis":"y","origin":[8.0,8.107142,42.0]},"faces":{"east":{"uv":[6.0,5.25,9.875,5.875],"rotation":0,"texture":"#0","tintindex":0},"south":{"uv":[8.75,8.5,9.25,9.125],"rotation":0,"texture":"#0","tintindex":0},"north":{"uv":[3.0,8.75,3.5,9.375],"rotation":0,"texture":"#0","tintindex":0},"west":{"uv":[6.0,5.875,9.875,6.5],"rotation":0,"texture":"#0","tintindex":0},"up":{"uv":[5.0,10.375,4.5,6.5],"rotation":0,"texture":"#0","tintindex":0},"down":{"uv":[5.5,6.5,5.0,10.375],"rotation":0,"texture":"#0","tintindex":0}}}],"display":{"head":{"translation":[0.0,-6.4,1.2857208],"scale":[4.0,4.0,4.0]}}}