{"textures":{"0":"modelengine:entity/turret"},"elements":[{"from":[3.7286434,9.79797,7.714286],"to":[7.7286434,10.369398,8.857143],"rotation":{"angle":45.0,"axis":"z","origin":[6.5857863,10.655112,8.571428]},"faces":{"east":{"uv":[12.5,1.0,13.5,1.5],"rotation":0,"texture":"#0","tintindex":0},"south":{"uv":[11.5,11.5,15.0,12.0],"rotation":0,"texture":"#0","tintindex":0},"north":{"uv":[11.5,11.0,15.0,11.5],"rotation":0,"texture":"#0","tintindex":0},"west":{"uv":[12.5,1.5,13.5,2.0],"rotation":0,"texture":"#0","tintindex":0},"up":{"uv":[14.5,6.0,11.0,5.0],"rotation":0,"texture":"#0","tintindex":0},"down":{"uv":[14.5,6.0,11.0,7.0],"rotation":0,"texture":"#0","tintindex":0}}},{"from":[8.842785,9.79797,7.714286],"to":[12.842785,10.369398,8.857143],"rotation":{"angle":-45.0,"axis":"z","origin":[9.985642,10.655112,8.571428]},"faces":{"east":{"uv":[13.5,1.5,12.5,2.0],"rotation":0,"texture":"#0","tintindex":0},"south":{"uv":[15.0,11.5,11.5,12.0],"rotation":0,"texture":"#0","tintindex":0},"north":{"uv":[15.0,11.0,11.5,11.5],"rotation":0,"texture":"#0","tintindex":0},"west":{"uv":[13.5,1.0,12.5,1.5],"rotation":0,"texture":"#0","tintindex":0},"up":{"uv":[11.0,6.0,14.5,5.0],"rotation":0,"texture":"#0","tintindex":0},"down":{"uv":[11.0,6.0,14.5,7.0],"rotation":0,"texture":"#0","tintindex":0}}},{"from":[7.714286,9.79797,8.842785],"to":[8.857143,10.369398,12.842785],"rotation":{"angle":45.0,"axis":"x","origin":[8.0,10.655112,9.985642]},"faces":{"east":{"uv":[15.0,11.0,11.5,11.5],"rotation":0,"texture":"#0","tintindex":0},"south":{"uv":[13.5,1.5,12.5,2.0],"rotation":0,"texture":"#0","tintindex":0},"north":{"uv":[13.5,1.0,12.5,1.5],"rotation":0,"texture":"#0","tintindex":0},"west":{"uv":[15.0,11.5,11.5,12.0],"rotation":0,"texture":"#0","tintindex":0},"up":{"uv":[11.0,6.0,14.5,5.0],"rotation":90,"texture":"#0","tintindex":0},"down":{"uv":[11.0,6.0,14.5,7.0],"rotation":270,"texture":"#0","tintindex":0}}},{"from":[7.714286,9.79797,3.7286434],"to":[8.857143,10.369398,7.7286434],"rotation":{"angle":-45.0,"axis":"x","origin":[8.0,10.655112,6.5857863]},"faces":{"east":{"uv":[11.5,11.0,15.0,11.5],"rotation":0,"texture":"#0","tintindex":0},"south":{"uv":[12.5,1.0,13.5,1.5],"rotation":0,"texture":"#0","tintindex":0},"north":{"uv":[12.5,1.5,13.5,2.0],"rotation":0,"texture":"#0","tintindex":0},"west":{"uv":[11.5,11.5,15.0,12.0],"rotation":0,"texture":"#0","tintindex":0},"up":{"uv":[14.5,6.0,11.0,5.0],"rotation":90,"texture":"#0","tintindex":0},"down":{"uv":[14.5,6.0,11.0,7.0],"rotation":270,"texture":"#0","tintindex":0}}},{"from":[4.6001444,8.028716,7.714286],"to":[5.1715727,8.600144,8.857143],"rotation":{"angle":0.0,"axis":"y","origin":[4.0287156,8.885859,8.571428]},"faces":{"east":{"uv":[12.5,2.0,13.5,2.5],"rotation":0,"texture":"#0","tintindex":0},"south":{"uv":[4.0,12.5,4.5,13.0],"rotation":0,"texture":"#0","tintindex":0},"north":{"uv":[3.5,12.5,4.0,13.0],"rotation":0,"texture":"#0","tintindex":0},"west":{"uv":[12.5,2.5,13.5,3.0],"rotation":0,"texture":"#0","tintindex":0},"up":{"uv":[3.5,13.5,3.0,12.5],"rotation":0,"texture":"#0","tintindex":0},"down":{"uv":[13.0,3.0,12.5,4.0],"rotation":0,"texture":"#0","tintindex":0}}},{"from":[11.399856,8.028716,7.714286],"to":[11.971285,8.600144,8.857143],"rotation":{"angle":0.0,"axis":"y","origin":[12.542713,8.885859,8.571428]},"faces":{"east":{"uv":[13.5,2.5,12.5,3.0],"rotation":0,"texture":"#0","tintindex":0},"south":{"uv":[4.5,12.5,4.0,13.0],"rotation":0,"texture":"#0","tintindex":0},"north":{"uv":[4.0,12.5,3.5,13.0],"rotation":0,"texture":"#0","tintindex":0},"west":{"uv":[13.5,2.0,12.5,2.5],"rotation":0,"texture":"#0","tintindex":0},"up":{"uv":[3.0,13.5,3.5,12.5],"rotation":0,"texture":"#0","tintindex":0},"down":{"uv":[12.5,3.0,13.0,4.0],"rotation":0,"texture":"#0","tintindex":0}}},{"from":[7.714286,8.028716,11.399856],"to":[8.857143,8.600144,11.971285],"rotation":{"angle":0.0,"axis":"y","origin":[8.0,8.885859,12.542713]},"faces":{"east":{"uv":[4.0,12.5,3.5,13.0],"rotation":0,"texture":"#0","tintindex":0},"south":{"uv":[13.5,2.5,12.5,3.0],"rotation":0,"texture":"#0","tintindex":0},"north":{"uv":[13.5,2.0,12.5,2.5],"rotation":0,"texture":"#0","tintindex":0},"west":{"uv":[4.5,12.5,4.0,13.0],"rotation":0,"texture":"#0","tintindex":0},"up":{"uv":[3.0,13.5,3.5,12.5],"rotation":90,"texture":"#0","tintindex":0},"down":{"uv":[12.5,3.0,13.0,4.0],"rotation":270,"texture":"#0","tintindex":0}}},{"from":[7.714286,8.028716,4.6001444],"to":[8.857143,8.600144,5.1715727],"rotation":{"angle":0.0,"axis":"y","origin":[8.0,8.885859,4.0287156]},"faces":{"east":{"uv":[3.5,12.5,4.0,13.0],"rotation":0,"texture":"#0","tintindex":0},"south":{"uv":[12.5,2.0,13.5,2.5],"rotation":0,"texture":"#0","tintindex":0},"north":{"uv":[12.5,2.5,13.5,3.0],"rotation":0,"texture":"#0","tintindex":0},"west":{"uv":[4.0,12.5,4.5,13.0],"rotation":0,"texture":"#0","tintindex":0},"up":{"uv":[3.5,13.5,3.0,12.5],"rotation":90,"texture":"#0","tintindex":0},"down":{"uv":[13.0,3.0,12.5,4.0],"rotation":270,"texture":"#0","tintindex":0}}},{"from":[7.428571,10.857143,7.428571],"to":[9.142858,11.428572,9.142858],"rotation":{"angle":0.0,"axis":"y","origin":[8.0,8.0,8.0]},"faces":{"east":{"uv":[12.0,12.0,13.5,12.5],"rotation":0,"texture":"#0","tintindex":0},"south":{"uv":[12.5,0.0,14.0,0.5],"rotation":0,"texture":"#0","tintindex":0},"north":{"uv":[12.0,10.0,13.5,10.5],"rotation":0,"texture":"#0","tintindex":0},"west":{"uv":[12.5,0.5,14.0,1.0],"rotation":0,"texture":"#0","tintindex":0},"up":{"uv":[12.5,8.5,11.0,7.0],"rotation":0,"texture":"#0","tintindex":0},"down":{"uv":[1.5,11.5,0.0,13.0],"rotation":0,"texture":"#0","tintindex":0}}}],"display":{"head":{"translation":[0.0,-6.4,0.0],"scale":[4.0,4.0,4.0]}}}