{"textures":{"0":"modelengine:entity/skog_bonsaid"},"elements":[{"from":[6.342857,8.514286,7.4857144],"to":[9.142858,10.114286,9.085714],"rotation":{"angle":0.0,"axis":"y","origin":[7.142857,5.714286,8.285714]},"faces":{"east":{"uv":[7.0,6.25,7.75,7.0],"rotation":0,"texture":"#0","tintindex":0},"south":{"uv":[7.0,0.0,8.25,0.75],"rotation":0,"texture":"#0","tintindex":0},"north":{"uv":[4.5,6.75,5.75,7.5],"rotation":0,"texture":"#0","tintindex":0},"west":{"uv":[7.0,7.0,7.75,7.75],"rotation":0,"texture":"#0","tintindex":0},"up":{"uv":[8.25,5.5,7.0,4.75],"rotation":0,"texture":"#0","tintindex":0},"down":{"uv":[8.25,5.5,7.0,6.25],"rotation":0,"texture":"#0","tintindex":0}}},{"from":[4.342857,8.914286,8.285714],"to":[7.142857,9.714286,9.085714],"rotation":{"angle":22.5,"axis":"y","origin":[6.742857,4.9142857,8.685715]},"faces":{"east":{"uv":[6.5,5.0,6.75,5.25],"rotation":0,"texture":"#0","tintindex":0},"south":{"uv":[7.5,1.25,8.75,1.5],"rotation":0,"texture":"#0","tintindex":0},"north":{"uv":[4.5,3.75,5.75,4.0],"rotation":0,"texture":"#0","tintindex":0},"west":{"uv":[6.75,5.0,7.0,5.25],"rotation":0,"texture":"#0","tintindex":0},"up":{"uv":[8.75,1.75,7.5,1.5],"rotation":0,"texture":"#0","tintindex":0},"down":{"uv":[8.75,1.75,7.5,2.0],"rotation":0,"texture":"#0","tintindex":0}}},{"from":[4.342857,9.714286,8.485714],"to":[4.742857,10.514286,8.885715],"rotation":{"angle":22.5,"axis":"y","origin":[6.742857,4.9142857,8.685715]},"faces":{"east":{"uv":[3.25,7.5,3.5,7.75],"rotation":0,"texture":"#0","tintindex":0},"south":{"uv":[4.5,7.5,4.75,7.75],"rotation":0,"texture":"#0","tintindex":0},"north":{"uv":[3.0,7.5,3.25,7.75],"rotation":0,"texture":"#0","tintindex":0},"west":{"uv":[4.75,7.5,5.0,7.75],"rotation":0,"texture":"#0","tintindex":0},"up":{"uv":[5.25,7.75,5.0,7.5],"rotation":0,"texture":"#0","tintindex":0},"down":{"uv":[5.5,7.5,5.25,7.75],"rotation":0,"texture":"#0","tintindex":0}}},{"from":[2.742857,8.914286,8.685715],"to":[5.942857,10.514286,8.685715],"rotation":{"angle":22.5,"axis":"y","origin":[6.742857,4.9142857,8.685715]},"faces":{"east":{"uv":[0.0,0.0,0.0,0.75],"rotation":0,"texture":"#0","tintindex":0},"south":{"uv":[6.5,2.5,8.0,3.25],"rotation":0,"texture":"#0","tintindex":0},"north":{"uv":[2.0,6.5,3.5,7.25],"rotation":0,"texture":"#0","tintindex":0},"west":{"uv":[0.0,0.0,0.0,0.75],"rotation":0,"texture":"#0","tintindex":0},"up":{"uv":[1.5,0.0,0.0,0.0],"rotation":0,"texture":"#0","tintindex":0},"down":{"uv":[1.5,0.0,0.0,0.0],"rotation":0,"texture":"#0","tintindex":0}}},{"from":[2.142857,10.514286,6.285714],"to":[6.942857,12.114286,11.085714],"rotation":{"angle":22.5,"axis":"y","origin":[6.742857,4.9142857,8.685715]},"faces":{"east":{"uv":[0.0,5.75,2.0,6.5],"rotation":0,"texture":"#0","tintindex":0},"south":{"uv":[2.0,5.75,4.0,6.5],"rotation":0,"texture":"#0","tintindex":0},"north":{"uv":[4.0,5.25,6.0,6.0],"rotation":0,"texture":"#0","tintindex":0},"west":{"uv":[4.0,6.0,6.0,6.75],"rotation":0,"texture":"#0","tintindex":0},"up":{"uv":[4.5,2.0,2.5,0.0],"rotation":0,"texture":"#0","tintindex":0},"down":{"uv":[4.5,2.0,2.5,4.0],"rotation":0,"texture":"#0","tintindex":0}}},{"from":[4.542857,8.914286,6.6857142],"to":[4.542857,10.514286,10.285714],"rotation":{"angle":22.5,"axis":"y","origin":[6.742857,4.9142857,8.685715]},"faces":{"east":{"uv":[6.5,3.25,8.0,4.0],"rotation":0,"texture":"#0","tintindex":0},"south":{"uv":[0.0,0.0,0.0,0.75],"rotation":0,"texture":"#0","tintindex":0},"north":{"uv":[0.0,0.0,0.0,0.75],"rotation":0,"texture":"#0","tintindex":0},"west":{"uv":[6.5,4.0,8.0,4.75],"rotation":0,"texture":"#0","tintindex":0},"up":{"uv":[0.0,1.5,0.0,0.0],"rotation":0,"texture":"#0","tintindex":0},"down":{"uv":[0.0,0.0,0.0,1.5],"rotation":0,"texture":"#0","tintindex":0}}},{"from":[6.342857,11.714286,5.885714],"to":[11.942858,14.514286,10.285714],"rotation":{"angle":-45.0,"axis":"y","origin":[7.142857,5.714286,8.285714]},"faces":{"east":{"uv":[4.5,1.25,6.5,2.5],"rotation":0,"texture":"#0","tintindex":0},"south":{"uv":[4.5,0.0,7.0,1.25],"rotation":0,"texture":"#0","tintindex":0},"north":{"uv":[4.0,4.0,6.5,5.25],"rotation":0,"texture":"#0","tintindex":0},"west":{"uv":[4.5,2.5,6.5,3.75],"rotation":0,"texture":"#0","tintindex":0},"up":{"uv":[2.5,2.0,0.0,0.0],"rotation":0,"texture":"#0","tintindex":0},"down":{"uv":[2.5,2.0,0.0,4.0],"rotation":0,"texture":"#0","tintindex":0}}},{"from":[7.542857,9.714286,7.6857142],"to":[9.542857,10.514286,8.885715],"rotation":{"angle":-45.0,"axis":"y","origin":[7.142857,4.9142857,8.485714]},"faces":{"east":{"uv":[3.5,6.5,4.0,6.75],"rotation":0,"texture":"#0","tintindex":0},"south":{"uv":[2.75,7.25,3.5,7.5],"rotation":0,"texture":"#0","tintindex":0},"north":{"uv":[5.75,3.75,6.5,4.0],"rotation":0,"texture":"#0","tintindex":0},"west":{"uv":[6.5,4.75,7.0,5.0],"rotation":0,"texture":"#0","tintindex":0},"up":{"uv":[7.75,1.25,7.0,0.75],"rotation":0,"texture":"#0","tintindex":0},"down":{"uv":[2.75,7.25,2.0,7.75],"rotation":0,"texture":"#0","tintindex":0}}},{"from":[8.602858,10.514286,7.885714],"to":[9.402857,11.714286,8.685715],"rotation":{"angle":-45.0,"axis":"y","origin":[7.142857,4.9142857,8.685715]},"faces":{"east":{"uv":[5.75,7.25,6.0,7.75],"rotation":0,"texture":"#0","tintindex":0},"south":{"uv":[7.5,2.0,7.75,2.5],"rotation":0,"texture":"#0","tintindex":0},"north":{"uv":[5.75,6.75,6.0,7.25],"rotation":0,"texture":"#0","tintindex":0},"west":{"uv":[2.75,7.5,3.0,8.0],"rotation":0,"texture":"#0","tintindex":0},"up":{"uv":[5.75,7.75,5.5,7.5],"rotation":0,"texture":"#0","tintindex":0},"down":{"uv":[6.25,7.5,6.0,7.75],"rotation":0,"texture":"#0","tintindex":0}}},{"from":[7.542857,6.9142857,7.0857143],"to":[9.942858,9.714286,9.485714],"rotation":{"angle":0.0,"axis":"y","origin":[7.142857,5.714286,8.285714]},"faces":{"east":{"uv":[0.0,6.5,1.0,7.75],"rotation":0,"texture":"#0","tintindex":0},"south":{"uv":[1.0,6.5,2.0,7.75],"rotation":0,"texture":"#0","tintindex":0},"north":{"uv":[6.0,5.25,7.0,6.5],"rotation":0,"texture":"#0","tintindex":0},"west":{"uv":[6.5,1.25,7.5,2.5],"rotation":0,"texture":"#0","tintindex":0},"up":{"uv":[7.0,7.5,6.0,6.5],"rotation":0,"texture":"#0","tintindex":0},"down":{"uv":[4.5,6.75,3.5,7.75],"rotation":0,"texture":"#0","tintindex":0}}},{"from":[9.542857,10.514286,8.085714],"to":[13.942858,14.514286,8.085714],"rotation":{"angle":-45.0,"axis":"y","origin":[7.142857,5.714286,8.285714]},"faces":{"east":{"uv":[0.0,0.0,0.0,1.75],"rotation":0,"texture":"#0","tintindex":0},"south":{"uv":[2.0,4.0,4.0,5.75],"rotation":0,"texture":"#0","tintindex":0},"north":{"uv":[0.0,4.0,2.0,5.75],"rotation":0,"texture":"#0","tintindex":0},"west":{"uv":[0.0,0.0,0.0,1.75],"rotation":0,"texture":"#0","tintindex":0},"up":{"uv":[2.0,0.0,0.0,0.0],"rotation":0,"texture":"#0","tintindex":0},"down":{"uv":[2.0,0.0,0.0,0.0],"rotation":0,"texture":"#0","tintindex":0}}}],"display":{"head":{"translation":[0.0,-6.4,0.0],"scale":[4.0,4.0,4.0]}}}