{"textures":{"1":"modelengine:entity/skog_pet"},"elements":[{"from":[8.132284,6.0,7.5820017],"to":[8.703712,7.142857,9.867716],"rotation":{"angle":0.0,"axis":"y","origin":[7.84657,8.0,8.15343]},"faces":{"east":{"uv":[13.0,7.0,11.0,8.0],"rotation":0,"texture":"#1","tintindex":0},"south":{"uv":[8.0,13.5,7.5,14.5],"rotation":0,"texture":"#1","tintindex":0},"north":{"uv":[7.5,13.5,7.0,14.5],"rotation":0,"texture":"#1","tintindex":0},"west":{"uv":[10.0,11.0,8.0,12.0],"rotation":0,"texture":"#1","tintindex":0},"up":{"uv":[8.5,13.0,6.5,13.5],"rotation":270,"texture":"#1","tintindex":0},"down":{"uv":[15.0,7.5,13.0,7.0],"rotation":90,"texture":"#1","tintindex":0}}},{"from":[7.5608554,6.285714,7.296287],"to":[9.275142,8.571428,9.010573],"rotation":{"angle":0.0,"axis":"y","origin":[7.5608554,8.0,8.15343]},"faces":{"east":{"uv":[11.0,4.0,9.5,6.0],"rotation":0,"texture":"#1","tintindex":0},"south":{"uv":[3.0,10.0,1.5,12.0],"rotation":0,"texture":"#1","tintindex":0},"north":{"uv":[11.0,6.0,9.5,8.0],"rotation":0,"texture":"#1","tintindex":0},"west":{"uv":[1.5,10.0,0.0,12.0],"rotation":0,"texture":"#1","tintindex":0},"up":{"uv":[12.0,0.0,10.5,1.5],"rotation":270,"texture":"#1","tintindex":0},"down":{"uv":[12.0,3.0,10.5,1.5],"rotation":90,"texture":"#1","tintindex":0}}}],"display":{"head":{"translation":[0.0,-6.4,0.0],"scale":[4.0,4.0,4.0]}}}