{"textures":{"1":"modelengine:entity/skog_pet"},"elements":[{"from":[9.142858,6.428571,6.857143],"to":[9.714286,9.285714,9.142858],"rotation":{"angle":0.0,"axis":"y","origin":[5.714286,7.0,8.0]},"faces":{"east":{"uv":[6.0,6.0,4.0,8.5],"rotation":0,"texture":"#1","tintindex":0},"south":{"uv":[6.5,12.5,6.0,15.0],"rotation":0,"texture":"#1","tintindex":0},"north":{"uv":[10.0,12.0,9.5,14.5],"rotation":0,"texture":"#1","tintindex":0},"west":{"uv":[8.0,6.0,6.0,8.5],"rotation":0,"texture":"#1","tintindex":0},"up":{"uv":[15.0,4.0,13.0,4.5],"rotation":270,"texture":"#1","tintindex":0},"down":{"uv":[15.0,5.0,13.0,4.5],"rotation":90,"texture":"#1","tintindex":0}}},{"from":[8.0,6.428571,6.857143],"to":[9.142858,8.714286,9.142858],"rotation":{"angle":0.0,"axis":"y","origin":[5.714286,7.0,8.0]},"faces":{"east":{"uv":[9.0,0.0,7.0,2.0],"rotation":0,"texture":"#1","tintindex":0},"south":{"uv":[7.0,10.5,6.0,12.5],"rotation":0,"texture":"#1","tintindex":0},"north":{"uv":[8.0,4.0,7.0,6.0],"rotation":0,"texture":"#1","tintindex":0},"west":{"uv":[9.0,2.0,7.0,4.0],"rotation":0,"texture":"#1","tintindex":0},"up":{"uv":[12.5,3.0,10.5,4.0],"rotation":270,"texture":"#1","tintindex":0},"down":{"uv":[13.0,5.0,11.0,4.0],"rotation":90,"texture":"#1","tintindex":0}}},{"from":[8.571428,4.714286,8.0],"to":[9.142858,6.428571,9.142858],"rotation":{"angle":0.0,"axis":"y","origin":[5.714286,7.0,8.0]},"faces":{"east":{"uv":[5.0,12.0,4.0,13.5],"rotation":0,"texture":"#1","tintindex":0},"south":{"uv":[12.5,13.0,12.0,14.5],"rotation":0,"texture":"#1","tintindex":0},"north":{"uv":[12.0,13.0,11.5,14.5],"rotation":0,"texture":"#1","tintindex":0},"west":{"uv":[6.0,12.0,5.0,13.5],"rotation":0,"texture":"#1","tintindex":0},"up":{"uv":[13.5,13.0,12.5,13.5],"rotation":270,"texture":"#1","tintindex":0},"down":{"uv":[14.5,0.5,13.5,0.0],"rotation":90,"texture":"#1","tintindex":0}}}],"display":{"head":{"translation":[0.0,-6.4,0.0],"scale":[4.0,4.0,4.0]}}}