{"textures":{"0":"modelengine:entity/warmdarner"},"elements":[{"from":[7.714286,7.484703,4.8880615],"to":[8.285714,8.056131,12.316633],"rotation":{"angle":0.0,"axis":"y","origin":[7.714286,7.484703,8.888062]},"faces":{"east":{"uv":[8.0,2.0,9.0,15.0],"rotation":90,"texture":"#0","tintindex":0},"south":{"uv":[7.0,14.0,8.0,15.0],"rotation":0,"texture":"#0","tintindex":0},"north":{"uv":[7.0,2.0,8.0,3.0],"rotation":0,"texture":"#0","tintindex":0},"west":{"uv":[7.0,15.0,8.0,2.0],"rotation":90,"texture":"#0","tintindex":0},"up":{"uv":[8.0,2.0,7.0,15.0],"rotation":0,"texture":"#0","tintindex":0},"down":{"uv":[9.0,15.0,8.0,2.0],"rotation":0,"texture":"#0","tintindex":0}}}],"display":{"head":{"translation":[0.0,-6.4,0.0],"scale":[4.0,4.0,4.0]}}}