{"textures":{"0":"modelengine:entity/warmdarner"},"elements":[{"from":[4.5714283,7.928571,7.142857],"to":[8.0,7.928571,10.0],"rotation":{"angle":-22.5,"axis":"z","origin":[8.0,8.0,7.428571]},"faces":{"east":{"uv":[0.0,0.0,2.5,0.0],"rotation":0,"texture":"#0","tintindex":0},"south":{"uv":[0.0,0.0,3.0,0.0],"rotation":0,"texture":"#0","tintindex":0},"north":{"uv":[0.0,0.0,3.0,0.0],"rotation":0,"texture":"#0","tintindex":0},"west":{"uv":[0.0,0.0,2.5,0.0],"rotation":0,"texture":"#0","tintindex":0},"up":{"uv":[1.0,7.0,7.0,12.0],"rotation":0,"texture":"#0","tintindex":0},"down":{"uv":[14.907408,12.0,9.0,7.0],"rotation":0,"texture":"#0","tintindex":0}}}],"display":{"head":{"translation":[0.0,-6.4,0.0],"scale":[4.0,4.0,4.0]}}}