{"textures":{"0":"modelengine:entity/warmdarner"},"elements":[{"from":[4.0,8.071428,4.285714],"to":[8.0,8.071428,7.714286],"rotation":{"angle":-45.0,"axis":"z","origin":[8.0,8.0,7.428571]},"faces":{"east":{"uv":[0.0,0.0,3.5,0.0],"rotation":0,"texture":"#0","tintindex":0},"south":{"uv":[0.0,0.0,4.0,0.0],"rotation":0,"texture":"#0","tintindex":0},"north":{"uv":[0.0,0.0,4.0,0.0],"rotation":0,"texture":"#0","tintindex":0},"west":{"uv":[0.0,0.0,3.5,0.0],"rotation":0,"texture":"#0","tintindex":0},"up":{"uv":[0.0,2.0,7.0,8.0],"rotation":0,"texture":"#0","tintindex":0},"down":{"uv":[16.0,8.0,9.0,2.0],"rotation":0,"texture":"#0","tintindex":0}}}],"display":{"head":{"translation":[0.0,-6.4,0.0],"scale":[4.0,4.0,4.0]}}}