{"textures":{"0":"modelengine:entity/warmdarner"},"elements":[{"from":[7.957143,7.928571,7.142857],"to":[11.385715,7.928571,10.0],"rotation":{"angle":22.5,"axis":"z","origin":[7.957143,8.0,7.428571]},"faces":{"east":{"uv":[2.5,0.0,0.0,0.0],"rotation":0,"texture":"#0","tintindex":0},"south":{"uv":[3.0,0.0,0.0,0.0],"rotation":0,"texture":"#0","tintindex":0},"north":{"uv":[3.0,0.0,0.0,0.0],"rotation":0,"texture":"#0","tintindex":0},"west":{"uv":[2.5,0.0,0.0,0.0],"rotation":0,"texture":"#0","tintindex":0},"up":{"uv":[7.0,7.0,1.0,12.0],"rotation":0,"texture":"#0","tintindex":0},"down":{"uv":[9.0,12.0,15.0,7.0],"rotation":0,"texture":"#0","tintindex":0}}}],"display":{"head":{"translation":[0.0,-6.4,0.0],"scale":[4.0,4.0,4.0]}}}